"","X","prolific_id","animacy_condtion","frame_content_condition","type","word_col","answers"
"1",3,"5f7e292bc98b530dc2c16c4d","inanimate","bleached","Emotion Adj?-Conserv","DAXY","1"
"2",7,"5f7e292bc98b530dc2c16c4d","inanimate","bleached","Emotion Adj?-Conserv","WILPY","0"
"3",11,"5f7e292bc98b530dc2c16c4d","inanimate","bleached","Emotion Adj?-Conserv","SPOOVY","1"
"4",15,"5f7e292bc98b530dc2c16c4d","inanimate","bleached","Emotion Adj?-Conserv","TROBY","1"
"5",19,"5f7e292bc98b530dc2c16c4d","inanimate","bleached","Emotion Adj?-Conserv","BRISPY","1"
"6",23,"5f7e292bc98b530dc2c16c4d","inanimate","bleached","Emotion Adj?-Conserv","LARPY","0"
"7",43,"600f4d6f796906128a17d781","inanimate","bleached","Emotion Adj?-Conserv","DAXY","0"
"8",47,"600f4d6f796906128a17d781","inanimate","bleached","Emotion Adj?-Conserv","WILPY","0"
"9",51,"600f4d6f796906128a17d781","inanimate","bleached","Emotion Adj?-Conserv","SPOOVY","0"
"10",55,"600f4d6f796906128a17d781","inanimate","bleached","Emotion Adj?-Conserv","TROBY","1"
"11",59,"600f4d6f796906128a17d781","inanimate","bleached","Emotion Adj?-Conserv","BRISPY","0"
"12",63,"600f4d6f796906128a17d781","inanimate","bleached","Emotion Adj?-Conserv","LARPY","1"
"13",83,"58bef6fd31de840001e84ba0","inanimate","bleached","Emotion Adj?-Conserv","DAXY","1"
"14",87,"58bef6fd31de840001e84ba0","inanimate","bleached","Emotion Adj?-Conserv","WILPY","0"
"15",91,"58bef6fd31de840001e84ba0","inanimate","bleached","Emotion Adj?-Conserv","SPOOVY","1"
"16",95,"58bef6fd31de840001e84ba0","inanimate","bleached","Emotion Adj?-Conserv","TROBY","1"
"17",99,"58bef6fd31de840001e84ba0","inanimate","bleached","Emotion Adj?-Conserv","BRISPY","1"
"18",103,"58bef6fd31de840001e84ba0","inanimate","bleached","Emotion Adj?-Conserv","LARPY","0"
"19",123,"63e5285c67584a2d544c62c2","inanimate","bleached","Emotion Adj?-Conserv","DAXY","0"
"20",127,"63e5285c67584a2d544c62c2","inanimate","bleached","Emotion Adj?-Conserv","WILPY","0"
"21",131,"63e5285c67584a2d544c62c2","inanimate","bleached","Emotion Adj?-Conserv","SPOOVY","0"
"22",135,"63e5285c67584a2d544c62c2","inanimate","bleached","Emotion Adj?-Conserv","TROBY","0"
"23",139,"63e5285c67584a2d544c62c2","inanimate","bleached","Emotion Adj?-Conserv","BRISPY","1"
"24",143,"63e5285c67584a2d544c62c2","inanimate","bleached","Emotion Adj?-Conserv","LARPY","0"
"25",163,"5d10afdd98423700019f6fc5","inanimate","bleached","Emotion Adj?-Conserv","DAXY","1"
"26",167,"5d10afdd98423700019f6fc5","inanimate","bleached","Emotion Adj?-Conserv","WILPY","0"
"27",171,"5d10afdd98423700019f6fc5","inanimate","bleached","Emotion Adj?-Conserv","SPOOVY","1"
"28",175,"5d10afdd98423700019f6fc5","inanimate","bleached","Emotion Adj?-Conserv","TROBY","1"
"29",179,"5d10afdd98423700019f6fc5","inanimate","bleached","Emotion Adj?-Conserv","BRISPY","1"
"30",183,"5d10afdd98423700019f6fc5","inanimate","bleached","Emotion Adj?-Conserv","LARPY","0"
"31",203,"63d94472927e6eb086a7aa36","inanimate","bleached","Emotion Adj?-Conserv","DAXY","1"
"32",207,"63d94472927e6eb086a7aa36","inanimate","bleached","Emotion Adj?-Conserv","WILPY","1"
"33",211,"63d94472927e6eb086a7aa36","inanimate","bleached","Emotion Adj?-Conserv","SPOOVY","1"
"34",215,"63d94472927e6eb086a7aa36","inanimate","bleached","Emotion Adj?-Conserv","TROBY","1"
"35",219,"63d94472927e6eb086a7aa36","inanimate","bleached","Emotion Adj?-Conserv","BRISPY","1"
"36",223,"63d94472927e6eb086a7aa36","inanimate","bleached","Emotion Adj?-Conserv","LARPY","1"
"37",243,"5ead37e98c0ee33cbbe5c14c","inanimate","bleached","Emotion Adj?-Conserv","DAXY","1"
"38",247,"5ead37e98c0ee33cbbe5c14c","inanimate","bleached","Emotion Adj?-Conserv","WILPY","0"
"39",251,"5ead37e98c0ee33cbbe5c14c","inanimate","bleached","Emotion Adj?-Conserv","SPOOVY","1"
"40",255,"5ead37e98c0ee33cbbe5c14c","inanimate","bleached","Emotion Adj?-Conserv","TROBY","1"
"41",259,"5ead37e98c0ee33cbbe5c14c","inanimate","bleached","Emotion Adj?-Conserv","BRISPY","1"
"42",263,"5ead37e98c0ee33cbbe5c14c","inanimate","bleached","Emotion Adj?-Conserv","LARPY","1"
"43",283,"5ff23d181d6cb4710f0bbc63","inanimate","bleached","Emotion Adj?-Conserv","DAXY","1"
"44",287,"5ff23d181d6cb4710f0bbc63","inanimate","bleached","Emotion Adj?-Conserv","WILPY","1"
"45",291,"5ff23d181d6cb4710f0bbc63","inanimate","bleached","Emotion Adj?-Conserv","SPOOVY","1"
"46",295,"5ff23d181d6cb4710f0bbc63","inanimate","bleached","Emotion Adj?-Conserv","TROBY","0"
"47",299,"5ff23d181d6cb4710f0bbc63","inanimate","bleached","Emotion Adj?-Conserv","BRISPY","1"
"48",303,"5ff23d181d6cb4710f0bbc63","inanimate","bleached","Emotion Adj?-Conserv","LARPY","0"
"49",323,"636913febcb7369c83a14188","inanimate","bleached","Emotion Adj?-Conserv","DAXY","1"
"50",327,"636913febcb7369c83a14188","inanimate","bleached","Emotion Adj?-Conserv","WILPY","0"
"51",331,"636913febcb7369c83a14188","inanimate","bleached","Emotion Adj?-Conserv","SPOOVY","1"
"52",335,"636913febcb7369c83a14188","inanimate","bleached","Emotion Adj?-Conserv","TROBY","0"
"53",339,"636913febcb7369c83a14188","inanimate","bleached","Emotion Adj?-Conserv","BRISPY","1"
"54",343,"636913febcb7369c83a14188","inanimate","bleached","Emotion Adj?-Conserv","LARPY","0"
"55",363,"5e5c62d12e08c94395d291a3","inanimate","bleached","Emotion Adj?-Conserv","DAXY","1"
"56",367,"5e5c62d12e08c94395d291a3","inanimate","bleached","Emotion Adj?-Conserv","WILPY","1"
"57",371,"5e5c62d12e08c94395d291a3","inanimate","bleached","Emotion Adj?-Conserv","SPOOVY","1"
"58",375,"5e5c62d12e08c94395d291a3","inanimate","bleached","Emotion Adj?-Conserv","TROBY","1"
"59",379,"5e5c62d12e08c94395d291a3","inanimate","bleached","Emotion Adj?-Conserv","BRISPY","1"
"60",383,"5e5c62d12e08c94395d291a3","inanimate","bleached","Emotion Adj?-Conserv","LARPY","0"
"61",403,"564a08bc6902220012c4b1a1","inanimate","bleached","Emotion Adj?-Conserv","DAXY","0"
"62",407,"564a08bc6902220012c4b1a1","inanimate","bleached","Emotion Adj?-Conserv","WILPY","0"
"63",411,"564a08bc6902220012c4b1a1","inanimate","bleached","Emotion Adj?-Conserv","SPOOVY","1"
"64",415,"564a08bc6902220012c4b1a1","inanimate","bleached","Emotion Adj?-Conserv","TROBY","0"
"65",419,"564a08bc6902220012c4b1a1","inanimate","bleached","Emotion Adj?-Conserv","BRISPY","1"
"66",423,"564a08bc6902220012c4b1a1","inanimate","bleached","Emotion Adj?-Conserv","LARPY","0"
"67",443,"5f3e472b3897d202145e3040","inanimate","bleached","Emotion Adj?-Conserv","DAXY","1"
"68",447,"5f3e472b3897d202145e3040","inanimate","bleached","Emotion Adj?-Conserv","WILPY","1"
"69",451,"5f3e472b3897d202145e3040","inanimate","bleached","Emotion Adj?-Conserv","SPOOVY","1"
"70",455,"5f3e472b3897d202145e3040","inanimate","bleached","Emotion Adj?-Conserv","TROBY","1"
"71",459,"5f3e472b3897d202145e3040","inanimate","bleached","Emotion Adj?-Conserv","BRISPY","1"
"72",463,"5f3e472b3897d202145e3040","inanimate","bleached","Emotion Adj?-Conserv","LARPY","0"
"73",483,"63d13d8fb1dc47968a984070","inanimate","bleached","Emotion Adj?-Conserv","DAXY","1"
"74",487,"63d13d8fb1dc47968a984070","inanimate","bleached","Emotion Adj?-Conserv","WILPY","1"
"75",491,"63d13d8fb1dc47968a984070","inanimate","bleached","Emotion Adj?-Conserv","SPOOVY","1"
"76",495,"63d13d8fb1dc47968a984070","inanimate","bleached","Emotion Adj?-Conserv","TROBY","1"
"77",499,"63d13d8fb1dc47968a984070","inanimate","bleached","Emotion Adj?-Conserv","BRISPY","1"
"78",503,"63d13d8fb1dc47968a984070","inanimate","bleached","Emotion Adj?-Conserv","LARPY","0"
"79",523,"60c9fcbb6090f57f63cdbebf","inanimate","bleached","Emotion Adj?-Conserv","DAXY","1"
"80",527,"60c9fcbb6090f57f63cdbebf","inanimate","bleached","Emotion Adj?-Conserv","WILPY","0"
"81",531,"60c9fcbb6090f57f63cdbebf","inanimate","bleached","Emotion Adj?-Conserv","SPOOVY","1"
"82",535,"60c9fcbb6090f57f63cdbebf","inanimate","bleached","Emotion Adj?-Conserv","TROBY","1"
"83",539,"60c9fcbb6090f57f63cdbebf","inanimate","bleached","Emotion Adj?-Conserv","BRISPY","1"
"84",543,"60c9fcbb6090f57f63cdbebf","inanimate","bleached","Emotion Adj?-Conserv","LARPY","0"
"85",563,"60b8ba78d542997c6da77923","inanimate","bleached","Emotion Adj?-Conserv","DAXY","1"
"86",567,"60b8ba78d542997c6da77923","inanimate","bleached","Emotion Adj?-Conserv","WILPY","0"
"87",571,"60b8ba78d542997c6da77923","inanimate","bleached","Emotion Adj?-Conserv","SPOOVY","1"
"88",575,"60b8ba78d542997c6da77923","inanimate","bleached","Emotion Adj?-Conserv","TROBY","1"
"89",579,"60b8ba78d542997c6da77923","inanimate","bleached","Emotion Adj?-Conserv","BRISPY","1"
"90",583,"60b8ba78d542997c6da77923","inanimate","bleached","Emotion Adj?-Conserv","LARPY","0"
"91",603,"60e0c1641783315b4e6ed5c7","inanimate","bleached","Emotion Adj?-Conserv","DAXY","0"
"92",607,"60e0c1641783315b4e6ed5c7","inanimate","bleached","Emotion Adj?-Conserv","WILPY","0"
"93",611,"60e0c1641783315b4e6ed5c7","inanimate","bleached","Emotion Adj?-Conserv","SPOOVY","0"
"94",615,"60e0c1641783315b4e6ed5c7","inanimate","bleached","Emotion Adj?-Conserv","TROBY","0"
"95",619,"60e0c1641783315b4e6ed5c7","inanimate","bleached","Emotion Adj?-Conserv","BRISPY","0"
"96",623,"60e0c1641783315b4e6ed5c7","inanimate","bleached","Emotion Adj?-Conserv","LARPY","0"
"97",643,"5f0333df099f494ed223e66a","inanimate","bleached","Emotion Adj?-Conserv","DAXY","1"
"98",647,"5f0333df099f494ed223e66a","inanimate","bleached","Emotion Adj?-Conserv","WILPY","0"
"99",651,"5f0333df099f494ed223e66a","inanimate","bleached","Emotion Adj?-Conserv","SPOOVY","1"
"100",655,"5f0333df099f494ed223e66a","inanimate","bleached","Emotion Adj?-Conserv","TROBY","1"
"101",659,"5f0333df099f494ed223e66a","inanimate","bleached","Emotion Adj?-Conserv","BRISPY","1"
"102",663,"5f0333df099f494ed223e66a","inanimate","bleached","Emotion Adj?-Conserv","LARPY","0"
"103",683,"5ba81652351c52000158ac0f","inanimate","bleached","Emotion Adj?-Conserv","DAXY","1"
"104",687,"5ba81652351c52000158ac0f","inanimate","bleached","Emotion Adj?-Conserv","WILPY","1"
"105",691,"5ba81652351c52000158ac0f","inanimate","bleached","Emotion Adj?-Conserv","SPOOVY","1"
"106",695,"5ba81652351c52000158ac0f","inanimate","bleached","Emotion Adj?-Conserv","TROBY","1"
"107",699,"5ba81652351c52000158ac0f","inanimate","bleached","Emotion Adj?-Conserv","BRISPY","1"
"108",703,"5ba81652351c52000158ac0f","inanimate","bleached","Emotion Adj?-Conserv","LARPY","0"
"109",723,"5cd707bb2e50c90017583e61","inanimate","bleached","Emotion Adj?-Conserv","DAXY","1"
"110",727,"5cd707bb2e50c90017583e61","inanimate","bleached","Emotion Adj?-Conserv","WILPY","0"
"111",731,"5cd707bb2e50c90017583e61","inanimate","bleached","Emotion Adj?-Conserv","SPOOVY","1"
"112",735,"5cd707bb2e50c90017583e61","inanimate","bleached","Emotion Adj?-Conserv","TROBY","1"
"113",739,"5cd707bb2e50c90017583e61","inanimate","bleached","Emotion Adj?-Conserv","BRISPY","1"
"114",743,"5cd707bb2e50c90017583e61","inanimate","bleached","Emotion Adj?-Conserv","LARPY","0"
"115",763,"60ff3f453a7507c2797c0d52","inanimate","bleached","Emotion Adj?-Conserv","DAXY","1"
"116",767,"60ff3f453a7507c2797c0d52","inanimate","bleached","Emotion Adj?-Conserv","WILPY","1"
"117",771,"60ff3f453a7507c2797c0d52","inanimate","bleached","Emotion Adj?-Conserv","SPOOVY","1"
"118",775,"60ff3f453a7507c2797c0d52","inanimate","bleached","Emotion Adj?-Conserv","TROBY","1"
"119",779,"60ff3f453a7507c2797c0d52","inanimate","bleached","Emotion Adj?-Conserv","BRISPY","1"
"120",783,"60ff3f453a7507c2797c0d52","inanimate","bleached","Emotion Adj?-Conserv","LARPY","0"
"121",803,"60fae3023760e4e5489a8c51","inanimate","bleached","Emotion Adj?-Conserv","DAXY","0"
"122",807,"60fae3023760e4e5489a8c51","inanimate","bleached","Emotion Adj?-Conserv","WILPY","0"
"123",811,"60fae3023760e4e5489a8c51","inanimate","bleached","Emotion Adj?-Conserv","SPOOVY","0"
"124",815,"60fae3023760e4e5489a8c51","inanimate","bleached","Emotion Adj?-Conserv","TROBY","0"
"125",819,"60fae3023760e4e5489a8c51","inanimate","bleached","Emotion Adj?-Conserv","BRISPY","1"
"126",823,"60fae3023760e4e5489a8c51","inanimate","bleached","Emotion Adj?-Conserv","LARPY","0"
"127",843,"610946ad260f5704c02f88ec","inanimate","bleached","Emotion Adj?-Conserv","DAXY","0"
"128",851,"610946ad260f5704c02f88ec","inanimate","bleached","Emotion Adj?-Conserv","SPOOVY","1"
"129",855,"610946ad260f5704c02f88ec","inanimate","bleached","Emotion Adj?-Conserv","TROBY","1"
"130",859,"610946ad260f5704c02f88ec","inanimate","bleached","Emotion Adj?-Conserv","BRISPY","1"
"131",863,"610946ad260f5704c02f88ec","inanimate","bleached","Emotion Adj?-Conserv","LARPY","1"
"132",883,"63c5bd67335d03371ded0954","inanimate","bleached","Emotion Adj?-Conserv","DAXY","0"
"133",887,"63c5bd67335d03371ded0954","inanimate","bleached","Emotion Adj?-Conserv","WILPY","0"
"134",891,"63c5bd67335d03371ded0954","inanimate","bleached","Emotion Adj?-Conserv","SPOOVY","0"
"135",895,"63c5bd67335d03371ded0954","inanimate","bleached","Emotion Adj?-Conserv","TROBY","0"
"136",899,"63c5bd67335d03371ded0954","inanimate","bleached","Emotion Adj?-Conserv","BRISPY","0"
"137",903,"63c5bd67335d03371ded0954","inanimate","bleached","Emotion Adj?-Conserv","LARPY","0"
"138",923,"60f530c55488cb2191741004","inanimate","bleached","Emotion Adj?-Conserv","DAXY","0"
"139",927,"60f530c55488cb2191741004","inanimate","bleached","Emotion Adj?-Conserv","WILPY","0"
"140",931,"60f530c55488cb2191741004","inanimate","bleached","Emotion Adj?-Conserv","SPOOVY","1"
"141",935,"60f530c55488cb2191741004","inanimate","bleached","Emotion Adj?-Conserv","TROBY","1"
"142",939,"60f530c55488cb2191741004","inanimate","bleached","Emotion Adj?-Conserv","BRISPY","1"
"143",943,"60f530c55488cb2191741004","inanimate","bleached","Emotion Adj?-Conserv","LARPY","1"
"144",963,"5e8a9b57785373750ff4a8bc","inanimate","bleached","Emotion Adj?-Conserv","DAXY","1"
"145",967,"5e8a9b57785373750ff4a8bc","inanimate","bleached","Emotion Adj?-Conserv","WILPY","0"
"146",971,"5e8a9b57785373750ff4a8bc","inanimate","bleached","Emotion Adj?-Conserv","SPOOVY","1"
"147",975,"5e8a9b57785373750ff4a8bc","inanimate","bleached","Emotion Adj?-Conserv","TROBY","1"
"148",979,"5e8a9b57785373750ff4a8bc","inanimate","bleached","Emotion Adj?-Conserv","BRISPY","1"
"149",983,"5e8a9b57785373750ff4a8bc","inanimate","bleached","Emotion Adj?-Conserv","LARPY","0"
"150",1003,"5c662b55b91aaf0001e42efb","inanimate","bleached","Emotion Adj?-Conserv","DAXY","1"
"151",1007,"5c662b55b91aaf0001e42efb","inanimate","bleached","Emotion Adj?-Conserv","WILPY","1"
"152",1011,"5c662b55b91aaf0001e42efb","inanimate","bleached","Emotion Adj?-Conserv","SPOOVY","1"
"153",1015,"5c662b55b91aaf0001e42efb","inanimate","bleached","Emotion Adj?-Conserv","TROBY","1"
"154",1019,"5c662b55b91aaf0001e42efb","inanimate","bleached","Emotion Adj?-Conserv","BRISPY","1"
"155",1023,"5c662b55b91aaf0001e42efb","inanimate","bleached","Emotion Adj?-Conserv","LARPY","0"
"156",1043,"61218e2b5c6a54b79b4849db","inanimate","bleached","Emotion Adj?-Conserv","DAXY","0"
"157",1047,"61218e2b5c6a54b79b4849db","inanimate","bleached","Emotion Adj?-Conserv","WILPY","0"
"158",1051,"61218e2b5c6a54b79b4849db","inanimate","bleached","Emotion Adj?-Conserv","SPOOVY","0"
"159",1055,"61218e2b5c6a54b79b4849db","inanimate","bleached","Emotion Adj?-Conserv","TROBY","1"
"160",1059,"61218e2b5c6a54b79b4849db","inanimate","bleached","Emotion Adj?-Conserv","BRISPY","1"
"161",1063,"61218e2b5c6a54b79b4849db","inanimate","bleached","Emotion Adj?-Conserv","LARPY","0"
"162",1083,"5bf0c387f4d94900011c8d7e","inanimate","bleached","Emotion Adj?-Conserv","DAXY","0"
"163",1087,"5bf0c387f4d94900011c8d7e","inanimate","bleached","Emotion Adj?-Conserv","WILPY","0"
"164",1091,"5bf0c387f4d94900011c8d7e","inanimate","bleached","Emotion Adj?-Conserv","SPOOVY","0"
"165",1095,"5bf0c387f4d94900011c8d7e","inanimate","bleached","Emotion Adj?-Conserv","TROBY","0"
"166",1103,"5bf0c387f4d94900011c8d7e","inanimate","bleached","Emotion Adj?-Conserv","LARPY","0"
"167",1123,"615d8a94a76a15626da937c5","inanimate","bleached","Emotion Adj?-Conserv","DAXY","1"
"168",1127,"615d8a94a76a15626da937c5","inanimate","bleached","Emotion Adj?-Conserv","WILPY","0"
"169",1131,"615d8a94a76a15626da937c5","inanimate","bleached","Emotion Adj?-Conserv","SPOOVY","1"
"170",1135,"615d8a94a76a15626da937c5","inanimate","bleached","Emotion Adj?-Conserv","TROBY","0"
"171",1139,"615d8a94a76a15626da937c5","inanimate","bleached","Emotion Adj?-Conserv","BRISPY","1"
"172",1143,"615d8a94a76a15626da937c5","inanimate","bleached","Emotion Adj?-Conserv","LARPY","0"
"173",1163,"60a769bb1797a5ffa3c3d241","inanimate","bleached","Emotion Adj?-Conserv","DAXY","0"
"174",1167,"60a769bb1797a5ffa3c3d241","inanimate","bleached","Emotion Adj?-Conserv","WILPY","0"
"175",1171,"60a769bb1797a5ffa3c3d241","inanimate","bleached","Emotion Adj?-Conserv","SPOOVY","1"
"176",1175,"60a769bb1797a5ffa3c3d241","inanimate","bleached","Emotion Adj?-Conserv","TROBY","1"
"177",1179,"60a769bb1797a5ffa3c3d241","inanimate","bleached","Emotion Adj?-Conserv","BRISPY","1"
"178",1183,"60a769bb1797a5ffa3c3d241","inanimate","bleached","Emotion Adj?-Conserv","LARPY","0"
"179",1203,"6151f63958f5eb5b33db9239","inanimate","bleached","Emotion Adj?-Conserv","DAXY","1"
"180",1207,"6151f63958f5eb5b33db9239","inanimate","bleached","Emotion Adj?-Conserv","WILPY","0"
"181",1211,"6151f63958f5eb5b33db9239","inanimate","bleached","Emotion Adj?-Conserv","SPOOVY","1"
"182",1215,"6151f63958f5eb5b33db9239","inanimate","bleached","Emotion Adj?-Conserv","TROBY","1"
"183",1219,"6151f63958f5eb5b33db9239","inanimate","bleached","Emotion Adj?-Conserv","BRISPY","1"
"184",1223,"6151f63958f5eb5b33db9239","inanimate","bleached","Emotion Adj?-Conserv","LARPY","0"
"185",1243,"5d809dfc0a4791001670efd3","inanimate","bleached","Emotion Adj?-Conserv","DAXY","0"
"186",1247,"5d809dfc0a4791001670efd3","inanimate","bleached","Emotion Adj?-Conserv","WILPY","1"
"187",1251,"5d809dfc0a4791001670efd3","inanimate","bleached","Emotion Adj?-Conserv","SPOOVY","1"
"188",1255,"5d809dfc0a4791001670efd3","inanimate","bleached","Emotion Adj?-Conserv","TROBY","1"
"189",1259,"5d809dfc0a4791001670efd3","inanimate","bleached","Emotion Adj?-Conserv","BRISPY","1"
"190",1263,"5d809dfc0a4791001670efd3","inanimate","bleached","Emotion Adj?-Conserv","LARPY","1"
"191",1283,"5987579e4875a80001c9a384","inanimate","bleached","Emotion Adj?-Conserv","DAXY","0"
"192",1287,"5987579e4875a80001c9a384","inanimate","bleached","Emotion Adj?-Conserv","WILPY","0"
"193",1291,"5987579e4875a80001c9a384","inanimate","bleached","Emotion Adj?-Conserv","SPOOVY","1"
"194",1295,"5987579e4875a80001c9a384","inanimate","bleached","Emotion Adj?-Conserv","TROBY","1"
"195",1299,"5987579e4875a80001c9a384","inanimate","bleached","Emotion Adj?-Conserv","BRISPY","1"
"196",1303,"5987579e4875a80001c9a384","inanimate","bleached","Emotion Adj?-Conserv","LARPY","0"
"197",1323,"611d2cb9f380d131ee1a267e","inanimate","bleached","Emotion Adj?-Conserv","DAXY","0"
"198",1327,"611d2cb9f380d131ee1a267e","inanimate","bleached","Emotion Adj?-Conserv","WILPY","0"
"199",1331,"611d2cb9f380d131ee1a267e","inanimate","bleached","Emotion Adj?-Conserv","SPOOVY","0"
"200",1335,"611d2cb9f380d131ee1a267e","inanimate","bleached","Emotion Adj?-Conserv","TROBY","1"
"201",1339,"611d2cb9f380d131ee1a267e","inanimate","bleached","Emotion Adj?-Conserv","BRISPY","1"
"202",1343,"611d2cb9f380d131ee1a267e","inanimate","bleached","Emotion Adj?-Conserv","LARPY","0"
"203",1363,"6393a5d80ff93d7d22b8a69d","inanimate","bleached","Emotion Adj?-Conserv","DAXY","0"
"204",1367,"6393a5d80ff93d7d22b8a69d","inanimate","bleached","Emotion Adj?-Conserv","WILPY","0"
"205",1371,"6393a5d80ff93d7d22b8a69d","inanimate","bleached","Emotion Adj?-Conserv","SPOOVY","0"
"206",1375,"6393a5d80ff93d7d22b8a69d","inanimate","bleached","Emotion Adj?-Conserv","TROBY","0"
"207",1379,"6393a5d80ff93d7d22b8a69d","inanimate","bleached","Emotion Adj?-Conserv","BRISPY","0"
"208",1383,"6393a5d80ff93d7d22b8a69d","inanimate","bleached","Emotion Adj?-Conserv","LARPY","0"
"209",1403,"61583e5838de2383e5d85e8e","inanimate","bleached","Emotion Adj?-Conserv","DAXY","1"
"210",1407,"61583e5838de2383e5d85e8e","inanimate","bleached","Emotion Adj?-Conserv","WILPY","0"
"211",1411,"61583e5838de2383e5d85e8e","inanimate","bleached","Emotion Adj?-Conserv","SPOOVY","1"
"212",1415,"61583e5838de2383e5d85e8e","inanimate","bleached","Emotion Adj?-Conserv","TROBY","1"
"213",1419,"61583e5838de2383e5d85e8e","inanimate","bleached","Emotion Adj?-Conserv","BRISPY","1"
"214",1423,"61583e5838de2383e5d85e8e","inanimate","bleached","Emotion Adj?-Conserv","LARPY","0"
"215",1443,"6101e16e46ab830d098f1436","inanimate","bleached","Emotion Adj?-Conserv","DAXY","1"
"216",1447,"6101e16e46ab830d098f1436","inanimate","bleached","Emotion Adj?-Conserv","WILPY","0"
"217",1451,"6101e16e46ab830d098f1436","inanimate","bleached","Emotion Adj?-Conserv","SPOOVY","1"
"218",1455,"6101e16e46ab830d098f1436","inanimate","bleached","Emotion Adj?-Conserv","TROBY","0"
"219",1459,"6101e16e46ab830d098f1436","inanimate","bleached","Emotion Adj?-Conserv","BRISPY","0"
"220",1463,"6101e16e46ab830d098f1436","inanimate","bleached","Emotion Adj?-Conserv","LARPY","0"
"221",1483,"607e4dfa0a78225014b39cdb","inanimate","bleached","Emotion Adj?-Conserv","DAXY","1"
"222",1487,"607e4dfa0a78225014b39cdb","inanimate","bleached","Emotion Adj?-Conserv","WILPY","0"
"223",1491,"607e4dfa0a78225014b39cdb","inanimate","bleached","Emotion Adj?-Conserv","SPOOVY","1"
"224",1495,"607e4dfa0a78225014b39cdb","inanimate","bleached","Emotion Adj?-Conserv","TROBY","1"
"225",1499,"607e4dfa0a78225014b39cdb","inanimate","bleached","Emotion Adj?-Conserv","BRISPY","1"
"226",1503,"607e4dfa0a78225014b39cdb","inanimate","bleached","Emotion Adj?-Conserv","LARPY","1"
"227",1523,"63471036ea4370051841008b","inanimate","lexical","Emotion Adj?-Conserv","DAXY","0"
"228",1527,"63471036ea4370051841008b","inanimate","lexical","Emotion Adj?-Conserv","WILPY","1"
"229",1531,"63471036ea4370051841008b","inanimate","lexical","Emotion Adj?-Conserv","SPOOVY","0"
"230",1535,"63471036ea4370051841008b","inanimate","lexical","Emotion Adj?-Conserv","TROBY","1"
"231",1539,"63471036ea4370051841008b","inanimate","lexical","Emotion Adj?-Conserv","BRISPY","0"
"232",1543,"63471036ea4370051841008b","inanimate","lexical","Emotion Adj?-Conserv","LARPY","0"
"233",1567,"5def85482c54d461f5445b3b","inanimate","lexical","Emotion Adj?-Conserv","WILPY","1"
"234",1571,"5def85482c54d461f5445b3b","inanimate","lexical","Emotion Adj?-Conserv","SPOOVY","1"
"235",1575,"5def85482c54d461f5445b3b","inanimate","lexical","Emotion Adj?-Conserv","TROBY","1"
"236",1579,"5def85482c54d461f5445b3b","inanimate","lexical","Emotion Adj?-Conserv","BRISPY","1"
"237",1583,"5def85482c54d461f5445b3b","inanimate","lexical","Emotion Adj?-Conserv","LARPY","0"
"238",1607,"607e90c1f406d76b70d9d8f1","inanimate","lexical","Emotion Adj?-Conserv","WILPY","1"
"239",1611,"607e90c1f406d76b70d9d8f1","inanimate","lexical","Emotion Adj?-Conserv","SPOOVY","0"
"240",1615,"607e90c1f406d76b70d9d8f1","inanimate","lexical","Emotion Adj?-Conserv","TROBY","1"
"241",1619,"607e90c1f406d76b70d9d8f1","inanimate","lexical","Emotion Adj?-Conserv","BRISPY","1"
"242",1623,"607e90c1f406d76b70d9d8f1","inanimate","lexical","Emotion Adj?-Conserv","LARPY","0"
"243",1643,"58eb63fecd3c5b0001fb6c8b","inanimate","lexical","Emotion Adj?-Conserv","DAXY","0"
"244",1647,"58eb63fecd3c5b0001fb6c8b","inanimate","lexical","Emotion Adj?-Conserv","WILPY","0"
"245",1651,"58eb63fecd3c5b0001fb6c8b","inanimate","lexical","Emotion Adj?-Conserv","SPOOVY","1"
"246",1655,"58eb63fecd3c5b0001fb6c8b","inanimate","lexical","Emotion Adj?-Conserv","TROBY","1"
"247",1659,"58eb63fecd3c5b0001fb6c8b","inanimate","lexical","Emotion Adj?-Conserv","BRISPY","1"
"248",1663,"58eb63fecd3c5b0001fb6c8b","inanimate","lexical","Emotion Adj?-Conserv","LARPY","0"
"249",1683,"5e6a45499afc710a6a279e37","inanimate","lexical","Emotion Adj?-Conserv","DAXY","1"
"250",1687,"5e6a45499afc710a6a279e37","inanimate","lexical","Emotion Adj?-Conserv","WILPY","1"
"251",1691,"5e6a45499afc710a6a279e37","inanimate","lexical","Emotion Adj?-Conserv","SPOOVY","1"
"252",1695,"5e6a45499afc710a6a279e37","inanimate","lexical","Emotion Adj?-Conserv","TROBY","1"
"253",1699,"5e6a45499afc710a6a279e37","inanimate","lexical","Emotion Adj?-Conserv","BRISPY","1"
"254",1703,"5e6a45499afc710a6a279e37","inanimate","lexical","Emotion Adj?-Conserv","LARPY","0"
"255",1723,"5ee9193db78df9119fe4f7c1","inanimate","lexical","Emotion Adj?-Conserv","DAXY","1"
"256",1727,"5ee9193db78df9119fe4f7c1","inanimate","lexical","Emotion Adj?-Conserv","WILPY","0"
"257",1731,"5ee9193db78df9119fe4f7c1","inanimate","lexical","Emotion Adj?-Conserv","SPOOVY","0"
"258",1735,"5ee9193db78df9119fe4f7c1","inanimate","lexical","Emotion Adj?-Conserv","TROBY","0"
"259",1739,"5ee9193db78df9119fe4f7c1","inanimate","lexical","Emotion Adj?-Conserv","BRISPY","0"
"260",1743,"5ee9193db78df9119fe4f7c1","inanimate","lexical","Emotion Adj?-Conserv","LARPY","0"
"261",1763,"5e15ab395005ccbab6f991ec","inanimate","lexical","Emotion Adj?-Conserv","DAXY","0"
"262",1767,"5e15ab395005ccbab6f991ec","inanimate","lexical","Emotion Adj?-Conserv","WILPY","0"
"263",1771,"5e15ab395005ccbab6f991ec","inanimate","lexical","Emotion Adj?-Conserv","SPOOVY","0"
"264",1775,"5e15ab395005ccbab6f991ec","inanimate","lexical","Emotion Adj?-Conserv","TROBY","1"
"265",1779,"5e15ab395005ccbab6f991ec","inanimate","lexical","Emotion Adj?-Conserv","BRISPY","1"
"266",1783,"5e15ab395005ccbab6f991ec","inanimate","lexical","Emotion Adj?-Conserv","LARPY","0"
"267",1803,"61474f07f4cfbc50cb3b2f1e","inanimate","lexical","Emotion Adj?-Conserv","DAXY","1"
"268",1807,"61474f07f4cfbc50cb3b2f1e","inanimate","lexical","Emotion Adj?-Conserv","WILPY","1"
"269",1811,"61474f07f4cfbc50cb3b2f1e","inanimate","lexical","Emotion Adj?-Conserv","SPOOVY","0"
"270",1815,"61474f07f4cfbc50cb3b2f1e","inanimate","lexical","Emotion Adj?-Conserv","TROBY","1"
"271",1819,"61474f07f4cfbc50cb3b2f1e","inanimate","lexical","Emotion Adj?-Conserv","BRISPY","1"
"272",1823,"61474f07f4cfbc50cb3b2f1e","inanimate","lexical","Emotion Adj?-Conserv","LARPY","1"
"273",1843,"5b76febccee87f0001f989ac","inanimate","lexical","Emotion Adj?-Conserv","DAXY","0"
"274",1847,"5b76febccee87f0001f989ac","inanimate","lexical","Emotion Adj?-Conserv","WILPY","0"
"275",1851,"5b76febccee87f0001f989ac","inanimate","lexical","Emotion Adj?-Conserv","SPOOVY","1"
"276",1855,"5b76febccee87f0001f989ac","inanimate","lexical","Emotion Adj?-Conserv","TROBY","1"
"277",1859,"5b76febccee87f0001f989ac","inanimate","lexical","Emotion Adj?-Conserv","BRISPY","1"
"278",1863,"5b76febccee87f0001f989ac","inanimate","lexical","Emotion Adj?-Conserv","LARPY","0"
"279",1883,"60c620563db55cd06f3772fa","inanimate","lexical","Emotion Adj?-Conserv","DAXY","0"
"280",1887,"60c620563db55cd06f3772fa","inanimate","lexical","Emotion Adj?-Conserv","WILPY","0"
"281",1891,"60c620563db55cd06f3772fa","inanimate","lexical","Emotion Adj?-Conserv","SPOOVY","1"
"282",1895,"60c620563db55cd06f3772fa","inanimate","lexical","Emotion Adj?-Conserv","TROBY","1"
"283",1899,"60c620563db55cd06f3772fa","inanimate","lexical","Emotion Adj?-Conserv","BRISPY","1"
"284",1903,"60c620563db55cd06f3772fa","inanimate","lexical","Emotion Adj?-Conserv","LARPY","0"
"285",1923,"60952cf5021566048602c467","inanimate","lexical","Emotion Adj?-Conserv","DAXY","1"
"286",1927,"60952cf5021566048602c467","inanimate","lexical","Emotion Adj?-Conserv","WILPY","1"
"287",1931,"60952cf5021566048602c467","inanimate","lexical","Emotion Adj?-Conserv","SPOOVY","1"
"288",1935,"60952cf5021566048602c467","inanimate","lexical","Emotion Adj?-Conserv","TROBY","1"
"289",1939,"60952cf5021566048602c467","inanimate","lexical","Emotion Adj?-Conserv","BRISPY","1"
"290",1943,"60952cf5021566048602c467","inanimate","lexical","Emotion Adj?-Conserv","LARPY","1"
"291",1963,"57a0a143913c710001976735","inanimate","lexical","Emotion Adj?-Conserv","DAXY","1"
"292",1967,"57a0a143913c710001976735","inanimate","lexical","Emotion Adj?-Conserv","WILPY","1"
"293",1971,"57a0a143913c710001976735","inanimate","lexical","Emotion Adj?-Conserv","SPOOVY","1"
"294",1975,"57a0a143913c710001976735","inanimate","lexical","Emotion Adj?-Conserv","TROBY","1"
"295",1979,"57a0a143913c710001976735","inanimate","lexical","Emotion Adj?-Conserv","BRISPY","1"
"296",1983,"57a0a143913c710001976735","inanimate","lexical","Emotion Adj?-Conserv","LARPY","0"
"297",2003,"5acbd7530527ba0001c265e7","inanimate","lexical","Emotion Adj?-Conserv","DAXY","1"
"298",2007,"5acbd7530527ba0001c265e7","inanimate","lexical","Emotion Adj?-Conserv","WILPY","1"
"299",2011,"5acbd7530527ba0001c265e7","inanimate","lexical","Emotion Adj?-Conserv","SPOOVY","1"
"300",2015,"5acbd7530527ba0001c265e7","inanimate","lexical","Emotion Adj?-Conserv","TROBY","1"
"301",2019,"5acbd7530527ba0001c265e7","inanimate","lexical","Emotion Adj?-Conserv","BRISPY","1"
"302",2023,"5acbd7530527ba0001c265e7","inanimate","lexical","Emotion Adj?-Conserv","LARPY","1"
"303",2043,"5a986d1789de8200013ef74e","inanimate","lexical","Emotion Adj?-Conserv","DAXY","1"
"304",2047,"5a986d1789de8200013ef74e","inanimate","lexical","Emotion Adj?-Conserv","WILPY","1"
"305",2051,"5a986d1789de8200013ef74e","inanimate","lexical","Emotion Adj?-Conserv","SPOOVY","1"
"306",2055,"5a986d1789de8200013ef74e","inanimate","lexical","Emotion Adj?-Conserv","TROBY","1"
"307",2059,"5a986d1789de8200013ef74e","inanimate","lexical","Emotion Adj?-Conserv","BRISPY","1"
"308",2063,"5a986d1789de8200013ef74e","inanimate","lexical","Emotion Adj?-Conserv","LARPY","0"
"309",2083,"5f6a4e9f9b08d50eef23534d","inanimate","lexical","Emotion Adj?-Conserv","DAXY","0"
"310",2087,"5f6a4e9f9b08d50eef23534d","inanimate","lexical","Emotion Adj?-Conserv","WILPY","0"
"311",2091,"5f6a4e9f9b08d50eef23534d","inanimate","lexical","Emotion Adj?-Conserv","SPOOVY","1"
"312",2095,"5f6a4e9f9b08d50eef23534d","inanimate","lexical","Emotion Adj?-Conserv","TROBY","1"
"313",2099,"5f6a4e9f9b08d50eef23534d","inanimate","lexical","Emotion Adj?-Conserv","BRISPY","0"
"314",2103,"5f6a4e9f9b08d50eef23534d","inanimate","lexical","Emotion Adj?-Conserv","LARPY","0"
"315",2123,"63e543776175d50494dd5efd","inanimate","lexical","Emotion Adj?-Conserv","DAXY","1"
"316",2127,"63e543776175d50494dd5efd","inanimate","lexical","Emotion Adj?-Conserv","WILPY","1"
"317",2131,"63e543776175d50494dd5efd","inanimate","lexical","Emotion Adj?-Conserv","SPOOVY","1"
"318",2135,"63e543776175d50494dd5efd","inanimate","lexical","Emotion Adj?-Conserv","TROBY","1"
"319",2139,"63e543776175d50494dd5efd","inanimate","lexical","Emotion Adj?-Conserv","BRISPY","1"
"320",2143,"63e543776175d50494dd5efd","inanimate","lexical","Emotion Adj?-Conserv","LARPY","0"
"321",2163,"592a836f6109cd00010bc414","inanimate","lexical","Emotion Adj?-Conserv","DAXY","0"
"322",2167,"592a836f6109cd00010bc414","inanimate","lexical","Emotion Adj?-Conserv","WILPY","0"
"323",2171,"592a836f6109cd00010bc414","inanimate","lexical","Emotion Adj?-Conserv","SPOOVY","0"
"324",2175,"592a836f6109cd00010bc414","inanimate","lexical","Emotion Adj?-Conserv","TROBY","1"
"325",2179,"592a836f6109cd00010bc414","inanimate","lexical","Emotion Adj?-Conserv","BRISPY","1"
"326",2183,"592a836f6109cd00010bc414","inanimate","lexical","Emotion Adj?-Conserv","LARPY","0"
"327",2203,"5a453d59b77a5000014a85c7","inanimate","lexical","Emotion Adj?-Conserv","DAXY","1"
"328",2207,"5a453d59b77a5000014a85c7","inanimate","lexical","Emotion Adj?-Conserv","WILPY","1"
"329",2211,"5a453d59b77a5000014a85c7","inanimate","lexical","Emotion Adj?-Conserv","SPOOVY","1"
"330",2215,"5a453d59b77a5000014a85c7","inanimate","lexical","Emotion Adj?-Conserv","TROBY","1"
"331",2219,"5a453d59b77a5000014a85c7","inanimate","lexical","Emotion Adj?-Conserv","BRISPY","0"
"332",2223,"5a453d59b77a5000014a85c7","inanimate","lexical","Emotion Adj?-Conserv","LARPY","0"
"333",2243,"57985ec2913c71000197610d","inanimate","lexical","Emotion Adj?-Conserv","DAXY","1"
"334",2247,"57985ec2913c71000197610d","inanimate","lexical","Emotion Adj?-Conserv","WILPY","1"
"335",2251,"57985ec2913c71000197610d","inanimate","lexical","Emotion Adj?-Conserv","SPOOVY","1"
"336",2255,"57985ec2913c71000197610d","inanimate","lexical","Emotion Adj?-Conserv","TROBY","1"
"337",2259,"57985ec2913c71000197610d","inanimate","lexical","Emotion Adj?-Conserv","BRISPY","1"
"338",2263,"57985ec2913c71000197610d","inanimate","lexical","Emotion Adj?-Conserv","LARPY","1"
"339",2283,"5f0049efc573a300096568f7","inanimate","lexical","Emotion Adj?-Conserv","DAXY","0"
"340",2287,"5f0049efc573a300096568f7","inanimate","lexical","Emotion Adj?-Conserv","WILPY","1"
"341",2291,"5f0049efc573a300096568f7","inanimate","lexical","Emotion Adj?-Conserv","SPOOVY","0"
"342",2295,"5f0049efc573a300096568f7","inanimate","lexical","Emotion Adj?-Conserv","TROBY","1"
"343",2299,"5f0049efc573a300096568f7","inanimate","lexical","Emotion Adj?-Conserv","BRISPY","1"
"344",2303,"5f0049efc573a300096568f7","inanimate","lexical","Emotion Adj?-Conserv","LARPY","0"
"345",2323,"5ff090bc539a38452f1f9a06","inanimate","lexical","Emotion Adj?-Conserv","DAXY","0"
"346",2327,"5ff090bc539a38452f1f9a06","inanimate","lexical","Emotion Adj?-Conserv","WILPY","1"
"347",2331,"5ff090bc539a38452f1f9a06","inanimate","lexical","Emotion Adj?-Conserv","SPOOVY","0"
"348",2335,"5ff090bc539a38452f1f9a06","inanimate","lexical","Emotion Adj?-Conserv","TROBY","0"
"349",2339,"5ff090bc539a38452f1f9a06","inanimate","lexical","Emotion Adj?-Conserv","BRISPY","1"
"350",2343,"5ff090bc539a38452f1f9a06","inanimate","lexical","Emotion Adj?-Conserv","LARPY","0"
"351",2363,"5c18e4f1e23c230001bb615f","inanimate","lexical","Emotion Adj?-Conserv","DAXY","1"
"352",2367,"5c18e4f1e23c230001bb615f","inanimate","lexical","Emotion Adj?-Conserv","WILPY","1"
"353",2371,"5c18e4f1e23c230001bb615f","inanimate","lexical","Emotion Adj?-Conserv","SPOOVY","1"
"354",2375,"5c18e4f1e23c230001bb615f","inanimate","lexical","Emotion Adj?-Conserv","TROBY","1"
"355",2379,"5c18e4f1e23c230001bb615f","inanimate","lexical","Emotion Adj?-Conserv","BRISPY","1"
"356",2383,"5c18e4f1e23c230001bb615f","inanimate","lexical","Emotion Adj?-Conserv","LARPY","0"
"357",2403,"5b905d47e057280001e4af42","inanimate","lexical","Emotion Adj?-Conserv","DAXY","0"
"358",2407,"5b905d47e057280001e4af42","inanimate","lexical","Emotion Adj?-Conserv","WILPY","1"
"359",2411,"5b905d47e057280001e4af42","inanimate","lexical","Emotion Adj?-Conserv","SPOOVY","1"
"360",2415,"5b905d47e057280001e4af42","inanimate","lexical","Emotion Adj?-Conserv","TROBY","1"
"361",2419,"5b905d47e057280001e4af42","inanimate","lexical","Emotion Adj?-Conserv","BRISPY","1"
"362",2423,"5b905d47e057280001e4af42","inanimate","lexical","Emotion Adj?-Conserv","LARPY","1"
"363",2443,"5f2eb1d21cdf492436120f62","inanimate","lexical","Emotion Adj?-Conserv","DAXY","1"
"364",2447,"5f2eb1d21cdf492436120f62","inanimate","lexical","Emotion Adj?-Conserv","WILPY","1"
"365",2451,"5f2eb1d21cdf492436120f62","inanimate","lexical","Emotion Adj?-Conserv","SPOOVY","0"
"366",2455,"5f2eb1d21cdf492436120f62","inanimate","lexical","Emotion Adj?-Conserv","TROBY","1"
"367",2459,"5f2eb1d21cdf492436120f62","inanimate","lexical","Emotion Adj?-Conserv","BRISPY","1"
"368",2483,"60392763efab5035af4abd8d","inanimate","lexical","Emotion Adj?-Conserv","DAXY","1"
"369",2487,"60392763efab5035af4abd8d","inanimate","lexical","Emotion Adj?-Conserv","WILPY","1"
"370",2491,"60392763efab5035af4abd8d","inanimate","lexical","Emotion Adj?-Conserv","SPOOVY","1"
"371",2495,"60392763efab5035af4abd8d","inanimate","lexical","Emotion Adj?-Conserv","TROBY","1"
"372",2499,"60392763efab5035af4abd8d","inanimate","lexical","Emotion Adj?-Conserv","BRISPY","1"
"373",2503,"60392763efab5035af4abd8d","inanimate","lexical","Emotion Adj?-Conserv","LARPY","0"
"374",2523,"5c4f133ee459660001e33c72","inanimate","lexical","Emotion Adj?-Conserv","DAXY","1"
"375",2527,"5c4f133ee459660001e33c72","inanimate","lexical","Emotion Adj?-Conserv","WILPY","1"
"376",2531,"5c4f133ee459660001e33c72","inanimate","lexical","Emotion Adj?-Conserv","SPOOVY","1"
"377",2535,"5c4f133ee459660001e33c72","inanimate","lexical","Emotion Adj?-Conserv","TROBY","1"
"378",2539,"5c4f133ee459660001e33c72","inanimate","lexical","Emotion Adj?-Conserv","BRISPY","1"
"379",2543,"5c4f133ee459660001e33c72","inanimate","lexical","Emotion Adj?-Conserv","LARPY","1"
"380",2563,"5983b86106cd1f0001f8e283","inanimate","lexical","Emotion Adj?-Conserv","DAXY","0"
"381",2567,"5983b86106cd1f0001f8e283","inanimate","lexical","Emotion Adj?-Conserv","WILPY","0"
"382",2571,"5983b86106cd1f0001f8e283","inanimate","lexical","Emotion Adj?-Conserv","SPOOVY","0"
"383",2575,"5983b86106cd1f0001f8e283","inanimate","lexical","Emotion Adj?-Conserv","TROBY","1"
"384",2579,"5983b86106cd1f0001f8e283","inanimate","lexical","Emotion Adj?-Conserv","BRISPY","1"
"385",2583,"5983b86106cd1f0001f8e283","inanimate","lexical","Emotion Adj?-Conserv","LARPY","0"
"386",2603,"5ed12a5eec9433042524d6ee","inanimate","lexical","Emotion Adj?-Conserv","DAXY","1"
"387",2607,"5ed12a5eec9433042524d6ee","inanimate","lexical","Emotion Adj?-Conserv","WILPY","1"
"388",2611,"5ed12a5eec9433042524d6ee","inanimate","lexical","Emotion Adj?-Conserv","SPOOVY","1"
"389",2615,"5ed12a5eec9433042524d6ee","inanimate","lexical","Emotion Adj?-Conserv","TROBY","0"
"390",2619,"5ed12a5eec9433042524d6ee","inanimate","lexical","Emotion Adj?-Conserv","BRISPY","1"
"391",2623,"5ed12a5eec9433042524d6ee","inanimate","lexical","Emotion Adj?-Conserv","LARPY","0"
"392",2643,"5dd6acddb2204f630544ac50","inanimate","lexical","Emotion Adj?-Conserv","DAXY","1"
"393",2647,"5dd6acddb2204f630544ac50","inanimate","lexical","Emotion Adj?-Conserv","WILPY","0"
"394",2651,"5dd6acddb2204f630544ac50","inanimate","lexical","Emotion Adj?-Conserv","SPOOVY","1"
"395",2655,"5dd6acddb2204f630544ac50","inanimate","lexical","Emotion Adj?-Conserv","TROBY","1"
"396",2659,"5dd6acddb2204f630544ac50","inanimate","lexical","Emotion Adj?-Conserv","BRISPY","1"
"397",2663,"5dd6acddb2204f630544ac50","inanimate","lexical","Emotion Adj?-Conserv","LARPY","1"
"398",2683,"62a47ba3f5c623f2b40c33ba","inanimate","lexical","Emotion Adj?-Conserv","DAXY","1"
"399",2687,"62a47ba3f5c623f2b40c33ba","inanimate","lexical","Emotion Adj?-Conserv","WILPY","1"
"400",2691,"62a47ba3f5c623f2b40c33ba","inanimate","lexical","Emotion Adj?-Conserv","SPOOVY","1"
"401",2695,"62a47ba3f5c623f2b40c33ba","inanimate","lexical","Emotion Adj?-Conserv","TROBY","1"
"402",2699,"62a47ba3f5c623f2b40c33ba","inanimate","lexical","Emotion Adj?-Conserv","BRISPY","1"
"403",2703,"62a47ba3f5c623f2b40c33ba","inanimate","lexical","Emotion Adj?-Conserv","LARPY","0"
"404",2723,"63cd6e1eaddf253acec71c9a","inanimate","lexical","Emotion Adj?-Conserv","DAXY","1"
"405",2727,"63cd6e1eaddf253acec71c9a","inanimate","lexical","Emotion Adj?-Conserv","WILPY","1"
"406",2731,"63cd6e1eaddf253acec71c9a","inanimate","lexical","Emotion Adj?-Conserv","SPOOVY","1"
"407",2735,"63cd6e1eaddf253acec71c9a","inanimate","lexical","Emotion Adj?-Conserv","TROBY","1"
"408",2739,"63cd6e1eaddf253acec71c9a","inanimate","lexical","Emotion Adj?-Conserv","BRISPY","1"
"409",2743,"63cd6e1eaddf253acec71c9a","inanimate","lexical","Emotion Adj?-Conserv","LARPY","0"
"410",2763,"56e6f0dec89073000de74780","inanimate","lexical","Emotion Adj?-Conserv","DAXY","1"
"411",2767,"56e6f0dec89073000de74780","inanimate","lexical","Emotion Adj?-Conserv","WILPY","1"
"412",2771,"56e6f0dec89073000de74780","inanimate","lexical","Emotion Adj?-Conserv","SPOOVY","1"
"413",2775,"56e6f0dec89073000de74780","inanimate","lexical","Emotion Adj?-Conserv","TROBY","1"
"414",2779,"56e6f0dec89073000de74780","inanimate","lexical","Emotion Adj?-Conserv","BRISPY","1"
"415",2783,"56e6f0dec89073000de74780","inanimate","lexical","Emotion Adj?-Conserv","LARPY","0"
"416",2803,"5d24cf6110577200016ac8f9","inanimate","lexical","Emotion Adj?-Conserv","DAXY","1"
"417",2807,"5d24cf6110577200016ac8f9","inanimate","lexical","Emotion Adj?-Conserv","WILPY","1"
"418",2811,"5d24cf6110577200016ac8f9","inanimate","lexical","Emotion Adj?-Conserv","SPOOVY","1"
"419",2815,"5d24cf6110577200016ac8f9","inanimate","lexical","Emotion Adj?-Conserv","TROBY","1"
"420",2819,"5d24cf6110577200016ac8f9","inanimate","lexical","Emotion Adj?-Conserv","BRISPY","1"
"421",2823,"5d24cf6110577200016ac8f9","inanimate","lexical","Emotion Adj?-Conserv","LARPY","0"
"422",2843,"62b0585a12750b02563b92e5","inanimate","lexical","Emotion Adj?-Conserv","DAXY","0"
"423",2847,"62b0585a12750b02563b92e5","inanimate","lexical","Emotion Adj?-Conserv","WILPY","1"
"424",2851,"62b0585a12750b02563b92e5","inanimate","lexical","Emotion Adj?-Conserv","SPOOVY","1"
"425",2855,"62b0585a12750b02563b92e5","inanimate","lexical","Emotion Adj?-Conserv","TROBY","1"
"426",2859,"62b0585a12750b02563b92e5","inanimate","lexical","Emotion Adj?-Conserv","BRISPY","1"
"427",2863,"62b0585a12750b02563b92e5","inanimate","lexical","Emotion Adj?-Conserv","LARPY","0"
"428",2883,"6086a6bd99f215799dbbae97","inanimate","lexical","Emotion Adj?-Conserv","DAXY","1"
"429",2887,"6086a6bd99f215799dbbae97","inanimate","lexical","Emotion Adj?-Conserv","WILPY","1"
"430",2891,"6086a6bd99f215799dbbae97","inanimate","lexical","Emotion Adj?-Conserv","SPOOVY","1"
"431",2895,"6086a6bd99f215799dbbae97","inanimate","lexical","Emotion Adj?-Conserv","TROBY","1"
"432",2899,"6086a6bd99f215799dbbae97","inanimate","lexical","Emotion Adj?-Conserv","BRISPY","1"
"433",2903,"6086a6bd99f215799dbbae97","inanimate","lexical","Emotion Adj?-Conserv","LARPY","0"
"434",2923,"600ed94aada7da7ee3fd0b97","inanimate","lexical","Emotion Adj?-Conserv","DAXY","0"
"435",2927,"600ed94aada7da7ee3fd0b97","inanimate","lexical","Emotion Adj?-Conserv","WILPY","1"
"436",2931,"600ed94aada7da7ee3fd0b97","inanimate","lexical","Emotion Adj?-Conserv","SPOOVY","1"
"437",2935,"600ed94aada7da7ee3fd0b97","inanimate","lexical","Emotion Adj?-Conserv","TROBY","1"
"438",2939,"600ed94aada7da7ee3fd0b97","inanimate","lexical","Emotion Adj?-Conserv","BRISPY","1"
"439",2943,"600ed94aada7da7ee3fd0b97","inanimate","lexical","Emotion Adj?-Conserv","LARPY","0"
"440",2963,"5f5e116c2074a4664940c45a","animate","bleached","Emotion Adj?-Conserv","DAXY","1"
"441",2967,"5f5e116c2074a4664940c45a","animate","bleached","Emotion Adj?-Conserv","WILPY","0"
"442",2971,"5f5e116c2074a4664940c45a","animate","bleached","Emotion Adj?-Conserv","SPOOVY","1"
"443",2975,"5f5e116c2074a4664940c45a","animate","bleached","Emotion Adj?-Conserv","TROBY","1"
"444",2979,"5f5e116c2074a4664940c45a","animate","bleached","Emotion Adj?-Conserv","BRISPY","1"
"445",2983,"5f5e116c2074a4664940c45a","animate","bleached","Emotion Adj?-Conserv","LARPY","1"
"446",3003,"60a8818456a7f461db92d4ad","animate","bleached","Emotion Adj?-Conserv","DAXY","0"
"447",3007,"60a8818456a7f461db92d4ad","animate","bleached","Emotion Adj?-Conserv","WILPY","0"
"448",3011,"60a8818456a7f461db92d4ad","animate","bleached","Emotion Adj?-Conserv","SPOOVY","1"
"449",3015,"60a8818456a7f461db92d4ad","animate","bleached","Emotion Adj?-Conserv","TROBY","1"
"450",3019,"60a8818456a7f461db92d4ad","animate","bleached","Emotion Adj?-Conserv","BRISPY","0"
"451",3023,"60a8818456a7f461db92d4ad","animate","bleached","Emotion Adj?-Conserv","LARPY","0"
"452",3043,"63ea6fd5f35892d3e2c6e16c","animate","bleached","Emotion Adj?-Conserv","DAXY","1"
"453",3047,"63ea6fd5f35892d3e2c6e16c","animate","bleached","Emotion Adj?-Conserv","WILPY","0"
"454",3051,"63ea6fd5f35892d3e2c6e16c","animate","bleached","Emotion Adj?-Conserv","SPOOVY","1"
"455",3055,"63ea6fd5f35892d3e2c6e16c","animate","bleached","Emotion Adj?-Conserv","TROBY","1"
"456",3059,"63ea6fd5f35892d3e2c6e16c","animate","bleached","Emotion Adj?-Conserv","BRISPY","1"
"457",3063,"63ea6fd5f35892d3e2c6e16c","animate","bleached","Emotion Adj?-Conserv","LARPY","1"
"458",3083,"5fbaf990efe4a5bcf223f9d7","animate","bleached","Emotion Adj?-Conserv","DAXY","1"
"459",3087,"5fbaf990efe4a5bcf223f9d7","animate","bleached","Emotion Adj?-Conserv","WILPY","1"
"460",3091,"5fbaf990efe4a5bcf223f9d7","animate","bleached","Emotion Adj?-Conserv","SPOOVY","1"
"461",3095,"5fbaf990efe4a5bcf223f9d7","animate","bleached","Emotion Adj?-Conserv","TROBY","1"
"462",3099,"5fbaf990efe4a5bcf223f9d7","animate","bleached","Emotion Adj?-Conserv","BRISPY","1"
"463",3103,"5fbaf990efe4a5bcf223f9d7","animate","bleached","Emotion Adj?-Conserv","LARPY","0"
"464",3123,"63d41180f831d7e83dd6c9a1","animate","bleached","Emotion Adj?-Conserv","DAXY","1"
"465",3127,"63d41180f831d7e83dd6c9a1","animate","bleached","Emotion Adj?-Conserv","WILPY","1"
"466",3131,"63d41180f831d7e83dd6c9a1","animate","bleached","Emotion Adj?-Conserv","SPOOVY","0"
"467",3135,"63d41180f831d7e83dd6c9a1","animate","bleached","Emotion Adj?-Conserv","TROBY","1"
"468",3139,"63d41180f831d7e83dd6c9a1","animate","bleached","Emotion Adj?-Conserv","BRISPY","1"
"469",3143,"63d41180f831d7e83dd6c9a1","animate","bleached","Emotion Adj?-Conserv","LARPY","1"
"470",3163,"5f1b9073b07b733a1b4fdd8b","animate","bleached","Emotion Adj?-Conserv","DAXY","1"
"471",3167,"5f1b9073b07b733a1b4fdd8b","animate","bleached","Emotion Adj?-Conserv","WILPY","1"
"472",3171,"5f1b9073b07b733a1b4fdd8b","animate","bleached","Emotion Adj?-Conserv","SPOOVY","1"
"473",3175,"5f1b9073b07b733a1b4fdd8b","animate","bleached","Emotion Adj?-Conserv","TROBY","1"
"474",3179,"5f1b9073b07b733a1b4fdd8b","animate","bleached","Emotion Adj?-Conserv","BRISPY","1"
"475",3183,"5f1b9073b07b733a1b4fdd8b","animate","bleached","Emotion Adj?-Conserv","LARPY","0"
"476",3203,"5f563771f9d13401b412c765","animate","bleached","Emotion Adj?-Conserv","DAXY","1"
"477",3207,"5f563771f9d13401b412c765","animate","bleached","Emotion Adj?-Conserv","WILPY","1"
"478",3211,"5f563771f9d13401b412c765","animate","bleached","Emotion Adj?-Conserv","SPOOVY","1"
"479",3215,"5f563771f9d13401b412c765","animate","bleached","Emotion Adj?-Conserv","TROBY","1"
"480",3219,"5f563771f9d13401b412c765","animate","bleached","Emotion Adj?-Conserv","BRISPY","1"
"481",3223,"5f563771f9d13401b412c765","animate","bleached","Emotion Adj?-Conserv","LARPY","1"
"482",3243,"5d5bb3833234e300164e518a","animate","bleached","Emotion Adj?-Conserv","DAXY","1"
"483",3247,"5d5bb3833234e300164e518a","animate","bleached","Emotion Adj?-Conserv","WILPY","1"
"484",3251,"5d5bb3833234e300164e518a","animate","bleached","Emotion Adj?-Conserv","SPOOVY","1"
"485",3255,"5d5bb3833234e300164e518a","animate","bleached","Emotion Adj?-Conserv","TROBY","1"
"486",3259,"5d5bb3833234e300164e518a","animate","bleached","Emotion Adj?-Conserv","BRISPY","1"
"487",3263,"5d5bb3833234e300164e518a","animate","bleached","Emotion Adj?-Conserv","LARPY","1"
"488",3283,"59609bdb599b690001ef2c59","animate","bleached","Emotion Adj?-Conserv","DAXY","1"
"489",3287,"59609bdb599b690001ef2c59","animate","bleached","Emotion Adj?-Conserv","WILPY","1"
"490",3291,"59609bdb599b690001ef2c59","animate","bleached","Emotion Adj?-Conserv","SPOOVY","1"
"491",3295,"59609bdb599b690001ef2c59","animate","bleached","Emotion Adj?-Conserv","TROBY","1"
"492",3299,"59609bdb599b690001ef2c59","animate","bleached","Emotion Adj?-Conserv","BRISPY","1"
"493",3303,"59609bdb599b690001ef2c59","animate","bleached","Emotion Adj?-Conserv","LARPY","0"
"494",3323,"628775652a4a95dff424b930","animate","bleached","Emotion Adj?-Conserv","DAXY","1"
"495",3327,"628775652a4a95dff424b930","animate","bleached","Emotion Adj?-Conserv","WILPY","1"
"496",3331,"628775652a4a95dff424b930","animate","bleached","Emotion Adj?-Conserv","SPOOVY","1"
"497",3335,"628775652a4a95dff424b930","animate","bleached","Emotion Adj?-Conserv","TROBY","1"
"498",3339,"628775652a4a95dff424b930","animate","bleached","Emotion Adj?-Conserv","BRISPY","1"
"499",3343,"628775652a4a95dff424b930","animate","bleached","Emotion Adj?-Conserv","LARPY","1"
"500",3363,"5c85883136f2450001c86ba9","animate","bleached","Emotion Adj?-Conserv","DAXY","1"
"501",3367,"5c85883136f2450001c86ba9","animate","bleached","Emotion Adj?-Conserv","WILPY","0"
"502",3371,"5c85883136f2450001c86ba9","animate","bleached","Emotion Adj?-Conserv","SPOOVY","1"
"503",3375,"5c85883136f2450001c86ba9","animate","bleached","Emotion Adj?-Conserv","TROBY","1"
"504",3379,"5c85883136f2450001c86ba9","animate","bleached","Emotion Adj?-Conserv","BRISPY","1"
"505",3383,"5c85883136f2450001c86ba9","animate","bleached","Emotion Adj?-Conserv","LARPY","0"
"506",3403,"5ffafdf0223a2e4d377fdefb","animate","bleached","Emotion Adj?-Conserv","DAXY","1"
"507",3407,"5ffafdf0223a2e4d377fdefb","animate","bleached","Emotion Adj?-Conserv","WILPY","0"
"508",3411,"5ffafdf0223a2e4d377fdefb","animate","bleached","Emotion Adj?-Conserv","SPOOVY","0"
"509",3415,"5ffafdf0223a2e4d377fdefb","animate","bleached","Emotion Adj?-Conserv","TROBY","1"
"510",3419,"5ffafdf0223a2e4d377fdefb","animate","bleached","Emotion Adj?-Conserv","BRISPY","1"
"511",3423,"5ffafdf0223a2e4d377fdefb","animate","bleached","Emotion Adj?-Conserv","LARPY","1"
"512",3443,"62b1e9ba68c260c4d300f075","animate","bleached","Emotion Adj?-Conserv","DAXY","1"
"513",3447,"62b1e9ba68c260c4d300f075","animate","bleached","Emotion Adj?-Conserv","WILPY","1"
"514",3451,"62b1e9ba68c260c4d300f075","animate","bleached","Emotion Adj?-Conserv","SPOOVY","1"
"515",3455,"62b1e9ba68c260c4d300f075","animate","bleached","Emotion Adj?-Conserv","TROBY","1"
"516",3459,"62b1e9ba68c260c4d300f075","animate","bleached","Emotion Adj?-Conserv","BRISPY","1"
"517",3463,"62b1e9ba68c260c4d300f075","animate","bleached","Emotion Adj?-Conserv","LARPY","1"
"518",3483,"63cf790208bad370e26f403e","animate","bleached","Emotion Adj?-Conserv","DAXY","1"
"519",3487,"63cf790208bad370e26f403e","animate","bleached","Emotion Adj?-Conserv","WILPY","1"
"520",3491,"63cf790208bad370e26f403e","animate","bleached","Emotion Adj?-Conserv","SPOOVY","1"
"521",3495,"63cf790208bad370e26f403e","animate","bleached","Emotion Adj?-Conserv","TROBY","1"
"522",3499,"63cf790208bad370e26f403e","animate","bleached","Emotion Adj?-Conserv","BRISPY","1"
"523",3503,"63cf790208bad370e26f403e","animate","bleached","Emotion Adj?-Conserv","LARPY","1"
"524",3523,"5efef7a02e80084179599349","animate","bleached","Emotion Adj?-Conserv","DAXY","1"
"525",3527,"5efef7a02e80084179599349","animate","bleached","Emotion Adj?-Conserv","WILPY","1"
"526",3531,"5efef7a02e80084179599349","animate","bleached","Emotion Adj?-Conserv","SPOOVY","1"
"527",3535,"5efef7a02e80084179599349","animate","bleached","Emotion Adj?-Conserv","TROBY","1"
"528",3539,"5efef7a02e80084179599349","animate","bleached","Emotion Adj?-Conserv","BRISPY","1"
"529",3543,"5efef7a02e80084179599349","animate","bleached","Emotion Adj?-Conserv","LARPY","0"
"530",3563,"63e5200afb60e577630f1b93","animate","bleached","Emotion Adj?-Conserv","DAXY","1"
"531",3567,"63e5200afb60e577630f1b93","animate","bleached","Emotion Adj?-Conserv","WILPY","1"
"532",3571,"63e5200afb60e577630f1b93","animate","bleached","Emotion Adj?-Conserv","SPOOVY","1"
"533",3575,"63e5200afb60e577630f1b93","animate","bleached","Emotion Adj?-Conserv","TROBY","1"
"534",3579,"63e5200afb60e577630f1b93","animate","bleached","Emotion Adj?-Conserv","BRISPY","1"
"535",3583,"63e5200afb60e577630f1b93","animate","bleached","Emotion Adj?-Conserv","LARPY","1"
"536",3603,"63e5fc8bcf6b5bddf4d4fe81","animate","bleached","Emotion Adj?-Conserv","DAXY","1"
"537",3607,"63e5fc8bcf6b5bddf4d4fe81","animate","bleached","Emotion Adj?-Conserv","WILPY","1"
"538",3611,"63e5fc8bcf6b5bddf4d4fe81","animate","bleached","Emotion Adj?-Conserv","SPOOVY","1"
"539",3615,"63e5fc8bcf6b5bddf4d4fe81","animate","bleached","Emotion Adj?-Conserv","TROBY","1"
"540",3619,"63e5fc8bcf6b5bddf4d4fe81","animate","bleached","Emotion Adj?-Conserv","BRISPY","1"
"541",3623,"63e5fc8bcf6b5bddf4d4fe81","animate","bleached","Emotion Adj?-Conserv","LARPY","1"
"542",3643,"63ebf69594c369d209178fb4","animate","bleached","Emotion Adj?-Conserv","DAXY","1"
"543",3647,"63ebf69594c369d209178fb4","animate","bleached","Emotion Adj?-Conserv","WILPY","1"
"544",3651,"63ebf69594c369d209178fb4","animate","bleached","Emotion Adj?-Conserv","SPOOVY","1"
"545",3655,"63ebf69594c369d209178fb4","animate","bleached","Emotion Adj?-Conserv","TROBY","1"
"546",3659,"63ebf69594c369d209178fb4","animate","bleached","Emotion Adj?-Conserv","BRISPY","1"
"547",3663,"63ebf69594c369d209178fb4","animate","bleached","Emotion Adj?-Conserv","LARPY","1"
"548",3683,"5b8846224cdb3d00017f2abb","animate","bleached","Emotion Adj?-Conserv","DAXY","1"
"549",3687,"5b8846224cdb3d00017f2abb","animate","bleached","Emotion Adj?-Conserv","WILPY","1"
"550",3691,"5b8846224cdb3d00017f2abb","animate","bleached","Emotion Adj?-Conserv","SPOOVY","1"
"551",3695,"5b8846224cdb3d00017f2abb","animate","bleached","Emotion Adj?-Conserv","TROBY","1"
"552",3699,"5b8846224cdb3d00017f2abb","animate","bleached","Emotion Adj?-Conserv","BRISPY","1"
"553",3703,"5b8846224cdb3d00017f2abb","animate","bleached","Emotion Adj?-Conserv","LARPY","0"
"554",3723,"5f99a931a1794a03fbf21ffe","animate","bleached","Emotion Adj?-Conserv","DAXY","0"
"555",3727,"5f99a931a1794a03fbf21ffe","animate","bleached","Emotion Adj?-Conserv","WILPY","1"
"556",3731,"5f99a931a1794a03fbf21ffe","animate","bleached","Emotion Adj?-Conserv","SPOOVY","0"
"557",3735,"5f99a931a1794a03fbf21ffe","animate","bleached","Emotion Adj?-Conserv","TROBY","0"
"558",3739,"5f99a931a1794a03fbf21ffe","animate","bleached","Emotion Adj?-Conserv","BRISPY","1"
"559",3743,"5f99a931a1794a03fbf21ffe","animate","bleached","Emotion Adj?-Conserv","LARPY","0"
"560",3763,"610868591e728ebd73443176","animate","bleached","Emotion Adj?-Conserv","DAXY","1"
"561",3767,"610868591e728ebd73443176","animate","bleached","Emotion Adj?-Conserv","WILPY","1"
"562",3771,"610868591e728ebd73443176","animate","bleached","Emotion Adj?-Conserv","SPOOVY","1"
"563",3775,"610868591e728ebd73443176","animate","bleached","Emotion Adj?-Conserv","TROBY","1"
"564",3779,"610868591e728ebd73443176","animate","bleached","Emotion Adj?-Conserv","BRISPY","1"
"565",3783,"610868591e728ebd73443176","animate","bleached","Emotion Adj?-Conserv","LARPY","1"
"566",3803,"5d5361322272e10001044841","animate","bleached","Emotion Adj?-Conserv","DAXY","1"
"567",3807,"5d5361322272e10001044841","animate","bleached","Emotion Adj?-Conserv","WILPY","1"
"568",3811,"5d5361322272e10001044841","animate","bleached","Emotion Adj?-Conserv","SPOOVY","1"
"569",3815,"5d5361322272e10001044841","animate","bleached","Emotion Adj?-Conserv","TROBY","1"
"570",3819,"5d5361322272e10001044841","animate","bleached","Emotion Adj?-Conserv","BRISPY","1"
"571",3823,"5d5361322272e10001044841","animate","bleached","Emotion Adj?-Conserv","LARPY","1"
"572",3843,"5c87b944faadd80015a71576","animate","bleached","Emotion Adj?-Conserv","DAXY","1"
"573",3847,"5c87b944faadd80015a71576","animate","bleached","Emotion Adj?-Conserv","WILPY","1"
"574",3851,"5c87b944faadd80015a71576","animate","bleached","Emotion Adj?-Conserv","SPOOVY","1"
"575",3855,"5c87b944faadd80015a71576","animate","bleached","Emotion Adj?-Conserv","TROBY","1"
"576",3859,"5c87b944faadd80015a71576","animate","bleached","Emotion Adj?-Conserv","BRISPY","1"
"577",3863,"5c87b944faadd80015a71576","animate","bleached","Emotion Adj?-Conserv","LARPY","1"
"578",3883,"6150e5601a0e7a3fbcfb9bfb","animate","bleached","Emotion Adj?-Conserv","DAXY","1"
"579",3887,"6150e5601a0e7a3fbcfb9bfb","animate","bleached","Emotion Adj?-Conserv","WILPY","1"
"580",3891,"6150e5601a0e7a3fbcfb9bfb","animate","bleached","Emotion Adj?-Conserv","SPOOVY","1"
"581",3895,"6150e5601a0e7a3fbcfb9bfb","animate","bleached","Emotion Adj?-Conserv","TROBY","1"
"582",3899,"6150e5601a0e7a3fbcfb9bfb","animate","bleached","Emotion Adj?-Conserv","BRISPY","1"
"583",3903,"6150e5601a0e7a3fbcfb9bfb","animate","bleached","Emotion Adj?-Conserv","LARPY","1"
"584",3923,"5c7d4bd96babcb000184fe7e","animate","bleached","Emotion Adj?-Conserv","DAXY","1"
"585",3927,"5c7d4bd96babcb000184fe7e","animate","bleached","Emotion Adj?-Conserv","WILPY","0"
"586",3931,"5c7d4bd96babcb000184fe7e","animate","bleached","Emotion Adj?-Conserv","SPOOVY","0"
"587",3935,"5c7d4bd96babcb000184fe7e","animate","bleached","Emotion Adj?-Conserv","TROBY","1"
"588",3939,"5c7d4bd96babcb000184fe7e","animate","bleached","Emotion Adj?-Conserv","BRISPY","1"
"589",3943,"5c7d4bd96babcb000184fe7e","animate","bleached","Emotion Adj?-Conserv","LARPY","1"
"590",3963,"63d3fb0367f25518af752d55","animate","bleached","Emotion Adj?-Conserv","DAXY","1"
"591",3967,"63d3fb0367f25518af752d55","animate","bleached","Emotion Adj?-Conserv","WILPY","1"
"592",3971,"63d3fb0367f25518af752d55","animate","bleached","Emotion Adj?-Conserv","SPOOVY","1"
"593",3975,"63d3fb0367f25518af752d55","animate","bleached","Emotion Adj?-Conserv","TROBY","1"
"594",3979,"63d3fb0367f25518af752d55","animate","bleached","Emotion Adj?-Conserv","BRISPY","1"
"595",3983,"63d3fb0367f25518af752d55","animate","bleached","Emotion Adj?-Conserv","LARPY","1"
"596",4003,"5f18876f1096dd0804710dc0","animate","bleached","Emotion Adj?-Conserv","DAXY","1"
"597",4007,"5f18876f1096dd0804710dc0","animate","bleached","Emotion Adj?-Conserv","WILPY","1"
"598",4011,"5f18876f1096dd0804710dc0","animate","bleached","Emotion Adj?-Conserv","SPOOVY","1"
"599",4015,"5f18876f1096dd0804710dc0","animate","bleached","Emotion Adj?-Conserv","TROBY","1"
"600",4019,"5f18876f1096dd0804710dc0","animate","bleached","Emotion Adj?-Conserv","BRISPY","1"
"601",4023,"5f18876f1096dd0804710dc0","animate","bleached","Emotion Adj?-Conserv","LARPY","0"
"602",4043,"6310e6dab83013f228bc121a","animate","bleached","Emotion Adj?-Conserv","DAXY","1"
"603",4047,"6310e6dab83013f228bc121a","animate","bleached","Emotion Adj?-Conserv","WILPY","1"
"604",4051,"6310e6dab83013f228bc121a","animate","bleached","Emotion Adj?-Conserv","SPOOVY","1"
"605",4055,"6310e6dab83013f228bc121a","animate","bleached","Emotion Adj?-Conserv","TROBY","1"
"606",4059,"6310e6dab83013f228bc121a","animate","bleached","Emotion Adj?-Conserv","BRISPY","1"
"607",4063,"6310e6dab83013f228bc121a","animate","bleached","Emotion Adj?-Conserv","LARPY","0"
"608",4083,"60fd8026f92207ceba5fe793","animate","bleached","Emotion Adj?-Conserv","DAXY","1"
"609",4087,"60fd8026f92207ceba5fe793","animate","bleached","Emotion Adj?-Conserv","WILPY","1"
"610",4091,"60fd8026f92207ceba5fe793","animate","bleached","Emotion Adj?-Conserv","SPOOVY","1"
"611",4095,"60fd8026f92207ceba5fe793","animate","bleached","Emotion Adj?-Conserv","TROBY","0"
"612",4099,"60fd8026f92207ceba5fe793","animate","bleached","Emotion Adj?-Conserv","BRISPY","1"
"613",4103,"60fd8026f92207ceba5fe793","animate","bleached","Emotion Adj?-Conserv","LARPY","0"
"614",4123,"607184500f0f361d7c1d48e1","animate","bleached","Emotion Adj?-Conserv","DAXY","1"
"615",4127,"607184500f0f361d7c1d48e1","animate","bleached","Emotion Adj?-Conserv","WILPY","1"
"616",4131,"607184500f0f361d7c1d48e1","animate","bleached","Emotion Adj?-Conserv","SPOOVY","1"
"617",4135,"607184500f0f361d7c1d48e1","animate","bleached","Emotion Adj?-Conserv","TROBY","1"
"618",4139,"607184500f0f361d7c1d48e1","animate","bleached","Emotion Adj?-Conserv","BRISPY","1"
"619",4143,"607184500f0f361d7c1d48e1","animate","bleached","Emotion Adj?-Conserv","LARPY","0"
"620",4163,"5df34f16dc853522937c6653","animate","bleached","Emotion Adj?-Conserv","DAXY","1"
"621",4167,"5df34f16dc853522937c6653","animate","bleached","Emotion Adj?-Conserv","WILPY","1"
"622",4171,"5df34f16dc853522937c6653","animate","bleached","Emotion Adj?-Conserv","SPOOVY","1"
"623",4175,"5df34f16dc853522937c6653","animate","bleached","Emotion Adj?-Conserv","TROBY","1"
"624",4179,"5df34f16dc853522937c6653","animate","bleached","Emotion Adj?-Conserv","BRISPY","1"
"625",4183,"5df34f16dc853522937c6653","animate","bleached","Emotion Adj?-Conserv","LARPY","1"
"626",4203,"610e575e4c25eb325fb57ea7","animate","bleached","Emotion Adj?-Conserv","DAXY","1"
"627",4207,"610e575e4c25eb325fb57ea7","animate","bleached","Emotion Adj?-Conserv","WILPY","0"
"628",4211,"610e575e4c25eb325fb57ea7","animate","bleached","Emotion Adj?-Conserv","SPOOVY","1"
"629",4215,"610e575e4c25eb325fb57ea7","animate","bleached","Emotion Adj?-Conserv","TROBY","1"
"630",4219,"610e575e4c25eb325fb57ea7","animate","bleached","Emotion Adj?-Conserv","BRISPY","1"
"631",4223,"610e575e4c25eb325fb57ea7","animate","bleached","Emotion Adj?-Conserv","LARPY","0"
"632",4243,"58fdcd2be219d00001ee5aa0","animate","bleached","Emotion Adj?-Conserv","DAXY","1"
"633",4247,"58fdcd2be219d00001ee5aa0","animate","bleached","Emotion Adj?-Conserv","WILPY","1"
"634",4251,"58fdcd2be219d00001ee5aa0","animate","bleached","Emotion Adj?-Conserv","SPOOVY","0"
"635",4255,"58fdcd2be219d00001ee5aa0","animate","bleached","Emotion Adj?-Conserv","TROBY","1"
"636",4259,"58fdcd2be219d00001ee5aa0","animate","bleached","Emotion Adj?-Conserv","BRISPY","1"
"637",4263,"58fdcd2be219d00001ee5aa0","animate","bleached","Emotion Adj?-Conserv","LARPY","1"
"638",4283,"63d1e795b7b8adbb862dfaf1","animate","bleached","Emotion Adj?-Conserv","DAXY","1"
"639",4287,"63d1e795b7b8adbb862dfaf1","animate","bleached","Emotion Adj?-Conserv","WILPY","1"
"640",4291,"63d1e795b7b8adbb862dfaf1","animate","bleached","Emotion Adj?-Conserv","SPOOVY","1"
"641",4295,"63d1e795b7b8adbb862dfaf1","animate","bleached","Emotion Adj?-Conserv","TROBY","1"
"642",4299,"63d1e795b7b8adbb862dfaf1","animate","bleached","Emotion Adj?-Conserv","BRISPY","1"
"643",4303,"63d1e795b7b8adbb862dfaf1","animate","bleached","Emotion Adj?-Conserv","LARPY","1"
"644",4323,"5e14de687d9adf000b603402","animate","bleached","Emotion Adj?-Conserv","DAXY","1"
"645",4327,"5e14de687d9adf000b603402","animate","bleached","Emotion Adj?-Conserv","WILPY","1"
"646",4331,"5e14de687d9adf000b603402","animate","bleached","Emotion Adj?-Conserv","SPOOVY","1"
"647",4335,"5e14de687d9adf000b603402","animate","bleached","Emotion Adj?-Conserv","TROBY","1"
"648",4339,"5e14de687d9adf000b603402","animate","bleached","Emotion Adj?-Conserv","BRISPY","1"
"649",4343,"5e14de687d9adf000b603402","animate","bleached","Emotion Adj?-Conserv","LARPY","1"
"650",4363,"6101555460885dc993940821","animate","bleached","Emotion Adj?-Conserv","DAXY","1"
"651",4367,"6101555460885dc993940821","animate","bleached","Emotion Adj?-Conserv","WILPY","1"
"652",4371,"6101555460885dc993940821","animate","bleached","Emotion Adj?-Conserv","SPOOVY","1"
"653",4375,"6101555460885dc993940821","animate","bleached","Emotion Adj?-Conserv","TROBY","1"
"654",4379,"6101555460885dc993940821","animate","bleached","Emotion Adj?-Conserv","BRISPY","1"
"655",4383,"6101555460885dc993940821","animate","bleached","Emotion Adj?-Conserv","LARPY","1"
"656",4403,"5d209dad84b46c000177a659","animate","bleached","Emotion Adj?-Conserv","DAXY","0"
"657",4407,"5d209dad84b46c000177a659","animate","bleached","Emotion Adj?-Conserv","WILPY","1"
"658",4411,"5d209dad84b46c000177a659","animate","bleached","Emotion Adj?-Conserv","SPOOVY","1"
"659",4415,"5d209dad84b46c000177a659","animate","bleached","Emotion Adj?-Conserv","TROBY","1"
"660",4419,"5d209dad84b46c000177a659","animate","bleached","Emotion Adj?-Conserv","BRISPY","1"
"661",4423,"5d209dad84b46c000177a659","animate","bleached","Emotion Adj?-Conserv","LARPY","1"
"662",4443,"5f1c6f60ed2efa4ff67399f4","animate","bleached","Emotion Adj?-Conserv","DAXY","1"
"663",4447,"5f1c6f60ed2efa4ff67399f4","animate","bleached","Emotion Adj?-Conserv","WILPY","1"
"664",4451,"5f1c6f60ed2efa4ff67399f4","animate","bleached","Emotion Adj?-Conserv","SPOOVY","1"
"665",4455,"5f1c6f60ed2efa4ff67399f4","animate","bleached","Emotion Adj?-Conserv","TROBY","1"
"666",4459,"5f1c6f60ed2efa4ff67399f4","animate","bleached","Emotion Adj?-Conserv","BRISPY","1"
"667",4463,"5f1c6f60ed2efa4ff67399f4","animate","bleached","Emotion Adj?-Conserv","LARPY","1"
"668",4483,"606f277cdd257dea5536d322","animate","bleached","Emotion Adj?-Conserv","DAXY","1"
"669",4487,"606f277cdd257dea5536d322","animate","bleached","Emotion Adj?-Conserv","WILPY","1"
"670",4491,"606f277cdd257dea5536d322","animate","bleached","Emotion Adj?-Conserv","SPOOVY","1"
"671",4495,"606f277cdd257dea5536d322","animate","bleached","Emotion Adj?-Conserv","TROBY","1"
"672",4499,"606f277cdd257dea5536d322","animate","bleached","Emotion Adj?-Conserv","BRISPY","1"
"673",4503,"606f277cdd257dea5536d322","animate","bleached","Emotion Adj?-Conserv","LARPY","1"
"674",4523,"5c762ce8eda5da001662be0b","animate","lexical","Emotion Adj?-Conserv","DAXY","1"
"675",4527,"5c762ce8eda5da001662be0b","animate","lexical","Emotion Adj?-Conserv","WILPY","1"
"676",4531,"5c762ce8eda5da001662be0b","animate","lexical","Emotion Adj?-Conserv","SPOOVY","1"
"677",4535,"5c762ce8eda5da001662be0b","animate","lexical","Emotion Adj?-Conserv","TROBY","1"
"678",4539,"5c762ce8eda5da001662be0b","animate","lexical","Emotion Adj?-Conserv","BRISPY","1"
"679",4543,"5c762ce8eda5da001662be0b","animate","lexical","Emotion Adj?-Conserv","LARPY","1"
"680",4563,"63e546e24eee3ecb827d167b","animate","lexical","Emotion Adj?-Conserv","DAXY","1"
"681",4567,"63e546e24eee3ecb827d167b","animate","lexical","Emotion Adj?-Conserv","WILPY","1"
"682",4571,"63e546e24eee3ecb827d167b","animate","lexical","Emotion Adj?-Conserv","SPOOVY","1"
"683",4575,"63e546e24eee3ecb827d167b","animate","lexical","Emotion Adj?-Conserv","TROBY","1"
"684",4579,"63e546e24eee3ecb827d167b","animate","lexical","Emotion Adj?-Conserv","BRISPY","1"
"685",4583,"63e546e24eee3ecb827d167b","animate","lexical","Emotion Adj?-Conserv","LARPY","1"
"686",4603,"5d60d34008ff870016878a6d","animate","lexical","Emotion Adj?-Conserv","DAXY","1"
"687",4607,"5d60d34008ff870016878a6d","animate","lexical","Emotion Adj?-Conserv","WILPY","1"
"688",4611,"5d60d34008ff870016878a6d","animate","lexical","Emotion Adj?-Conserv","SPOOVY","1"
"689",4615,"5d60d34008ff870016878a6d","animate","lexical","Emotion Adj?-Conserv","TROBY","1"
"690",4619,"5d60d34008ff870016878a6d","animate","lexical","Emotion Adj?-Conserv","BRISPY","1"
"691",4623,"5d60d34008ff870016878a6d","animate","lexical","Emotion Adj?-Conserv","LARPY","0"
"692",4643,"63ed4f817c0e048c31b9dbd6","animate","lexical","Emotion Adj?-Conserv","DAXY","1"
"693",4647,"63ed4f817c0e048c31b9dbd6","animate","lexical","Emotion Adj?-Conserv","WILPY","1"
"694",4651,"63ed4f817c0e048c31b9dbd6","animate","lexical","Emotion Adj?-Conserv","SPOOVY","1"
"695",4655,"63ed4f817c0e048c31b9dbd6","animate","lexical","Emotion Adj?-Conserv","TROBY","1"
"696",4659,"63ed4f817c0e048c31b9dbd6","animate","lexical","Emotion Adj?-Conserv","BRISPY","1"
"697",4663,"63ed4f817c0e048c31b9dbd6","animate","lexical","Emotion Adj?-Conserv","LARPY","1"
"698",4683,"5c50b130d5172600019f156f","animate","lexical","Emotion Adj?-Conserv","DAXY","1"
"699",4687,"5c50b130d5172600019f156f","animate","lexical","Emotion Adj?-Conserv","WILPY","1"
"700",4691,"5c50b130d5172600019f156f","animate","lexical","Emotion Adj?-Conserv","SPOOVY","1"
"701",4695,"5c50b130d5172600019f156f","animate","lexical","Emotion Adj?-Conserv","TROBY","1"
"702",4699,"5c50b130d5172600019f156f","animate","lexical","Emotion Adj?-Conserv","BRISPY","1"
"703",4703,"5c50b130d5172600019f156f","animate","lexical","Emotion Adj?-Conserv","LARPY","1"
"704",4723,"63e7f35acaaee8a07542a249","animate","lexical","Emotion Adj?-Conserv","DAXY","1"
"705",4727,"63e7f35acaaee8a07542a249","animate","lexical","Emotion Adj?-Conserv","WILPY","1"
"706",4731,"63e7f35acaaee8a07542a249","animate","lexical","Emotion Adj?-Conserv","SPOOVY","1"
"707",4735,"63e7f35acaaee8a07542a249","animate","lexical","Emotion Adj?-Conserv","TROBY","1"
"708",4739,"63e7f35acaaee8a07542a249","animate","lexical","Emotion Adj?-Conserv","BRISPY","1"
"709",4743,"63e7f35acaaee8a07542a249","animate","lexical","Emotion Adj?-Conserv","LARPY","0"
"710",4763,"5d95738ef9e579001dda0e08","animate","lexical","Emotion Adj?-Conserv","DAXY","1"
"711",4767,"5d95738ef9e579001dda0e08","animate","lexical","Emotion Adj?-Conserv","WILPY","0"
"712",4771,"5d95738ef9e579001dda0e08","animate","lexical","Emotion Adj?-Conserv","SPOOVY","1"
"713",4775,"5d95738ef9e579001dda0e08","animate","lexical","Emotion Adj?-Conserv","TROBY","1"
"714",4779,"5d95738ef9e579001dda0e08","animate","lexical","Emotion Adj?-Conserv","BRISPY","1"
"715",4783,"5d95738ef9e579001dda0e08","animate","lexical","Emotion Adj?-Conserv","LARPY","1"
"716",4803,"63e52e5bc075451170259828","animate","lexical","Emotion Adj?-Conserv","DAXY","1"
"717",4807,"63e52e5bc075451170259828","animate","lexical","Emotion Adj?-Conserv","WILPY","1"
"718",4811,"63e52e5bc075451170259828","animate","lexical","Emotion Adj?-Conserv","SPOOVY","1"
"719",4815,"63e52e5bc075451170259828","animate","lexical","Emotion Adj?-Conserv","TROBY","1"
"720",4819,"63e52e5bc075451170259828","animate","lexical","Emotion Adj?-Conserv","BRISPY","1"
"721",4823,"63e52e5bc075451170259828","animate","lexical","Emotion Adj?-Conserv","LARPY","1"
"722",4843,"5e6003da868950348ea8cdec","animate","lexical","Emotion Adj?-Conserv","DAXY","1"
"723",4847,"5e6003da868950348ea8cdec","animate","lexical","Emotion Adj?-Conserv","WILPY","1"
"724",4851,"5e6003da868950348ea8cdec","animate","lexical","Emotion Adj?-Conserv","SPOOVY","1"
"725",4855,"5e6003da868950348ea8cdec","animate","lexical","Emotion Adj?-Conserv","TROBY","1"
"726",4859,"5e6003da868950348ea8cdec","animate","lexical","Emotion Adj?-Conserv","BRISPY","1"
"727",4863,"5e6003da868950348ea8cdec","animate","lexical","Emotion Adj?-Conserv","LARPY","1"
"728",4883,"5f56b1483e63a411d99a0f01","animate","lexical","Emotion Adj?-Conserv","DAXY","1"
"729",4887,"5f56b1483e63a411d99a0f01","animate","lexical","Emotion Adj?-Conserv","WILPY","1"
"730",4891,"5f56b1483e63a411d99a0f01","animate","lexical","Emotion Adj?-Conserv","SPOOVY","1"
"731",4895,"5f56b1483e63a411d99a0f01","animate","lexical","Emotion Adj?-Conserv","TROBY","1"
"732",4899,"5f56b1483e63a411d99a0f01","animate","lexical","Emotion Adj?-Conserv","BRISPY","1"
"733",4903,"5f56b1483e63a411d99a0f01","animate","lexical","Emotion Adj?-Conserv","LARPY","1"
"734",4923,"5871353dd6df7000018746ca","animate","lexical","Emotion Adj?-Conserv","DAXY","1"
"735",4927,"5871353dd6df7000018746ca","animate","lexical","Emotion Adj?-Conserv","WILPY","1"
"736",4931,"5871353dd6df7000018746ca","animate","lexical","Emotion Adj?-Conserv","SPOOVY","1"
"737",4935,"5871353dd6df7000018746ca","animate","lexical","Emotion Adj?-Conserv","TROBY","1"
"738",4939,"5871353dd6df7000018746ca","animate","lexical","Emotion Adj?-Conserv","BRISPY","1"
"739",4943,"5871353dd6df7000018746ca","animate","lexical","Emotion Adj?-Conserv","LARPY","1"
"740",4963,"5c46aba95aca820001f7cbbc","animate","lexical","Emotion Adj?-Conserv","DAXY","1"
"741",4967,"5c46aba95aca820001f7cbbc","animate","lexical","Emotion Adj?-Conserv","WILPY","1"
"742",4971,"5c46aba95aca820001f7cbbc","animate","lexical","Emotion Adj?-Conserv","SPOOVY","1"
"743",4975,"5c46aba95aca820001f7cbbc","animate","lexical","Emotion Adj?-Conserv","TROBY","1"
"744",4979,"5c46aba95aca820001f7cbbc","animate","lexical","Emotion Adj?-Conserv","BRISPY","1"
"745",4983,"5c46aba95aca820001f7cbbc","animate","lexical","Emotion Adj?-Conserv","LARPY","0"
"746",5003,"6393a08fff31ea48f8ca7096","animate","lexical","Emotion Adj?-Conserv","DAXY","0"
"747",5007,"6393a08fff31ea48f8ca7096","animate","lexical","Emotion Adj?-Conserv","WILPY","1"
"748",5011,"6393a08fff31ea48f8ca7096","animate","lexical","Emotion Adj?-Conserv","SPOOVY","1"
"749",5015,"6393a08fff31ea48f8ca7096","animate","lexical","Emotion Adj?-Conserv","TROBY","1"
"750",5019,"6393a08fff31ea48f8ca7096","animate","lexical","Emotion Adj?-Conserv","BRISPY","1"
"751",5023,"6393a08fff31ea48f8ca7096","animate","lexical","Emotion Adj?-Conserv","LARPY","0"
"752",5043,"5a26178cb4a5de00011aef56","animate","lexical","Emotion Adj?-Conserv","DAXY","0"
"753",5047,"5a26178cb4a5de00011aef56","animate","lexical","Emotion Adj?-Conserv","WILPY","1"
"754",5051,"5a26178cb4a5de00011aef56","animate","lexical","Emotion Adj?-Conserv","SPOOVY","1"
"755",5055,"5a26178cb4a5de00011aef56","animate","lexical","Emotion Adj?-Conserv","TROBY","1"
"756",5059,"5a26178cb4a5de00011aef56","animate","lexical","Emotion Adj?-Conserv","BRISPY","1"
"757",5063,"5a26178cb4a5de00011aef56","animate","lexical","Emotion Adj?-Conserv","LARPY","0"
"758",5083,"63ea8896e94df510f36b9238","animate","lexical","Emotion Adj?-Conserv","DAXY","1"
"759",5087,"63ea8896e94df510f36b9238","animate","lexical","Emotion Adj?-Conserv","WILPY","1"
"760",5091,"63ea8896e94df510f36b9238","animate","lexical","Emotion Adj?-Conserv","SPOOVY","1"
"761",5095,"63ea8896e94df510f36b9238","animate","lexical","Emotion Adj?-Conserv","TROBY","1"
"762",5099,"63ea8896e94df510f36b9238","animate","lexical","Emotion Adj?-Conserv","BRISPY","1"
"763",5103,"63ea8896e94df510f36b9238","animate","lexical","Emotion Adj?-Conserv","LARPY","1"
"764",5123,"5db54b75a3df85000edfa2cf","animate","lexical","Emotion Adj?-Conserv","DAXY","1"
"765",5127,"5db54b75a3df85000edfa2cf","animate","lexical","Emotion Adj?-Conserv","WILPY","1"
"766",5163,"5e377e7147f5527223aee301","animate","lexical","Emotion Adj?-Conserv","DAXY","1"
"767",5167,"5e377e7147f5527223aee301","animate","lexical","Emotion Adj?-Conserv","WILPY","0"
"768",5171,"5e377e7147f5527223aee301","animate","lexical","Emotion Adj?-Conserv","SPOOVY","1"
"769",5175,"5e377e7147f5527223aee301","animate","lexical","Emotion Adj?-Conserv","TROBY","1"
"770",5179,"5e377e7147f5527223aee301","animate","lexical","Emotion Adj?-Conserv","BRISPY","1"
"771",5183,"5e377e7147f5527223aee301","animate","lexical","Emotion Adj?-Conserv","LARPY","0"
"772",5203,"58d3c97d42648b0001f21cc4","animate","lexical","Emotion Adj?-Conserv","DAXY","0"
"773",5211,"58d3c97d42648b0001f21cc4","animate","lexical","Emotion Adj?-Conserv","SPOOVY","0"
"774",5215,"58d3c97d42648b0001f21cc4","animate","lexical","Emotion Adj?-Conserv","TROBY","1"
"775",5219,"58d3c97d42648b0001f21cc4","animate","lexical","Emotion Adj?-Conserv","BRISPY","1"
"776",5223,"58d3c97d42648b0001f21cc4","animate","lexical","Emotion Adj?-Conserv","LARPY","1"
"777",5243,"5cb19d5777375f0016f32030","animate","lexical","Emotion Adj?-Conserv","DAXY","0"
"778",5247,"5cb19d5777375f0016f32030","animate","lexical","Emotion Adj?-Conserv","WILPY","1"
"779",5251,"5cb19d5777375f0016f32030","animate","lexical","Emotion Adj?-Conserv","SPOOVY","1"
"780",5255,"5cb19d5777375f0016f32030","animate","lexical","Emotion Adj?-Conserv","TROBY","1"
"781",5259,"5cb19d5777375f0016f32030","animate","lexical","Emotion Adj?-Conserv","BRISPY","1"
"782",5263,"5cb19d5777375f0016f32030","animate","lexical","Emotion Adj?-Conserv","LARPY","0"
"783",5283,"60036f93535f9a442ef25df9","animate","lexical","Emotion Adj?-Conserv","DAXY","1"
"784",5287,"60036f93535f9a442ef25df9","animate","lexical","Emotion Adj?-Conserv","WILPY","1"
"785",5291,"60036f93535f9a442ef25df9","animate","lexical","Emotion Adj?-Conserv","SPOOVY","1"
"786",5295,"60036f93535f9a442ef25df9","animate","lexical","Emotion Adj?-Conserv","TROBY","1"
"787",5299,"60036f93535f9a442ef25df9","animate","lexical","Emotion Adj?-Conserv","BRISPY","1"
"788",5303,"60036f93535f9a442ef25df9","animate","lexical","Emotion Adj?-Conserv","LARPY","0"
"789",5323,"6058e58ad1de5339825e2ec6","animate","lexical","Emotion Adj?-Conserv","DAXY","1"
"790",5327,"6058e58ad1de5339825e2ec6","animate","lexical","Emotion Adj?-Conserv","WILPY","1"
"791",5331,"6058e58ad1de5339825e2ec6","animate","lexical","Emotion Adj?-Conserv","SPOOVY","1"
"792",5335,"6058e58ad1de5339825e2ec6","animate","lexical","Emotion Adj?-Conserv","TROBY","1"
"793",5339,"6058e58ad1de5339825e2ec6","animate","lexical","Emotion Adj?-Conserv","BRISPY","1"
"794",5343,"6058e58ad1de5339825e2ec6","animate","lexical","Emotion Adj?-Conserv","LARPY","1"
"795",5363,"5a779c1daa46dd00016b23df","animate","lexical","Emotion Adj?-Conserv","DAXY","1"
"796",5367,"5a779c1daa46dd00016b23df","animate","lexical","Emotion Adj?-Conserv","WILPY","1"
"797",5371,"5a779c1daa46dd00016b23df","animate","lexical","Emotion Adj?-Conserv","SPOOVY","1"
"798",5375,"5a779c1daa46dd00016b23df","animate","lexical","Emotion Adj?-Conserv","TROBY","1"
"799",5379,"5a779c1daa46dd00016b23df","animate","lexical","Emotion Adj?-Conserv","BRISPY","1"
"800",5383,"5a779c1daa46dd00016b23df","animate","lexical","Emotion Adj?-Conserv","LARPY","1"
"801",5403,"62e3ff70c659e13e1ddf3048","animate","lexical","Emotion Adj?-Conserv","DAXY","1"
"802",5407,"62e3ff70c659e13e1ddf3048","animate","lexical","Emotion Adj?-Conserv","WILPY","1"
"803",5411,"62e3ff70c659e13e1ddf3048","animate","lexical","Emotion Adj?-Conserv","SPOOVY","1"
"804",5415,"62e3ff70c659e13e1ddf3048","animate","lexical","Emotion Adj?-Conserv","TROBY","1"
"805",5419,"62e3ff70c659e13e1ddf3048","animate","lexical","Emotion Adj?-Conserv","BRISPY","1"
"806",5423,"62e3ff70c659e13e1ddf3048","animate","lexical","Emotion Adj?-Conserv","LARPY","0"
"807",5443,"5e289b3d335f7007aed8886b","animate","lexical","Emotion Adj?-Conserv","DAXY","1"
"808",5447,"5e289b3d335f7007aed8886b","animate","lexical","Emotion Adj?-Conserv","WILPY","1"
"809",5451,"5e289b3d335f7007aed8886b","animate","lexical","Emotion Adj?-Conserv","SPOOVY","1"
"810",5455,"5e289b3d335f7007aed8886b","animate","lexical","Emotion Adj?-Conserv","TROBY","1"
"811",5459,"5e289b3d335f7007aed8886b","animate","lexical","Emotion Adj?-Conserv","BRISPY","1"
"812",5463,"5e289b3d335f7007aed8886b","animate","lexical","Emotion Adj?-Conserv","LARPY","1"
"813",5483,"5e78c7f1e9504104041a727a","animate","lexical","Emotion Adj?-Conserv","DAXY","1"
"814",5487,"5e78c7f1e9504104041a727a","animate","lexical","Emotion Adj?-Conserv","WILPY","1"
"815",5491,"5e78c7f1e9504104041a727a","animate","lexical","Emotion Adj?-Conserv","SPOOVY","1"
"816",5495,"5e78c7f1e9504104041a727a","animate","lexical","Emotion Adj?-Conserv","TROBY","1"
"817",5499,"5e78c7f1e9504104041a727a","animate","lexical","Emotion Adj?-Conserv","BRISPY","1"
"818",5503,"5e78c7f1e9504104041a727a","animate","lexical","Emotion Adj?-Conserv","LARPY","0"
"819",5523,"5c16c04cd0194b0001e693f0","animate","lexical","Emotion Adj?-Conserv","DAXY","1"
"820",5527,"5c16c04cd0194b0001e693f0","animate","lexical","Emotion Adj?-Conserv","WILPY","0"
"821",5531,"5c16c04cd0194b0001e693f0","animate","lexical","Emotion Adj?-Conserv","SPOOVY","1"
"822",5535,"5c16c04cd0194b0001e693f0","animate","lexical","Emotion Adj?-Conserv","TROBY","1"
"823",5539,"5c16c04cd0194b0001e693f0","animate","lexical","Emotion Adj?-Conserv","BRISPY","1"
"824",5543,"5c16c04cd0194b0001e693f0","animate","lexical","Emotion Adj?-Conserv","LARPY","0"
"825",5563,"63d3fb4ab5234b33289e0a01","animate","lexical","Emotion Adj?-Conserv","DAXY","1"
"826",5567,"63d3fb4ab5234b33289e0a01","animate","lexical","Emotion Adj?-Conserv","WILPY","1"
"827",5571,"63d3fb4ab5234b33289e0a01","animate","lexical","Emotion Adj?-Conserv","SPOOVY","1"
"828",5575,"63d3fb4ab5234b33289e0a01","animate","lexical","Emotion Adj?-Conserv","TROBY","1"
"829",5579,"63d3fb4ab5234b33289e0a01","animate","lexical","Emotion Adj?-Conserv","BRISPY","1"
"830",5583,"63d3fb4ab5234b33289e0a01","animate","lexical","Emotion Adj?-Conserv","LARPY","0"
"831",5603,"63ea414c6ae63a1b1cf8b7d2","animate","lexical","Emotion Adj?-Conserv","DAXY","1"
"832",5607,"63ea414c6ae63a1b1cf8b7d2","animate","lexical","Emotion Adj?-Conserv","WILPY","1"
"833",5611,"63ea414c6ae63a1b1cf8b7d2","animate","lexical","Emotion Adj?-Conserv","SPOOVY","1"
"834",5615,"63ea414c6ae63a1b1cf8b7d2","animate","lexical","Emotion Adj?-Conserv","TROBY","1"
"835",5619,"63ea414c6ae63a1b1cf8b7d2","animate","lexical","Emotion Adj?-Conserv","BRISPY","1"
"836",5623,"63ea414c6ae63a1b1cf8b7d2","animate","lexical","Emotion Adj?-Conserv","LARPY","0"
"837",5643,"63da666c15e119dc0494d55b","animate","lexical","Emotion Adj?-Conserv","DAXY","1"
"838",5647,"63da666c15e119dc0494d55b","animate","lexical","Emotion Adj?-Conserv","WILPY","1"
"839",5651,"63da666c15e119dc0494d55b","animate","lexical","Emotion Adj?-Conserv","SPOOVY","1"
"840",5655,"63da666c15e119dc0494d55b","animate","lexical","Emotion Adj?-Conserv","TROBY","1"
"841",5659,"63da666c15e119dc0494d55b","animate","lexical","Emotion Adj?-Conserv","BRISPY","1"
"842",5663,"63da666c15e119dc0494d55b","animate","lexical","Emotion Adj?-Conserv","LARPY","1"
"843",5683,"597b39512351f1000158fcda","animate","lexical","Emotion Adj?-Conserv","DAXY","0"
"844",5687,"597b39512351f1000158fcda","animate","lexical","Emotion Adj?-Conserv","WILPY","1"
"845",5691,"597b39512351f1000158fcda","animate","lexical","Emotion Adj?-Conserv","SPOOVY","1"
"846",5695,"597b39512351f1000158fcda","animate","lexical","Emotion Adj?-Conserv","TROBY","1"
"847",5699,"597b39512351f1000158fcda","animate","lexical","Emotion Adj?-Conserv","BRISPY","1"
"848",5703,"597b39512351f1000158fcda","animate","lexical","Emotion Adj?-Conserv","LARPY","1"
"849",5723,"63ed055f8544b95881b99915","animate","lexical","Emotion Adj?-Conserv","DAXY","0"
"850",5727,"63ed055f8544b95881b99915","animate","lexical","Emotion Adj?-Conserv","WILPY","0"
"851",5731,"63ed055f8544b95881b99915","animate","lexical","Emotion Adj?-Conserv","SPOOVY","1"
"852",5735,"63ed055f8544b95881b99915","animate","lexical","Emotion Adj?-Conserv","TROBY","1"
"853",5739,"63ed055f8544b95881b99915","animate","lexical","Emotion Adj?-Conserv","BRISPY","0"
"854",5743,"63ed055f8544b95881b99915","animate","lexical","Emotion Adj?-Conserv","LARPY","0"
"855",5763,"610d02f9c74aa6eb0b2d5120","animate","lexical","Emotion Adj?-Conserv","DAXY","1"
"856",5767,"610d02f9c74aa6eb0b2d5120","animate","lexical","Emotion Adj?-Conserv","WILPY","1"
"857",5771,"610d02f9c74aa6eb0b2d5120","animate","lexical","Emotion Adj?-Conserv","SPOOVY","1"
"858",5775,"610d02f9c74aa6eb0b2d5120","animate","lexical","Emotion Adj?-Conserv","TROBY","1"
"859",5779,"610d02f9c74aa6eb0b2d5120","animate","lexical","Emotion Adj?-Conserv","BRISPY","1"
"860",5783,"610d02f9c74aa6eb0b2d5120","animate","lexical","Emotion Adj?-Conserv","LARPY","1"
"861",5803,"61471e9f6eee16034dd4d303","animate","lexical","Emotion Adj?-Conserv","DAXY","1"
"862",5807,"61471e9f6eee16034dd4d303","animate","lexical","Emotion Adj?-Conserv","WILPY","1"
"863",5811,"61471e9f6eee16034dd4d303","animate","lexical","Emotion Adj?-Conserv","SPOOVY","1"
"864",5815,"61471e9f6eee16034dd4d303","animate","lexical","Emotion Adj?-Conserv","TROBY","1"
"865",5819,"61471e9f6eee16034dd4d303","animate","lexical","Emotion Adj?-Conserv","BRISPY","1"
"866",5823,"61471e9f6eee16034dd4d303","animate","lexical","Emotion Adj?-Conserv","LARPY","0"
"867",5843,"63d438b70c79c5e4ceef6b93","animate","lexical","Emotion Adj?-Conserv","DAXY","0"
"868",5847,"63d438b70c79c5e4ceef6b93","animate","lexical","Emotion Adj?-Conserv","WILPY","1"
"869",5851,"63d438b70c79c5e4ceef6b93","animate","lexical","Emotion Adj?-Conserv","SPOOVY","1"
"870",5855,"63d438b70c79c5e4ceef6b93","animate","lexical","Emotion Adj?-Conserv","TROBY","1"
"871",5859,"63d438b70c79c5e4ceef6b93","animate","lexical","Emotion Adj?-Conserv","BRISPY","1"
"872",5863,"63d438b70c79c5e4ceef6b93","animate","lexical","Emotion Adj?-Conserv","LARPY","0"
"873",5883,"5d35a20f51d88600197cb092","animate","lexical","Emotion Adj?-Conserv","DAXY","1"
"874",5887,"5d35a20f51d88600197cb092","animate","lexical","Emotion Adj?-Conserv","WILPY","1"
"875",5891,"5d35a20f51d88600197cb092","animate","lexical","Emotion Adj?-Conserv","SPOOVY","1"
"876",5895,"5d35a20f51d88600197cb092","animate","lexical","Emotion Adj?-Conserv","TROBY","1"
"877",5899,"5d35a20f51d88600197cb092","animate","lexical","Emotion Adj?-Conserv","BRISPY","1"
"878",5903,"5d35a20f51d88600197cb092","animate","lexical","Emotion Adj?-Conserv","LARPY","1"
"879",5927,"62aa62814d34a177286f4aff","animate","lexical","Emotion Adj?-Conserv","WILPY","1"
"880",5931,"62aa62814d34a177286f4aff","animate","lexical","Emotion Adj?-Conserv","SPOOVY","1"
"881",5935,"62aa62814d34a177286f4aff","animate","lexical","Emotion Adj?-Conserv","TROBY","1"
"882",5939,"62aa62814d34a177286f4aff","animate","lexical","Emotion Adj?-Conserv","BRISPY","1"
"883",5943,"62aa62814d34a177286f4aff","animate","lexical","Emotion Adj?-Conserv","LARPY","1"
"884",5963,"60fe0615c69fb26f1bade093","animate","lexical","Emotion Adj?-Conserv","DAXY","0"
"885",5967,"60fe0615c69fb26f1bade093","animate","lexical","Emotion Adj?-Conserv","WILPY","1"
"886",5971,"60fe0615c69fb26f1bade093","animate","lexical","Emotion Adj?-Conserv","SPOOVY","1"
"887",5975,"60fe0615c69fb26f1bade093","animate","lexical","Emotion Adj?-Conserv","TROBY","1"
"888",5979,"60fe0615c69fb26f1bade093","animate","lexical","Emotion Adj?-Conserv","BRISPY","1"
"889",5983,"60fe0615c69fb26f1bade093","animate","lexical","Emotion Adj?-Conserv","LARPY","1"
"890",6007,"5f5c395d2074a441f5e4c077","animate","lexical","Emotion Adj?-Conserv","WILPY","1"
"891",6011,"5f5c395d2074a441f5e4c077","animate","lexical","Emotion Adj?-Conserv","SPOOVY","1"
"892",6015,"5f5c395d2074a441f5e4c077","animate","lexical","Emotion Adj?-Conserv","TROBY","1"
"893",6019,"5f5c395d2074a441f5e4c077","animate","lexical","Emotion Adj?-Conserv","BRISPY","1"
"894",6023,"5f5c395d2074a441f5e4c077","animate","lexical","Emotion Adj?-Conserv","LARPY","0"
"895",6043,"5ca59376613eb10016b6ecd9","animate","lexical","Emotion Adj?-Conserv","DAXY","1"
"896",6047,"5ca59376613eb10016b6ecd9","animate","lexical","Emotion Adj?-Conserv","WILPY","1"
"897",6051,"5ca59376613eb10016b6ecd9","animate","lexical","Emotion Adj?-Conserv","SPOOVY","1"
"898",6055,"5ca59376613eb10016b6ecd9","animate","lexical","Emotion Adj?-Conserv","TROBY","0"
"899",6059,"5ca59376613eb10016b6ecd9","animate","lexical","Emotion Adj?-Conserv","BRISPY","1"
"900",6063,"5ca59376613eb10016b6ecd9","animate","lexical","Emotion Adj?-Conserv","LARPY","0"
"901",6083,"615c7a846292fafd02aa0080","animate","lexical","Emotion Adj?-Conserv","DAXY","1"
"902",6087,"615c7a846292fafd02aa0080","animate","lexical","Emotion Adj?-Conserv","WILPY","1"
"903",6091,"615c7a846292fafd02aa0080","animate","lexical","Emotion Adj?-Conserv","SPOOVY","1"
"904",6095,"615c7a846292fafd02aa0080","animate","lexical","Emotion Adj?-Conserv","TROBY","1"
"905",6099,"615c7a846292fafd02aa0080","animate","lexical","Emotion Adj?-Conserv","BRISPY","1"
"906",6103,"615c7a846292fafd02aa0080","animate","lexical","Emotion Adj?-Conserv","LARPY","1"
