"","prolific_id","animacy_condtion","frame_content_condition","word_col","Emotion Adj?-Conserv","Confidence"
"1","5f7e292bc98b530dc2c16c4d","inanimate","bleached","DAXY","1","1"
"2","5f7e292bc98b530dc2c16c4d","inanimate","bleached","TROBY","1","1"
"3","5f7e292bc98b530dc2c16c4d","inanimate","bleached","BRISPY","1","2"
"4","600f4d6f796906128a17d781","inanimate","bleached","TROBY","1","2"
"5","600f4d6f796906128a17d781","inanimate","bleached","LARPY","1","2"
"6","58bef6fd31de840001e84ba0","inanimate","bleached","DAXY","1","1"
"7","58bef6fd31de840001e84ba0","inanimate","bleached","SPOOVY","1","1"
"8","58bef6fd31de840001e84ba0","inanimate","bleached","TROBY","1","1"
"9","58bef6fd31de840001e84ba0","inanimate","bleached","BRISPY","1","1"
"10","63e5285c67584a2d544c62c2","inanimate","bleached","BRISPY","1","2"
"11","5d10afdd98423700019f6fc5","inanimate","bleached","DAXY","1","1"
"12","5d10afdd98423700019f6fc5","inanimate","bleached","SPOOVY","1","1"
"13","5d10afdd98423700019f6fc5","inanimate","bleached","TROBY","1","1"
"14","5d10afdd98423700019f6fc5","inanimate","bleached","BRISPY","1","3"
"15","63d94472927e6eb086a7aa36","inanimate","bleached","DAXY","1","1"
"16","63d94472927e6eb086a7aa36","inanimate","bleached","WILPY","1","2"
"17","63d94472927e6eb086a7aa36","inanimate","bleached","SPOOVY","1","1"
"18","63d94472927e6eb086a7aa36","inanimate","bleached","TROBY","1","3"
"19","63d94472927e6eb086a7aa36","inanimate","bleached","BRISPY","1","3"
"20","63d94472927e6eb086a7aa36","inanimate","bleached","LARPY","1","1"
"21","5ead37e98c0ee33cbbe5c14c","inanimate","bleached","DAXY","1","1"
"22","5ead37e98c0ee33cbbe5c14c","inanimate","bleached","SPOOVY","1","1"
"23","5ead37e98c0ee33cbbe5c14c","inanimate","bleached","TROBY","1","1"
"24","5ead37e98c0ee33cbbe5c14c","inanimate","bleached","BRISPY","1","1"
"25","5ead37e98c0ee33cbbe5c14c","inanimate","bleached","LARPY","1","1"
"26","5ff23d181d6cb4710f0bbc63","inanimate","bleached","DAXY","1","1"
"27","5ff23d181d6cb4710f0bbc63","inanimate","bleached","WILPY","1","2"
"28","5ff23d181d6cb4710f0bbc63","inanimate","bleached","SPOOVY","1","2"
"29","5ff23d181d6cb4710f0bbc63","inanimate","bleached","BRISPY","1","3"
"30","636913febcb7369c83a14188","inanimate","bleached","DAXY","1","1"
"31","636913febcb7369c83a14188","inanimate","bleached","SPOOVY","1","1"
"32","636913febcb7369c83a14188","inanimate","bleached","BRISPY","1","1"
"33","5e5c62d12e08c94395d291a3","inanimate","bleached","DAXY","1","2"
"34","5e5c62d12e08c94395d291a3","inanimate","bleached","WILPY","1","1"
"35","5e5c62d12e08c94395d291a3","inanimate","bleached","SPOOVY","1","2"
"36","5e5c62d12e08c94395d291a3","inanimate","bleached","TROBY","1","2"
"37","5e5c62d12e08c94395d291a3","inanimate","bleached","BRISPY","1","2"
"38","564a08bc6902220012c4b1a1","inanimate","bleached","SPOOVY","1","1"
"39","564a08bc6902220012c4b1a1","inanimate","bleached","BRISPY","1","2"
"40","5f3e472b3897d202145e3040","inanimate","bleached","DAXY","1","1"
"41","5f3e472b3897d202145e3040","inanimate","bleached","WILPY","1","2"
"42","5f3e472b3897d202145e3040","inanimate","bleached","TROBY","1","2"
"43","5f3e472b3897d202145e3040","inanimate","bleached","BRISPY","1","2"
"44","63d13d8fb1dc47968a984070","inanimate","bleached","DAXY","1","2"
"45","63d13d8fb1dc47968a984070","inanimate","bleached","WILPY","1","1"
"46","63d13d8fb1dc47968a984070","inanimate","bleached","SPOOVY","1","3"
"47","63d13d8fb1dc47968a984070","inanimate","bleached","TROBY","1","3"
"48","63d13d8fb1dc47968a984070","inanimate","bleached","BRISPY","1","2"
"49","60c9fcbb6090f57f63cdbebf","inanimate","bleached","DAXY","1","1"
"50","60c9fcbb6090f57f63cdbebf","inanimate","bleached","SPOOVY","1","1"
"51","60c9fcbb6090f57f63cdbebf","inanimate","bleached","TROBY","1","1"
"52","60c9fcbb6090f57f63cdbebf","inanimate","bleached","BRISPY","1","1"
"53","60b8ba78d542997c6da77923","inanimate","bleached","DAXY","1","1"
"54","60b8ba78d542997c6da77923","inanimate","bleached","SPOOVY","1","2"
"55","60b8ba78d542997c6da77923","inanimate","bleached","TROBY","1","1"
"56","60b8ba78d542997c6da77923","inanimate","bleached","BRISPY","1","1"
"57","5f0333df099f494ed223e66a","inanimate","bleached","DAXY","1","1"
"58","5f0333df099f494ed223e66a","inanimate","bleached","SPOOVY","1","1"
"59","5f0333df099f494ed223e66a","inanimate","bleached","TROBY","1","1"
"60","5f0333df099f494ed223e66a","inanimate","bleached","BRISPY","1","2"
"61","5ba81652351c52000158ac0f","inanimate","bleached","DAXY","1","1"
"62","5ba81652351c52000158ac0f","inanimate","bleached","WILPY","1","1"
"63","5ba81652351c52000158ac0f","inanimate","bleached","SPOOVY","1","2"
"64","5ba81652351c52000158ac0f","inanimate","bleached","TROBY","1","2"
"65","5ba81652351c52000158ac0f","inanimate","bleached","BRISPY","1","3"
"66","5cd707bb2e50c90017583e61","inanimate","bleached","DAXY","1","2"
"67","5cd707bb2e50c90017583e61","inanimate","bleached","SPOOVY","1","1"
"68","5cd707bb2e50c90017583e61","inanimate","bleached","TROBY","1","2"
"69","5cd707bb2e50c90017583e61","inanimate","bleached","BRISPY","1","1"
"70","60ff3f453a7507c2797c0d52","inanimate","bleached","DAXY","1","1"
"71","60ff3f453a7507c2797c0d52","inanimate","bleached","WILPY","1","1"
"72","60ff3f453a7507c2797c0d52","inanimate","bleached","SPOOVY","1","1"
"73","60ff3f453a7507c2797c0d52","inanimate","bleached","TROBY","1","1"
"74","60ff3f453a7507c2797c0d52","inanimate","bleached","BRISPY","1","2"
"75","60fae3023760e4e5489a8c51","inanimate","bleached","BRISPY","1","3"
"76","610946ad260f5704c02f88ec","inanimate","bleached","SPOOVY","1","2"
"77","610946ad260f5704c02f88ec","inanimate","bleached","TROBY","1","1"
"78","610946ad260f5704c02f88ec","inanimate","bleached","BRISPY","1","1"
"79","610946ad260f5704c02f88ec","inanimate","bleached","LARPY","1","1"
"80","60f530c55488cb2191741004","inanimate","bleached","SPOOVY","1","2"
"81","60f530c55488cb2191741004","inanimate","bleached","TROBY","1","2"
"82","60f530c55488cb2191741004","inanimate","bleached","BRISPY","1","3"
"83","60f530c55488cb2191741004","inanimate","bleached","LARPY","1","2"
"84","5e8a9b57785373750ff4a8bc","inanimate","bleached","DAXY","1","1"
"85","5e8a9b57785373750ff4a8bc","inanimate","bleached","SPOOVY","1","1"
"86","5e8a9b57785373750ff4a8bc","inanimate","bleached","TROBY","1","1"
"87","5e8a9b57785373750ff4a8bc","inanimate","bleached","BRISPY","1","1"
"88","5c662b55b91aaf0001e42efb","inanimate","bleached","DAXY","1","1"
"89","5c662b55b91aaf0001e42efb","inanimate","bleached","WILPY","1","1"
"90","5c662b55b91aaf0001e42efb","inanimate","bleached","SPOOVY","1","1"
"91","5c662b55b91aaf0001e42efb","inanimate","bleached","TROBY","1","1"
"92","5c662b55b91aaf0001e42efb","inanimate","bleached","BRISPY","1","2"
"93","61218e2b5c6a54b79b4849db","inanimate","bleached","TROBY","1","2"
"94","61218e2b5c6a54b79b4849db","inanimate","bleached","BRISPY","1","3"
"95","615d8a94a76a15626da937c5","inanimate","bleached","DAXY","1","1"
"96","615d8a94a76a15626da937c5","inanimate","bleached","SPOOVY","1","2"
"97","615d8a94a76a15626da937c5","inanimate","bleached","BRISPY","1","2"
"98","60a769bb1797a5ffa3c3d241","inanimate","bleached","SPOOVY","1","2"
"99","60a769bb1797a5ffa3c3d241","inanimate","bleached","TROBY","1","1"
"100","60a769bb1797a5ffa3c3d241","inanimate","bleached","BRISPY","1","2"
"101","6151f63958f5eb5b33db9239","inanimate","bleached","DAXY","1","1"
"102","6151f63958f5eb5b33db9239","inanimate","bleached","SPOOVY","1","2"
"103","6151f63958f5eb5b33db9239","inanimate","bleached","TROBY","1","2"
"104","6151f63958f5eb5b33db9239","inanimate","bleached","BRISPY","1","2"
"105","5d809dfc0a4791001670efd3","inanimate","bleached","WILPY","1","2"
"106","5d809dfc0a4791001670efd3","inanimate","bleached","SPOOVY","1","2"
"107","5d809dfc0a4791001670efd3","inanimate","bleached","TROBY","1","3"
"108","5d809dfc0a4791001670efd3","inanimate","bleached","BRISPY","1","3"
"109","5d809dfc0a4791001670efd3","inanimate","bleached","LARPY","1","3"
"110","5987579e4875a80001c9a384","inanimate","bleached","SPOOVY","1","2"
"111","5987579e4875a80001c9a384","inanimate","bleached","TROBY","1","2"
"112","5987579e4875a80001c9a384","inanimate","bleached","BRISPY","1","3"
"113","611d2cb9f380d131ee1a267e","inanimate","bleached","TROBY","1","1"
"114","611d2cb9f380d131ee1a267e","inanimate","bleached","BRISPY","1","1"
"115","61583e5838de2383e5d85e8e","inanimate","bleached","DAXY","1","1"
"116","61583e5838de2383e5d85e8e","inanimate","bleached","SPOOVY","1","2"
"117","61583e5838de2383e5d85e8e","inanimate","bleached","TROBY","1","1"
"118","61583e5838de2383e5d85e8e","inanimate","bleached","BRISPY","1","2"
"119","6101e16e46ab830d098f1436","inanimate","bleached","DAXY","1","1"
"120","6101e16e46ab830d098f1436","inanimate","bleached","SPOOVY","1","1"
"121","607e4dfa0a78225014b39cdb","inanimate","bleached","DAXY","1","2"
"122","607e4dfa0a78225014b39cdb","inanimate","bleached","SPOOVY","1","3"
"123","607e4dfa0a78225014b39cdb","inanimate","bleached","TROBY","1","1"
"124","607e4dfa0a78225014b39cdb","inanimate","bleached","BRISPY","1","2"
"125","607e4dfa0a78225014b39cdb","inanimate","bleached","LARPY","1","1"
"126","63471036ea4370051841008b","inanimate","lexical","WILPY","1","1"
"127","63471036ea4370051841008b","inanimate","lexical","TROBY","1","1"
"128","5def85482c54d461f5445b3b","inanimate","lexical","WILPY","1","3"
"129","5def85482c54d461f5445b3b","inanimate","lexical","SPOOVY","1","3"
"130","5def85482c54d461f5445b3b","inanimate","lexical","TROBY","1","2"
"131","5def85482c54d461f5445b3b","inanimate","lexical","BRISPY","1","2"
"132","607e90c1f406d76b70d9d8f1","inanimate","lexical","WILPY","1","2"
"133","607e90c1f406d76b70d9d8f1","inanimate","lexical","TROBY","1","2"
"134","607e90c1f406d76b70d9d8f1","inanimate","lexical","BRISPY","1","2"
"135","58eb63fecd3c5b0001fb6c8b","inanimate","lexical","SPOOVY","1","2"
"136","58eb63fecd3c5b0001fb6c8b","inanimate","lexical","TROBY","1","1"
"137","58eb63fecd3c5b0001fb6c8b","inanimate","lexical","BRISPY","1","2"
"138","5e6a45499afc710a6a279e37","inanimate","lexical","DAXY","1","2"
"139","5e6a45499afc710a6a279e37","inanimate","lexical","WILPY","1","2"
"140","5e6a45499afc710a6a279e37","inanimate","lexical","SPOOVY","1","1"
"141","5e6a45499afc710a6a279e37","inanimate","lexical","TROBY","1","2"
"142","5e6a45499afc710a6a279e37","inanimate","lexical","BRISPY","1","3"
"143","5ee9193db78df9119fe4f7c1","inanimate","lexical","DAXY","1","2"
"144","5e15ab395005ccbab6f991ec","inanimate","lexical","TROBY","1","3"
"145","5e15ab395005ccbab6f991ec","inanimate","lexical","BRISPY","1","3"
"146","61474f07f4cfbc50cb3b2f1e","inanimate","lexical","DAXY","1","1"
"147","61474f07f4cfbc50cb3b2f1e","inanimate","lexical","WILPY","1","1"
"148","61474f07f4cfbc50cb3b2f1e","inanimate","lexical","TROBY","1","1"
"149","61474f07f4cfbc50cb3b2f1e","inanimate","lexical","BRISPY","1","1"
"150","61474f07f4cfbc50cb3b2f1e","inanimate","lexical","LARPY","1","1"
"151","5b76febccee87f0001f989ac","inanimate","lexical","SPOOVY","1","2"
"152","5b76febccee87f0001f989ac","inanimate","lexical","TROBY","1","2"
"153","5b76febccee87f0001f989ac","inanimate","lexical","BRISPY","1","3"
"154","60c620563db55cd06f3772fa","inanimate","lexical","SPOOVY","1","4"
"155","60c620563db55cd06f3772fa","inanimate","lexical","TROBY","1","3"
"156","60c620563db55cd06f3772fa","inanimate","lexical","BRISPY","1","2"
"157","60952cf5021566048602c467","inanimate","lexical","DAXY","1","2"
"158","60952cf5021566048602c467","inanimate","lexical","WILPY","1","3"
"159","60952cf5021566048602c467","inanimate","lexical","SPOOVY","1","2"
"160","60952cf5021566048602c467","inanimate","lexical","TROBY","1","3"
"161","60952cf5021566048602c467","inanimate","lexical","BRISPY","1","3"
"162","60952cf5021566048602c467","inanimate","lexical","LARPY","1","1"
"163","57a0a143913c710001976735","inanimate","lexical","DAXY","1","1"
"164","57a0a143913c710001976735","inanimate","lexical","WILPY","1","1"
"165","57a0a143913c710001976735","inanimate","lexical","SPOOVY","1","1"
"166","57a0a143913c710001976735","inanimate","lexical","TROBY","1","1"
"167","57a0a143913c710001976735","inanimate","lexical","BRISPY","1","1"
"168","5acbd7530527ba0001c265e7","inanimate","lexical","DAXY","1","1"
"169","5acbd7530527ba0001c265e7","inanimate","lexical","WILPY","1","2"
"170","5acbd7530527ba0001c265e7","inanimate","lexical","SPOOVY","1","2"
"171","5acbd7530527ba0001c265e7","inanimate","lexical","TROBY","1","2"
"172","5acbd7530527ba0001c265e7","inanimate","lexical","BRISPY","1","2"
"173","5acbd7530527ba0001c265e7","inanimate","lexical","LARPY","1","1"
"174","5a986d1789de8200013ef74e","inanimate","lexical","DAXY","1","1"
"175","5a986d1789de8200013ef74e","inanimate","lexical","WILPY","1","2"
"176","5a986d1789de8200013ef74e","inanimate","lexical","SPOOVY","1","2"
"177","5a986d1789de8200013ef74e","inanimate","lexical","TROBY","1","2"
"178","5a986d1789de8200013ef74e","inanimate","lexical","BRISPY","1","2"
"179","5f6a4e9f9b08d50eef23534d","inanimate","lexical","SPOOVY","1","1"
"180","5f6a4e9f9b08d50eef23534d","inanimate","lexical","TROBY","1","3"
"181","63e543776175d50494dd5efd","inanimate","lexical","DAXY","1","2"
"182","63e543776175d50494dd5efd","inanimate","lexical","WILPY","1","3"
"183","63e543776175d50494dd5efd","inanimate","lexical","SPOOVY","1","3"
"184","63e543776175d50494dd5efd","inanimate","lexical","TROBY","1","3"
"185","63e543776175d50494dd5efd","inanimate","lexical","BRISPY","1","4"
"186","592a836f6109cd00010bc414","inanimate","lexical","TROBY","1","2"
"187","592a836f6109cd00010bc414","inanimate","lexical","BRISPY","1","2"
"188","5a453d59b77a5000014a85c7","inanimate","lexical","DAXY","1","1"
"189","5a453d59b77a5000014a85c7","inanimate","lexical","WILPY","1","2"
"190","5a453d59b77a5000014a85c7","inanimate","lexical","SPOOVY","1","2"
"191","5a453d59b77a5000014a85c7","inanimate","lexical","TROBY","1","2"
"192","57985ec2913c71000197610d","inanimate","lexical","DAXY","1","1"
"193","57985ec2913c71000197610d","inanimate","lexical","WILPY","1","1"
"194","57985ec2913c71000197610d","inanimate","lexical","SPOOVY","1","1"
"195","57985ec2913c71000197610d","inanimate","lexical","TROBY","1","2"
"196","57985ec2913c71000197610d","inanimate","lexical","BRISPY","1","1"
"197","57985ec2913c71000197610d","inanimate","lexical","LARPY","1","1"
"198","5f0049efc573a300096568f7","inanimate","lexical","WILPY","1","2"
"199","5f0049efc573a300096568f7","inanimate","lexical","TROBY","1","3"
"200","5f0049efc573a300096568f7","inanimate","lexical","BRISPY","1","1"
"201","5ff090bc539a38452f1f9a06","inanimate","lexical","WILPY","1","1"
"202","5ff090bc539a38452f1f9a06","inanimate","lexical","BRISPY","1","2"
"203","5c18e4f1e23c230001bb615f","inanimate","lexical","DAXY","1","1"
"204","5c18e4f1e23c230001bb615f","inanimate","lexical","WILPY","1","2"
"205","5c18e4f1e23c230001bb615f","inanimate","lexical","SPOOVY","1","1"
"206","5c18e4f1e23c230001bb615f","inanimate","lexical","TROBY","1","1"
"207","5c18e4f1e23c230001bb615f","inanimate","lexical","BRISPY","1","2"
"208","5b905d47e057280001e4af42","inanimate","lexical","WILPY","1","3"
"209","5b905d47e057280001e4af42","inanimate","lexical","SPOOVY","1","3"
"210","5b905d47e057280001e4af42","inanimate","lexical","TROBY","1","2"
"211","5b905d47e057280001e4af42","inanimate","lexical","BRISPY","1","4"
"212","5b905d47e057280001e4af42","inanimate","lexical","LARPY","1","3"
"213","5f2eb1d21cdf492436120f62","inanimate","lexical","DAXY","1","2"
"214","5f2eb1d21cdf492436120f62","inanimate","lexical","WILPY","1","2"
"215","5f2eb1d21cdf492436120f62","inanimate","lexical","TROBY","1","1"
"216","5f2eb1d21cdf492436120f62","inanimate","lexical","BRISPY","1","2"
"217","60392763efab5035af4abd8d","inanimate","lexical","DAXY","1","1"
"218","60392763efab5035af4abd8d","inanimate","lexical","WILPY","1","2"
"219","60392763efab5035af4abd8d","inanimate","lexical","SPOOVY","1","1"
"220","60392763efab5035af4abd8d","inanimate","lexical","TROBY","1","2"
"221","60392763efab5035af4abd8d","inanimate","lexical","BRISPY","1","1"
"222","5c4f133ee459660001e33c72","inanimate","lexical","DAXY","1","1"
"223","5c4f133ee459660001e33c72","inanimate","lexical","WILPY","1","3"
"224","5c4f133ee459660001e33c72","inanimate","lexical","SPOOVY","1","2"
"225","5c4f133ee459660001e33c72","inanimate","lexical","TROBY","1","3"
"226","5c4f133ee459660001e33c72","inanimate","lexical","BRISPY","1","2"
"227","5c4f133ee459660001e33c72","inanimate","lexical","LARPY","1","2"
"228","5983b86106cd1f0001f8e283","inanimate","lexical","TROBY","1","2"
"229","5983b86106cd1f0001f8e283","inanimate","lexical","BRISPY","1","1"
"230","5ed12a5eec9433042524d6ee","inanimate","lexical","DAXY","1","1"
"231","5ed12a5eec9433042524d6ee","inanimate","lexical","WILPY","1","2"
"232","5ed12a5eec9433042524d6ee","inanimate","lexical","SPOOVY","1","1"
"233","5ed12a5eec9433042524d6ee","inanimate","lexical","BRISPY","1","1"
"234","5dd6acddb2204f630544ac50","inanimate","lexical","DAXY","1","1"
"235","5dd6acddb2204f630544ac50","inanimate","lexical","SPOOVY","1","1"
"236","5dd6acddb2204f630544ac50","inanimate","lexical","TROBY","1","1"
"237","5dd6acddb2204f630544ac50","inanimate","lexical","BRISPY","1","1"
"238","5dd6acddb2204f630544ac50","inanimate","lexical","LARPY","1","1"
"239","62a47ba3f5c623f2b40c33ba","inanimate","lexical","DAXY","1","1"
"240","62a47ba3f5c623f2b40c33ba","inanimate","lexical","WILPY","1","1"
"241","62a47ba3f5c623f2b40c33ba","inanimate","lexical","SPOOVY","1","1"
"242","62a47ba3f5c623f2b40c33ba","inanimate","lexical","TROBY","1","2"
"243","62a47ba3f5c623f2b40c33ba","inanimate","lexical","BRISPY","1","1"
"244","63cd6e1eaddf253acec71c9a","inanimate","lexical","DAXY","1","1"
"245","63cd6e1eaddf253acec71c9a","inanimate","lexical","WILPY","1","2"
"246","63cd6e1eaddf253acec71c9a","inanimate","lexical","SPOOVY","1","3"
"247","63cd6e1eaddf253acec71c9a","inanimate","lexical","TROBY","1","1"
"248","63cd6e1eaddf253acec71c9a","inanimate","lexical","BRISPY","1","3"
"249","56e6f0dec89073000de74780","inanimate","lexical","DAXY","1","1"
"250","56e6f0dec89073000de74780","inanimate","lexical","WILPY","1","2"
"251","56e6f0dec89073000de74780","inanimate","lexical","SPOOVY","1","2"
"252","56e6f0dec89073000de74780","inanimate","lexical","TROBY","1","2"
"253","56e6f0dec89073000de74780","inanimate","lexical","BRISPY","1","2"
"254","5d24cf6110577200016ac8f9","inanimate","lexical","DAXY","1","1"
"255","5d24cf6110577200016ac8f9","inanimate","lexical","WILPY","1","1"
"256","5d24cf6110577200016ac8f9","inanimate","lexical","SPOOVY","1","1"
"257","5d24cf6110577200016ac8f9","inanimate","lexical","TROBY","1","1"
"258","5d24cf6110577200016ac8f9","inanimate","lexical","BRISPY","1","1"
"259","62b0585a12750b02563b92e5","inanimate","lexical","WILPY","1","2"
"260","62b0585a12750b02563b92e5","inanimate","lexical","SPOOVY","1","2"
"261","62b0585a12750b02563b92e5","inanimate","lexical","TROBY","1","1"
"262","62b0585a12750b02563b92e5","inanimate","lexical","BRISPY","1","2"
"263","6086a6bd99f215799dbbae97","inanimate","lexical","DAXY","1","2"
"264","6086a6bd99f215799dbbae97","inanimate","lexical","WILPY","1","3"
"265","6086a6bd99f215799dbbae97","inanimate","lexical","SPOOVY","1","2"
"266","6086a6bd99f215799dbbae97","inanimate","lexical","TROBY","1","2"
"267","6086a6bd99f215799dbbae97","inanimate","lexical","BRISPY","1","3"
"268","600ed94aada7da7ee3fd0b97","inanimate","lexical","WILPY","1","3"
"269","600ed94aada7da7ee3fd0b97","inanimate","lexical","SPOOVY","1","3"
"270","600ed94aada7da7ee3fd0b97","inanimate","lexical","TROBY","1","3"
"271","600ed94aada7da7ee3fd0b97","inanimate","lexical","BRISPY","1","3"
"272","5f5e116c2074a4664940c45a","animate","bleached","DAXY","1","2"
"273","5f5e116c2074a4664940c45a","animate","bleached","SPOOVY","1","1"
"274","5f5e116c2074a4664940c45a","animate","bleached","TROBY","1","1"
"275","5f5e116c2074a4664940c45a","animate","bleached","BRISPY","1","3"
"276","5f5e116c2074a4664940c45a","animate","bleached","LARPY","1","2"
"277","60a8818456a7f461db92d4ad","animate","bleached","SPOOVY","1","3"
"278","60a8818456a7f461db92d4ad","animate","bleached","TROBY","1","4"
"279","63ea6fd5f35892d3e2c6e16c","animate","bleached","DAXY","1","1"
"280","63ea6fd5f35892d3e2c6e16c","animate","bleached","SPOOVY","1","1"
"281","63ea6fd5f35892d3e2c6e16c","animate","bleached","TROBY","1","1"
"282","63ea6fd5f35892d3e2c6e16c","animate","bleached","BRISPY","1","2"
"283","63ea6fd5f35892d3e2c6e16c","animate","bleached","LARPY","1","2"
"284","5fbaf990efe4a5bcf223f9d7","animate","bleached","DAXY","1","3"
"285","5fbaf990efe4a5bcf223f9d7","animate","bleached","WILPY","1","4"
"286","5fbaf990efe4a5bcf223f9d7","animate","bleached","SPOOVY","1","2"
"287","5fbaf990efe4a5bcf223f9d7","animate","bleached","TROBY","1","1"
"288","5fbaf990efe4a5bcf223f9d7","animate","bleached","BRISPY","1","2"
"289","63d41180f831d7e83dd6c9a1","animate","bleached","DAXY","1","2"
"290","63d41180f831d7e83dd6c9a1","animate","bleached","WILPY","1","2"
"291","63d41180f831d7e83dd6c9a1","animate","bleached","TROBY","1","1"
"292","63d41180f831d7e83dd6c9a1","animate","bleached","BRISPY","1","2"
"293","63d41180f831d7e83dd6c9a1","animate","bleached","LARPY","1","2"
"294","5f1b9073b07b733a1b4fdd8b","animate","bleached","DAXY","1","2"
"295","5f1b9073b07b733a1b4fdd8b","animate","bleached","WILPY","1","2"
"296","5f1b9073b07b733a1b4fdd8b","animate","bleached","SPOOVY","1","2"
"297","5f1b9073b07b733a1b4fdd8b","animate","bleached","TROBY","1","2"
"298","5f1b9073b07b733a1b4fdd8b","animate","bleached","BRISPY","1","2"
"299","5f563771f9d13401b412c765","animate","bleached","DAXY","1","3"
"300","5f563771f9d13401b412c765","animate","bleached","WILPY","1","2"
"301","5f563771f9d13401b412c765","animate","bleached","SPOOVY","1","2"
"302","5f563771f9d13401b412c765","animate","bleached","TROBY","1","2"
"303","5f563771f9d13401b412c765","animate","bleached","BRISPY","1","3"
"304","5f563771f9d13401b412c765","animate","bleached","LARPY","1","2"
"305","5d5bb3833234e300164e518a","animate","bleached","DAXY","1","3"
"306","5d5bb3833234e300164e518a","animate","bleached","WILPY","1","2"
"307","5d5bb3833234e300164e518a","animate","bleached","SPOOVY","1","2"
"308","5d5bb3833234e300164e518a","animate","bleached","TROBY","1","3"
"309","5d5bb3833234e300164e518a","animate","bleached","BRISPY","1","2"
"310","5d5bb3833234e300164e518a","animate","bleached","LARPY","1","2"
"311","59609bdb599b690001ef2c59","animate","bleached","DAXY","1","2"
"312","59609bdb599b690001ef2c59","animate","bleached","WILPY","1","2"
"313","59609bdb599b690001ef2c59","animate","bleached","SPOOVY","1","3"
"314","59609bdb599b690001ef2c59","animate","bleached","TROBY","1","1"
"315","59609bdb599b690001ef2c59","animate","bleached","BRISPY","1","3"
"316","628775652a4a95dff424b930","animate","bleached","DAXY","1","3"
"317","628775652a4a95dff424b930","animate","bleached","WILPY","1","2"
"318","628775652a4a95dff424b930","animate","bleached","SPOOVY","1","2"
"319","628775652a4a95dff424b930","animate","bleached","TROBY","1","2"
"320","628775652a4a95dff424b930","animate","bleached","BRISPY","1","3"
"321","628775652a4a95dff424b930","animate","bleached","LARPY","1","1"
"322","5c85883136f2450001c86ba9","animate","bleached","DAXY","1","1"
"323","5c85883136f2450001c86ba9","animate","bleached","SPOOVY","1","4"
"324","5c85883136f2450001c86ba9","animate","bleached","TROBY","1","2"
"325","5c85883136f2450001c86ba9","animate","bleached","BRISPY","1","3"
"326","5ffafdf0223a2e4d377fdefb","animate","bleached","DAXY","1","2"
"327","5ffafdf0223a2e4d377fdefb","animate","bleached","TROBY","1","3"
"328","5ffafdf0223a2e4d377fdefb","animate","bleached","BRISPY","1","3"
"329","5ffafdf0223a2e4d377fdefb","animate","bleached","LARPY","1","2"
"330","62b1e9ba68c260c4d300f075","animate","bleached","DAXY","1","1"
"331","62b1e9ba68c260c4d300f075","animate","bleached","WILPY","1","1"
"332","62b1e9ba68c260c4d300f075","animate","bleached","SPOOVY","1","1"
"333","62b1e9ba68c260c4d300f075","animate","bleached","TROBY","1","1"
"334","62b1e9ba68c260c4d300f075","animate","bleached","BRISPY","1","1"
"335","62b1e9ba68c260c4d300f075","animate","bleached","LARPY","1","1"
"336","63cf790208bad370e26f403e","animate","bleached","DAXY","1","3"
"337","63cf790208bad370e26f403e","animate","bleached","WILPY","1","2"
"338","63cf790208bad370e26f403e","animate","bleached","SPOOVY","1","4"
"339","63cf790208bad370e26f403e","animate","bleached","TROBY","1","2"
"340","63cf790208bad370e26f403e","animate","bleached","BRISPY","1","4"
"341","63cf790208bad370e26f403e","animate","bleached","LARPY","1","3"
"342","5efef7a02e80084179599349","animate","bleached","DAXY","1","2"
"343","5efef7a02e80084179599349","animate","bleached","WILPY","1","3"
"344","5efef7a02e80084179599349","animate","bleached","SPOOVY","1","2"
"345","5efef7a02e80084179599349","animate","bleached","TROBY","1","2"
"346","5efef7a02e80084179599349","animate","bleached","BRISPY","1","2"
"347","63e5200afb60e577630f1b93","animate","bleached","DAXY","1","2"
"348","63e5200afb60e577630f1b93","animate","bleached","WILPY","1","1"
"349","63e5200afb60e577630f1b93","animate","bleached","SPOOVY","1","2"
"350","63e5200afb60e577630f1b93","animate","bleached","TROBY","1","2"
"351","63e5200afb60e577630f1b93","animate","bleached","BRISPY","1","3"
"352","63e5200afb60e577630f1b93","animate","bleached","LARPY","1","1"
"353","63e5fc8bcf6b5bddf4d4fe81","animate","bleached","DAXY","1","2"
"354","63e5fc8bcf6b5bddf4d4fe81","animate","bleached","WILPY","1","3"
"355","63e5fc8bcf6b5bddf4d4fe81","animate","bleached","SPOOVY","1","2"
"356","63e5fc8bcf6b5bddf4d4fe81","animate","bleached","TROBY","1","1"
"357","63e5fc8bcf6b5bddf4d4fe81","animate","bleached","BRISPY","1","4"
"358","63e5fc8bcf6b5bddf4d4fe81","animate","bleached","LARPY","1","1"
"359","63ebf69594c369d209178fb4","animate","bleached","DAXY","1","2"
"360","63ebf69594c369d209178fb4","animate","bleached","WILPY","1","3"
"361","63ebf69594c369d209178fb4","animate","bleached","SPOOVY","1","2"
"362","63ebf69594c369d209178fb4","animate","bleached","TROBY","1","2"
"363","63ebf69594c369d209178fb4","animate","bleached","BRISPY","1","3"
"364","63ebf69594c369d209178fb4","animate","bleached","LARPY","1","3"
"365","5b8846224cdb3d00017f2abb","animate","bleached","DAXY","1","2"
"366","5b8846224cdb3d00017f2abb","animate","bleached","WILPY","1","2"
"367","5b8846224cdb3d00017f2abb","animate","bleached","SPOOVY","1","2"
"368","5b8846224cdb3d00017f2abb","animate","bleached","TROBY","1","2"
"369","5b8846224cdb3d00017f2abb","animate","bleached","BRISPY","1","3"
"370","5f99a931a1794a03fbf21ffe","animate","bleached","WILPY","1","1"
"371","5f99a931a1794a03fbf21ffe","animate","bleached","BRISPY","1","2"
"372","610868591e728ebd73443176","animate","bleached","DAXY","1","2"
"373","610868591e728ebd73443176","animate","bleached","WILPY","1","1"
"374","610868591e728ebd73443176","animate","bleached","SPOOVY","1","3"
"375","610868591e728ebd73443176","animate","bleached","TROBY","1","2"
"376","610868591e728ebd73443176","animate","bleached","BRISPY","1","3"
"377","610868591e728ebd73443176","animate","bleached","LARPY","1","1"
"378","5d5361322272e10001044841","animate","bleached","DAXY","1","2"
"379","5d5361322272e10001044841","animate","bleached","WILPY","1","2"
"380","5d5361322272e10001044841","animate","bleached","SPOOVY","1","2"
"381","5d5361322272e10001044841","animate","bleached","TROBY","1","2"
"382","5d5361322272e10001044841","animate","bleached","BRISPY","1","2"
"383","5d5361322272e10001044841","animate","bleached","LARPY","1","1"
"384","5c87b944faadd80015a71576","animate","bleached","DAXY","1","2"
"385","5c87b944faadd80015a71576","animate","bleached","WILPY","1","1"
"386","5c87b944faadd80015a71576","animate","bleached","SPOOVY","1","1"
"387","5c87b944faadd80015a71576","animate","bleached","TROBY","1","1"
"388","5c87b944faadd80015a71576","animate","bleached","BRISPY","1","2"
"389","5c87b944faadd80015a71576","animate","bleached","LARPY","1","1"
"390","6150e5601a0e7a3fbcfb9bfb","animate","bleached","DAXY","1","3"
"391","6150e5601a0e7a3fbcfb9bfb","animate","bleached","WILPY","1","3"
"392","6150e5601a0e7a3fbcfb9bfb","animate","bleached","SPOOVY","1","2"
"393","6150e5601a0e7a3fbcfb9bfb","animate","bleached","TROBY","1","1"
"394","6150e5601a0e7a3fbcfb9bfb","animate","bleached","BRISPY","1","2"
"395","6150e5601a0e7a3fbcfb9bfb","animate","bleached","LARPY","1","1"
"396","5c7d4bd96babcb000184fe7e","animate","bleached","DAXY","1","2"
"397","5c7d4bd96babcb000184fe7e","animate","bleached","TROBY","1","3"
"398","5c7d4bd96babcb000184fe7e","animate","bleached","BRISPY","1","4"
"399","5c7d4bd96babcb000184fe7e","animate","bleached","LARPY","1","2"
"400","63d3fb0367f25518af752d55","animate","bleached","DAXY","1","2"
"401","63d3fb0367f25518af752d55","animate","bleached","WILPY","1","1"
"402","63d3fb0367f25518af752d55","animate","bleached","SPOOVY","1","3"
"403","63d3fb0367f25518af752d55","animate","bleached","TROBY","1","2"
"404","63d3fb0367f25518af752d55","animate","bleached","BRISPY","1","3"
"405","63d3fb0367f25518af752d55","animate","bleached","LARPY","1","2"
"406","5f18876f1096dd0804710dc0","animate","bleached","DAXY","1","2"
"407","5f18876f1096dd0804710dc0","animate","bleached","WILPY","1","3"
"408","5f18876f1096dd0804710dc0","animate","bleached","SPOOVY","1","2"
"409","5f18876f1096dd0804710dc0","animate","bleached","TROBY","1","1"
"410","5f18876f1096dd0804710dc0","animate","bleached","BRISPY","1","3"
"411","6310e6dab83013f228bc121a","animate","bleached","DAXY","1","2"
"412","6310e6dab83013f228bc121a","animate","bleached","WILPY","1","2"
"413","6310e6dab83013f228bc121a","animate","bleached","SPOOVY","1","3"
"414","6310e6dab83013f228bc121a","animate","bleached","TROBY","1","1"
"415","6310e6dab83013f228bc121a","animate","bleached","BRISPY","1","3"
"416","60fd8026f92207ceba5fe793","animate","bleached","DAXY","1","2"
"417","60fd8026f92207ceba5fe793","animate","bleached","WILPY","1","1"
"418","60fd8026f92207ceba5fe793","animate","bleached","SPOOVY","1","2"
"419","60fd8026f92207ceba5fe793","animate","bleached","BRISPY","1","2"
"420","607184500f0f361d7c1d48e1","animate","bleached","DAXY","1","2"
"421","607184500f0f361d7c1d48e1","animate","bleached","WILPY","1","2"
"422","607184500f0f361d7c1d48e1","animate","bleached","SPOOVY","1","2"
"423","607184500f0f361d7c1d48e1","animate","bleached","TROBY","1","2"
"424","607184500f0f361d7c1d48e1","animate","bleached","BRISPY","1","1"
"425","5df34f16dc853522937c6653","animate","bleached","DAXY","1","2"
"426","5df34f16dc853522937c6653","animate","bleached","WILPY","1","2"
"427","5df34f16dc853522937c6653","animate","bleached","SPOOVY","1","2"
"428","5df34f16dc853522937c6653","animate","bleached","TROBY","1","1"
"429","5df34f16dc853522937c6653","animate","bleached","BRISPY","1","2"
"430","5df34f16dc853522937c6653","animate","bleached","LARPY","1","2"
"431","610e575e4c25eb325fb57ea7","animate","bleached","DAXY","1","3"
"432","610e575e4c25eb325fb57ea7","animate","bleached","SPOOVY","1","3"
"433","610e575e4c25eb325fb57ea7","animate","bleached","TROBY","1","3"
"434","610e575e4c25eb325fb57ea7","animate","bleached","BRISPY","1","3"
"435","58fdcd2be219d00001ee5aa0","animate","bleached","DAXY","1","2"
"436","58fdcd2be219d00001ee5aa0","animate","bleached","WILPY","1","2"
"437","58fdcd2be219d00001ee5aa0","animate","bleached","TROBY","1","2"
"438","58fdcd2be219d00001ee5aa0","animate","bleached","BRISPY","1","2"
"439","58fdcd2be219d00001ee5aa0","animate","bleached","LARPY","1","2"
"440","63d1e795b7b8adbb862dfaf1","animate","bleached","DAXY","1","3"
"441","63d1e795b7b8adbb862dfaf1","animate","bleached","WILPY","1","3"
"442","63d1e795b7b8adbb862dfaf1","animate","bleached","SPOOVY","1","3"
"443","63d1e795b7b8adbb862dfaf1","animate","bleached","TROBY","1","3"
"444","63d1e795b7b8adbb862dfaf1","animate","bleached","BRISPY","1","2"
"445","63d1e795b7b8adbb862dfaf1","animate","bleached","LARPY","1","2"
"446","5e14de687d9adf000b603402","animate","bleached","DAXY","1","2"
"447","5e14de687d9adf000b603402","animate","bleached","WILPY","1","1"
"448","5e14de687d9adf000b603402","animate","bleached","SPOOVY","1","1"
"449","5e14de687d9adf000b603402","animate","bleached","TROBY","1","1"
"450","5e14de687d9adf000b603402","animate","bleached","BRISPY","1","1"
"451","5e14de687d9adf000b603402","animate","bleached","LARPY","1","1"
"452","6101555460885dc993940821","animate","bleached","DAXY","1","3"
"453","6101555460885dc993940821","animate","bleached","SPOOVY","1","2"
"454","6101555460885dc993940821","animate","bleached","TROBY","1","1"
"455","6101555460885dc993940821","animate","bleached","BRISPY","1","2"
"456","6101555460885dc993940821","animate","bleached","LARPY","1","2"
"457","5d209dad84b46c000177a659","animate","bleached","WILPY","1","1"
"458","5d209dad84b46c000177a659","animate","bleached","SPOOVY","1","2"
"459","5d209dad84b46c000177a659","animate","bleached","TROBY","1","1"
"460","5d209dad84b46c000177a659","animate","bleached","BRISPY","1","2"
"461","5d209dad84b46c000177a659","animate","bleached","LARPY","1","2"
"462","5f1c6f60ed2efa4ff67399f4","animate","bleached","DAXY","1","1"
"463","5f1c6f60ed2efa4ff67399f4","animate","bleached","WILPY","1","2"
"464","5f1c6f60ed2efa4ff67399f4","animate","bleached","SPOOVY","1","1"
"465","5f1c6f60ed2efa4ff67399f4","animate","bleached","TROBY","1","1"
"466","5f1c6f60ed2efa4ff67399f4","animate","bleached","BRISPY","1","1"
"467","5f1c6f60ed2efa4ff67399f4","animate","bleached","LARPY","1","1"
"468","606f277cdd257dea5536d322","animate","bleached","DAXY","1","2"
"469","606f277cdd257dea5536d322","animate","bleached","WILPY","1","1"
"470","606f277cdd257dea5536d322","animate","bleached","SPOOVY","1","2"
"471","606f277cdd257dea5536d322","animate","bleached","TROBY","1","2"
"472","606f277cdd257dea5536d322","animate","bleached","BRISPY","1","2"
"473","606f277cdd257dea5536d322","animate","bleached","LARPY","1","2"
"474","5c762ce8eda5da001662be0b","animate","lexical","DAXY","1","2"
"475","5c762ce8eda5da001662be0b","animate","lexical","WILPY","1","2"
"476","5c762ce8eda5da001662be0b","animate","lexical","SPOOVY","1","3"
"477","5c762ce8eda5da001662be0b","animate","lexical","TROBY","1","1"
"478","5c762ce8eda5da001662be0b","animate","lexical","BRISPY","1","3"
"479","5c762ce8eda5da001662be0b","animate","lexical","LARPY","1","3"
"480","63e546e24eee3ecb827d167b","animate","lexical","DAXY","1","2"
"481","63e546e24eee3ecb827d167b","animate","lexical","WILPY","1","2"
"482","63e546e24eee3ecb827d167b","animate","lexical","SPOOVY","1","2"
"483","63e546e24eee3ecb827d167b","animate","lexical","TROBY","1","2"
"484","63e546e24eee3ecb827d167b","animate","lexical","BRISPY","1","3"
"485","63e546e24eee3ecb827d167b","animate","lexical","LARPY","1","1"
"486","5d60d34008ff870016878a6d","animate","lexical","DAXY","1","1"
"487","5d60d34008ff870016878a6d","animate","lexical","WILPY","1","2"
"488","5d60d34008ff870016878a6d","animate","lexical","SPOOVY","1","2"
"489","5d60d34008ff870016878a6d","animate","lexical","TROBY","1","2"
"490","5d60d34008ff870016878a6d","animate","lexical","BRISPY","1","2"
"491","63ed4f817c0e048c31b9dbd6","animate","lexical","DAXY","1","3"
"492","63ed4f817c0e048c31b9dbd6","animate","lexical","SPOOVY","1","4"
"493","63ed4f817c0e048c31b9dbd6","animate","lexical","TROBY","1","2"
"494","63ed4f817c0e048c31b9dbd6","animate","lexical","BRISPY","1","2"
"495","63ed4f817c0e048c31b9dbd6","animate","lexical","LARPY","1","1"
"496","5c50b130d5172600019f156f","animate","lexical","DAXY","1","1"
"497","5c50b130d5172600019f156f","animate","lexical","WILPY","1","2"
"498","5c50b130d5172600019f156f","animate","lexical","SPOOVY","1","1"
"499","5c50b130d5172600019f156f","animate","lexical","TROBY","1","1"
"500","5c50b130d5172600019f156f","animate","lexical","BRISPY","1","2"
"501","5c50b130d5172600019f156f","animate","lexical","LARPY","1","1"
"502","63e7f35acaaee8a07542a249","animate","lexical","DAXY","1","2"
"503","63e7f35acaaee8a07542a249","animate","lexical","WILPY","1","2"
"504","63e7f35acaaee8a07542a249","animate","lexical","SPOOVY","1","2"
"505","63e7f35acaaee8a07542a249","animate","lexical","TROBY","1","1"
"506","63e7f35acaaee8a07542a249","animate","lexical","BRISPY","1","3"
"507","5d95738ef9e579001dda0e08","animate","lexical","DAXY","1","2"
"508","5d95738ef9e579001dda0e08","animate","lexical","SPOOVY","1","2"
"509","5d95738ef9e579001dda0e08","animate","lexical","TROBY","1","2"
"510","5d95738ef9e579001dda0e08","animate","lexical","BRISPY","1","2"
"511","5d95738ef9e579001dda0e08","animate","lexical","LARPY","1","1"
"512","63e52e5bc075451170259828","animate","lexical","DAXY","1","2"
"513","63e52e5bc075451170259828","animate","lexical","WILPY","1","2"
"514","63e52e5bc075451170259828","animate","lexical","SPOOVY","1","2"
"515","63e52e5bc075451170259828","animate","lexical","TROBY","1","2"
"516","63e52e5bc075451170259828","animate","lexical","BRISPY","1","3"
"517","63e52e5bc075451170259828","animate","lexical","LARPY","1","3"
"518","5e6003da868950348ea8cdec","animate","lexical","DAXY","1","1"
"519","5e6003da868950348ea8cdec","animate","lexical","WILPY","1","2"
"520","5e6003da868950348ea8cdec","animate","lexical","SPOOVY","1","2"
"521","5e6003da868950348ea8cdec","animate","lexical","TROBY","1","1"
"522","5e6003da868950348ea8cdec","animate","lexical","BRISPY","1","1"
"523","5e6003da868950348ea8cdec","animate","lexical","LARPY","1","2"
"524","5f56b1483e63a411d99a0f01","animate","lexical","DAXY","1","2"
"525","5f56b1483e63a411d99a0f01","animate","lexical","WILPY","1","3"
"526","5f56b1483e63a411d99a0f01","animate","lexical","SPOOVY","1","3"
"527","5f56b1483e63a411d99a0f01","animate","lexical","TROBY","1","3"
"528","5f56b1483e63a411d99a0f01","animate","lexical","BRISPY","1","3"
"529","5f56b1483e63a411d99a0f01","animate","lexical","LARPY","1","1"
"530","5871353dd6df7000018746ca","animate","lexical","DAXY","1","1"
"531","5871353dd6df7000018746ca","animate","lexical","WILPY","1","2"
"532","5871353dd6df7000018746ca","animate","lexical","SPOOVY","1","2"
"533","5871353dd6df7000018746ca","animate","lexical","TROBY","1","2"
"534","5871353dd6df7000018746ca","animate","lexical","BRISPY","1","3"
"535","5871353dd6df7000018746ca","animate","lexical","LARPY","1","1"
"536","5c46aba95aca820001f7cbbc","animate","lexical","DAXY","1","3"
"537","5c46aba95aca820001f7cbbc","animate","lexical","WILPY","1","3"
"538","5c46aba95aca820001f7cbbc","animate","lexical","SPOOVY","1","3"
"539","5c46aba95aca820001f7cbbc","animate","lexical","TROBY","1","3"
"540","5c46aba95aca820001f7cbbc","animate","lexical","BRISPY","1","3"
"541","6393a08fff31ea48f8ca7096","animate","lexical","WILPY","1","2"
"542","6393a08fff31ea48f8ca7096","animate","lexical","SPOOVY","1","3"
"543","6393a08fff31ea48f8ca7096","animate","lexical","TROBY","1","2"
"544","6393a08fff31ea48f8ca7096","animate","lexical","BRISPY","1","3"
"545","5a26178cb4a5de00011aef56","animate","lexical","WILPY","1","1"
"546","5a26178cb4a5de00011aef56","animate","lexical","SPOOVY","1","2"
"547","5a26178cb4a5de00011aef56","animate","lexical","TROBY","1","1"
"548","5a26178cb4a5de00011aef56","animate","lexical","BRISPY","1","2"
"549","63ea8896e94df510f36b9238","animate","lexical","DAXY","1","3"
"550","63ea8896e94df510f36b9238","animate","lexical","WILPY","1","3"
"551","63ea8896e94df510f36b9238","animate","lexical","SPOOVY","1","3"
"552","63ea8896e94df510f36b9238","animate","lexical","TROBY","1","3"
"553","63ea8896e94df510f36b9238","animate","lexical","BRISPY","1","3"
"554","63ea8896e94df510f36b9238","animate","lexical","LARPY","1","1"
"555","5db54b75a3df85000edfa2cf","animate","lexical","DAXY","1","1"
"556","5db54b75a3df85000edfa2cf","animate","lexical","WILPY","1","1"
"557","5e377e7147f5527223aee301","animate","lexical","DAXY","1","1"
"558","5e377e7147f5527223aee301","animate","lexical","SPOOVY","1","3"
"559","5e377e7147f5527223aee301","animate","lexical","TROBY","1","2"
"560","5e377e7147f5527223aee301","animate","lexical","BRISPY","1","2"
"561","58d3c97d42648b0001f21cc4","animate","lexical","TROBY","1","4"
"562","58d3c97d42648b0001f21cc4","animate","lexical","BRISPY","1","2"
"563","58d3c97d42648b0001f21cc4","animate","lexical","LARPY","1","3"
"564","5cb19d5777375f0016f32030","animate","lexical","WILPY","1","3"
"565","5cb19d5777375f0016f32030","animate","lexical","SPOOVY","1","3"
"566","5cb19d5777375f0016f32030","animate","lexical","TROBY","1","2"
"567","5cb19d5777375f0016f32030","animate","lexical","BRISPY","1","3"
"568","60036f93535f9a442ef25df9","animate","lexical","DAXY","1","4"
"569","60036f93535f9a442ef25df9","animate","lexical","WILPY","1","4"
"570","60036f93535f9a442ef25df9","animate","lexical","SPOOVY","1","2"
"571","60036f93535f9a442ef25df9","animate","lexical","TROBY","1","4"
"572","60036f93535f9a442ef25df9","animate","lexical","BRISPY","1","2"
"573","6058e58ad1de5339825e2ec6","animate","lexical","DAXY","1","3"
"574","6058e58ad1de5339825e2ec6","animate","lexical","WILPY","1","3"
"575","6058e58ad1de5339825e2ec6","animate","lexical","SPOOVY","1","4"
"576","6058e58ad1de5339825e2ec6","animate","lexical","TROBY","1","3"
"577","6058e58ad1de5339825e2ec6","animate","lexical","BRISPY","1","4"
"578","6058e58ad1de5339825e2ec6","animate","lexical","LARPY","1","1"
"579","5a779c1daa46dd00016b23df","animate","lexical","DAXY","1","2"
"580","5a779c1daa46dd00016b23df","animate","lexical","WILPY","1","2"
"581","5a779c1daa46dd00016b23df","animate","lexical","SPOOVY","1","3"
"582","5a779c1daa46dd00016b23df","animate","lexical","TROBY","1","1"
"583","5a779c1daa46dd00016b23df","animate","lexical","BRISPY","1","1"
"584","5a779c1daa46dd00016b23df","animate","lexical","LARPY","1","2"
"585","62e3ff70c659e13e1ddf3048","animate","lexical","DAXY","1","2"
"586","62e3ff70c659e13e1ddf3048","animate","lexical","WILPY","1","2"
"587","62e3ff70c659e13e1ddf3048","animate","lexical","SPOOVY","1","2"
"588","62e3ff70c659e13e1ddf3048","animate","lexical","TROBY","1","2"
"589","62e3ff70c659e13e1ddf3048","animate","lexical","BRISPY","1","3"
"590","5e289b3d335f7007aed8886b","animate","lexical","DAXY","1","2"
"591","5e289b3d335f7007aed8886b","animate","lexical","WILPY","1","3"
"592","5e289b3d335f7007aed8886b","animate","lexical","SPOOVY","1","3"
"593","5e289b3d335f7007aed8886b","animate","lexical","TROBY","1","2"
"594","5e289b3d335f7007aed8886b","animate","lexical","BRISPY","1","4"
"595","5e289b3d335f7007aed8886b","animate","lexical","LARPY","1","1"
"596","5e78c7f1e9504104041a727a","animate","lexical","DAXY","1","3"
"597","5e78c7f1e9504104041a727a","animate","lexical","WILPY","1","3"
"598","5e78c7f1e9504104041a727a","animate","lexical","SPOOVY","1","2"
"599","5e78c7f1e9504104041a727a","animate","lexical","TROBY","1","1"
"600","5e78c7f1e9504104041a727a","animate","lexical","BRISPY","1","3"
"601","5c16c04cd0194b0001e693f0","animate","lexical","DAXY","1","2"
"602","5c16c04cd0194b0001e693f0","animate","lexical","SPOOVY","1","2"
"603","5c16c04cd0194b0001e693f0","animate","lexical","TROBY","1","2"
"604","5c16c04cd0194b0001e693f0","animate","lexical","BRISPY","1","3"
"605","63d3fb4ab5234b33289e0a01","animate","lexical","DAXY","1","1"
"606","63d3fb4ab5234b33289e0a01","animate","lexical","WILPY","1","3"
"607","63d3fb4ab5234b33289e0a01","animate","lexical","SPOOVY","1","1"
"608","63d3fb4ab5234b33289e0a01","animate","lexical","TROBY","1","2"
"609","63d3fb4ab5234b33289e0a01","animate","lexical","BRISPY","1","3"
"610","63ea414c6ae63a1b1cf8b7d2","animate","lexical","DAXY","1","3"
"611","63ea414c6ae63a1b1cf8b7d2","animate","lexical","WILPY","1","4"
"612","63ea414c6ae63a1b1cf8b7d2","animate","lexical","SPOOVY","1","3"
"613","63ea414c6ae63a1b1cf8b7d2","animate","lexical","TROBY","1","4"
"614","63ea414c6ae63a1b1cf8b7d2","animate","lexical","BRISPY","1","4"
"615","63da666c15e119dc0494d55b","animate","lexical","DAXY","1","1"
"616","63da666c15e119dc0494d55b","animate","lexical","WILPY","1","3"
"617","63da666c15e119dc0494d55b","animate","lexical","SPOOVY","1","1"
"618","63da666c15e119dc0494d55b","animate","lexical","TROBY","1","2"
"619","63da666c15e119dc0494d55b","animate","lexical","BRISPY","1","4"
"620","63da666c15e119dc0494d55b","animate","lexical","LARPY","1","1"
"621","597b39512351f1000158fcda","animate","lexical","WILPY","1","2"
"622","597b39512351f1000158fcda","animate","lexical","SPOOVY","1","3"
"623","597b39512351f1000158fcda","animate","lexical","TROBY","1","3"
"624","597b39512351f1000158fcda","animate","lexical","BRISPY","1","2"
"625","597b39512351f1000158fcda","animate","lexical","LARPY","1","2"
"626","63ed055f8544b95881b99915","animate","lexical","SPOOVY","1","1"
"627","63ed055f8544b95881b99915","animate","lexical","TROBY","1","3"
"628","610d02f9c74aa6eb0b2d5120","animate","lexical","DAXY","1","3"
"629","610d02f9c74aa6eb0b2d5120","animate","lexical","WILPY","1","4"
"630","610d02f9c74aa6eb0b2d5120","animate","lexical","SPOOVY","1","4"
"631","610d02f9c74aa6eb0b2d5120","animate","lexical","TROBY","1","2"
"632","610d02f9c74aa6eb0b2d5120","animate","lexical","BRISPY","1","4"
"633","610d02f9c74aa6eb0b2d5120","animate","lexical","LARPY","1","2"
"634","61471e9f6eee16034dd4d303","animate","lexical","WILPY","1","2"
"635","61471e9f6eee16034dd4d303","animate","lexical","SPOOVY","1","2"
"636","61471e9f6eee16034dd4d303","animate","lexical","TROBY","1","2"
"637","61471e9f6eee16034dd4d303","animate","lexical","BRISPY","1","2"
"638","63d438b70c79c5e4ceef6b93","animate","lexical","WILPY","1","3"
"639","63d438b70c79c5e4ceef6b93","animate","lexical","SPOOVY","1","2"
"640","63d438b70c79c5e4ceef6b93","animate","lexical","TROBY","1","3"
"641","63d438b70c79c5e4ceef6b93","animate","lexical","BRISPY","1","3"
"642","5d35a20f51d88600197cb092","animate","lexical","DAXY","1","2"
"643","5d35a20f51d88600197cb092","animate","lexical","WILPY","1","2"
"644","5d35a20f51d88600197cb092","animate","lexical","SPOOVY","1","3"
"645","5d35a20f51d88600197cb092","animate","lexical","TROBY","1","2"
"646","5d35a20f51d88600197cb092","animate","lexical","BRISPY","1","3"
"647","5d35a20f51d88600197cb092","animate","lexical","LARPY","1","1"
"648","62aa62814d34a177286f4aff","animate","lexical","WILPY","1","3"
"649","62aa62814d34a177286f4aff","animate","lexical","SPOOVY","1","4"
"650","62aa62814d34a177286f4aff","animate","lexical","TROBY","1","3"
"651","62aa62814d34a177286f4aff","animate","lexical","BRISPY","1","4"
"652","62aa62814d34a177286f4aff","animate","lexical","LARPY","1","2"
"653","60fe0615c69fb26f1bade093","animate","lexical","WILPY","1","3"
"654","60fe0615c69fb26f1bade093","animate","lexical","SPOOVY","1","3"
"655","60fe0615c69fb26f1bade093","animate","lexical","TROBY","1","4"
"656","60fe0615c69fb26f1bade093","animate","lexical","BRISPY","1","4"
"657","60fe0615c69fb26f1bade093","animate","lexical","LARPY","1","2"
"658","5f5c395d2074a441f5e4c077","animate","lexical","WILPY","1","2"
"659","5f5c395d2074a441f5e4c077","animate","lexical","SPOOVY","1","2"
"660","5f5c395d2074a441f5e4c077","animate","lexical","TROBY","1","1"
"661","5f5c395d2074a441f5e4c077","animate","lexical","BRISPY","1","4"
"662","5ca59376613eb10016b6ecd9","animate","lexical","DAXY","1","2"
"663","5ca59376613eb10016b6ecd9","animate","lexical","WILPY","1","2"
"664","5ca59376613eb10016b6ecd9","animate","lexical","SPOOVY","1","2"
"665","5ca59376613eb10016b6ecd9","animate","lexical","BRISPY","1","3"
"666","615c7a846292fafd02aa0080","animate","lexical","DAXY","1","3"
"667","615c7a846292fafd02aa0080","animate","lexical","WILPY","1","2"
"668","615c7a846292fafd02aa0080","animate","lexical","SPOOVY","1","3"
"669","615c7a846292fafd02aa0080","animate","lexical","TROBY","1","1"
"670","615c7a846292fafd02aa0080","animate","lexical","BRISPY","1","3"
"671","615c7a846292fafd02aa0080","animate","lexical","LARPY","1","2"
