,,,DAXY 1,DAXY 1,DAXY 1,DAXY 1,DAXY 2,DAXY 2,DAXY 2,DAXY 2,DAXY 3,DAXY 3,DAXY 3,DAXY 3,DAXY 4,DAXY 4,DAXY 4,DAXY 4,WILPY 1,WILPY 1,WILPY 1,WILPY 1,WILPY 2,WILPY 2,WILPY 2,WILPY 2,WILPY 3,WILPY 3,WILPY 3,WILPY 3,WILPY 4,WILPY 4,WILPY 4,WILPY 4,BRISPY 1,BRISPY 1,BRISPY 1,BRISPY 1,BRISPY 2,BRISPY 2,BRISPY 2,BRISPY 2,BRISPY 3,BRISPY 3,BRISPY 3,BRISPY 3,BRISPY 4,BRISPY 4,BRISPY 4,BRISPY 4,SPOOVY 1,SPOOVY 1,SPOOVY 1,SPOOVY 1,SPOOVY 2,SPOOVY 2,SPOOVY 2,SPOOVY 2,SPOOVY 3,SPOOVY 3,SPOOVY 3,SPOOVY 3,SPOOVY 4,SPOOVY 4,SPOOVY 4,SPOOVY 4,GORMY 1,GORMY 1,GORMY 1,GORMY 1,GORMY 2,GORMY 2,GORMY 2,GORMY 2,GORMY 3,GORMY 3,GORMY 3,GORMY 3,GORMY 4,GORMY 4,GORMY 4,GORMY 4,MODI 1,MODI 1,MODI 1,MODI 1,MODI 2,MODI 2,MODI 2,MODI 2,MODI 3,MODI 3,MODI 3,MODI 3,MODI 4,MODI 4,MODI 4,MODI 4
Prolific ID,Animacy Condition,Frame Content Condition,Guess 1,Adjective?,Emotion Adj?,Confidence 1,Guess 2,Adjective?,Emotion Adj?,Confidence 2,Guess 3,Adjective?,Emotion Adj?,Confidence 3,Guess 4,Adjective?,Emotion Adj?,Confidence 4,Guess 1,Adjective?,Emotion Adj?,Confidence 1,Guess 2,Adjective?,Emotion Adj?,Confidence 2,Guess 3,Adjective?,Emotion Adj?,Confidence 3,Guess 4,Adjective?,Emotion Adj?,Confidence 4,Guess 1,Adjective?,Emotion Adj?,Confidence 1,Guess 2,Adjective?,Emotion Adj?,Confidence 2,Guess 3,Adjective?,Emotion Adj?,Confidence 3,Guess 4,Adjective?,Emotion Adj?,Confidence 4,Guess 1,Adjective?,Emotion Adj?,Confidence 1,Guess 2,Adjective?,Emotion Adj?,Confidence 2,Guess 3,Adjective?,Emotion Adj?,Confidence 3,Guess 4,Adjective?,Emotion Adj?,Confidence 4,Guess 1,Adjective?,Emotion Adj?,Confidence 1,Guess 2,Adjective?,Emotion Adj?,Confidence 2,Guess 3,Adjective?,Emotion Adj?,Confidence 3,Guess 4,Adjective?,Emotion Adj?,Confidence 4,Guess 1,Noun?,Count Noun?,Confidence 1,Guess 2,Noun?,Count Noun?,Confidence 2,Guess 3,Noun?,Count Noun?,Confidence 3,Guess 4,Noun?,Count Noun?,Confidence 4
598f3d19e339120001fb8afa,animate,bleached,large in size,1,0,2,concerned,1,1,2,concerned,1,1,3,expected,1,0,2,energetic,1,0,2,scared,1,1,2,worried,1,1,3,ready,1,0,2,short,1,0,1,upset,1,1,2,upset,1,1,3,upset,1,1,4,attractive,1,0,2,excited,1,1,2,looking forward,0,0,3,pleased,1,1,2,happy,1,1,1,irritating,1,0,2,irritating,1,0,3,irritating,1,0,3,candies,1,1,2,keys,1,1,2,dollars,1,1,1,pets,1,1,2
5f4da4fcc53d36a956cd6c29,animate,bleached,funny,1,0,2,happy,1,1,2,happy,1,1,3,happy,1,1,3,tall,1,0,1,mad,1,1,2,nervous,1,1,3,nervous,1,1,3,strong,1,0,2,secure,1,0,1,mad,1,1,2,mad,1,1,3,fun person,0,0,2,altered,1,0,1,confident,1,1,2,happy,1,1,2,athletic,1,0,2,calm,1,1,3,something relaxing,1,0,3,relaxing,1,0,3,earphones music,1,0,2,write pencil,1,1,2,leaves of tree,1,1,1,flowers,1,1,2
636581a8edbfeaf9a163095c,animate,bleached,happy,1,1,1,happy,1,1,2,happy,1,1,2,happy,1,1,2,Dirty,1,0,1,scared,1,1,1,scared,1,1,2,happy,1,1,1,Athletic,1,0,1,angry,1,1,1,angry,1,1,3,angry,1,1,3,Musical,1,0,1,excited,1,1,2,excited,1,1,3,excited,1,1,4,Adventurous,1,0,1,Awesome,1,0,1,Good,1,0,2,Good,1,0,3,Fruit,1,0,1,Apples,1,1,1,Apples,1,1,1,Apples,1,1,1
6394c4a71be9ebcc632f18f1,animate,bleached,A way to describe a person ,1,0,2,An attitude someone has towards a certain thing ,1,1,3,An attitude towards something or an event around it’s probability ,1,1,3,An emotion around something I.e feeling daxy ,1,1,4,Something that someone can be ,1,0,2,An emotion towards something ,1,1,3,confident,1,1,2,An attitude towards something such as enthusiastic or nervous ,1,1,3,A way of describing someone or something,1,0,3,A feeling or attitude towards someone’s actions ,1,1,3,A feeling towards an individual ,1,1,3,A feeling towards someone or their actions ,1,1,3,A positive way to describe someone ,1,0,3,A feeling someone has ,1,1,3,A feeling or emotion about something ,1,1,3,A feeling towards something or someone’s actions likely positive ,1,1,3,A feeling or emotion,1,1,2,A description of someone or something I.e dirty ,1,0,3,An description of someone or somrthing i.e exciting or dirty ,1,0,3,A likely negative description of someone or something ,1,0,3,It is some kind of food or something that you have large quantities of ,1,0,2,Food item you have around thee of ,1,1,1,Still a good item which are in substantial supply ,1,1,2,An item that is not in limited supply at all,1,1,2
5f2dee30160a0f13f3145b05,animate,bleached,diabetic,1,0,1,nervous,1,1,1,worried,1,1,1,anxious,1,1,2,adventurous,1,0,1,curious,1,1,1,curious,1,1,1,excited,1,1,1,athletic,1,0,1,nervous,1,1,1,annoyed,1,1,1,annoyed,1,1,1,sneaky,1,0,1,confused,1,1,1,antsy,1,1,1,agitated,1,1,1,fat,1,0,1,weird,1,0,1,weird,1,0,2,weird,1,0,2,Little plastic toys,1,1,1,Little plastic figures,1,1,1,Pens ,1,1,1,charms,1,1,1
62869a1b7fff9c9a48fe6087,animate,bleached,tall,1,0,1,smart,1,0,1,confident,1,1,1,sure,1,1,1,a girl,0,0,1,sure,1,1,1,sure,1,1,2,sure,1,1,2,funny,1,0,1,afraid,1,1,1,mad,1,1,1,mad,1,1,1,talented,1,0,1,happy,1,1,1,happy,1,1,2,happy,1,1,2,a dog,0,0,1,scary,1,0,1,scary,1,0,1,scary,1,0,2,kleenex,1,0,1,pens,1,1,1,pens,1,1,1,stickers,1,1,1
5bc8cdca0f10750001d70716,animate,bleached,likes sweets,1,0,1,excited,1,1,2,excited,1,1,2,nervous,1,1,2,athletic,1,0,1,scared,1,1,2,scared,1,1,2,scared,1,1,2,athletic,1,0,1,angry,1,1,1,angry,1,1,2,angry,1,1,2,excited,1,1,1,excited,1,1,2,excited,1,1,2,excited,1,1,2,friendly,1,0,1,happy,1,1,1,relaxing,1,0,2,relaxing,1,0,2,plant,1,1,1,type of cosmetic,1,1,1,plant,1,1,1,toy,1,1,1
614e16143f7ba19d39637115,animate,bleached,friendly ,1,0,2,inquisitive,1,1,3,curious,1,1,4,excited,1,1,4,playful ,1,0,3,excited,1,1,3,excited,1,1,4,happy,1,1,3,[blank],n/a,n/a,1,curious,1,1,2,mad,1,1,3,unhappy,1,1,4,[blank],n/a,n/a,1,scared,1,1,2,scared,1,1,4,scared,1,1,4,friendly ,1,0,2,nice,1,0,3,nice,1,0,4,wired,1,0,4,[blank],n/a,n/a,3,[blank],n/a,n/a,4,[blank],n/a,n/a,4,snacks,1,1,2
5e31e001db304d05e96019bd,animate,bleached,a nationality,0,0,1,excited,1,1,1,excited,1,1,1,excited,1,1,1,outdoor person,0,0,1,upset,1,1,1,anxious,1,1,1,anxious,1,1,1,fast,1,0,1,judgy,1,0,1,upset,1,1,1,upset,1,1,1,cool,1,0,1,excited,1,1,1,excited,1,1,1,excited,1,1,1,happy,1,1,1,scared,1,1,2,incites fear,1,0,2,scary,1,0,1,things,1,1,1,things,1,1,1,things,1,1,1,things or collectibles,1,1,1
5ecddcf366133c160b7437b7,animate,bleached,hungry,1,0,2,enthusiastic,1,1,2,happy,1,1,1,excited,1,1,2,fun,1,0,2,scared,1,1,2,scared,1,1,3,scared,1,1,3,athletic,1,0,1,nervous,1,1,2,annoyed,1,1,2,annoyed,1,1,3,talented,1,0,1,excited,1,1,2,excited,1,1,2,excited,1,1,2,happy,1,1,1,scared,1,1,1,fun,1,0,3,fun,1,0,3,mints,1,1,1,phones,1,1,1,books,1,1,1,hankerchiefs,1,1,1
6393fc93a0aea03630708b06,animate,bleached,nice,1,0,1,passionate,1,1,1,certain,1,1,1,excited,1,1,1,Fun,1,0,1,afraid,1,1,1,afraid,1,1,1,nervous,1,1,1,Energetic,1,0,1,happy,1,1,1,angry,1,1,1,angry,1,1,1,Talented,1,0,1,happy,1,1,1,happy,1,1,1,happy,1,1,1,Interesting,1,0,1,Nice,1,0,1,Fun,1,0,1,Nice,1,0,1,Book,1,1,1,Book,1,1,1,Book,1,1,1,Pen,1,1,1
60b6a586bbb419abdae29459,animate,bleached,sick,1,0,1,excited,1,1,1,excited,1,1,2,excited,1,1,2,grumpy,1,1,1,thinking,0,0,1,sure,1,1,2,scared,1,1,3,tired,1,0,1,concerned,1,1,1,mad,1,1,3,mad,1,1,4,nervous,1,1,2,nervous,1,1,1,nervous,1,1,2,nervous,1,1,1,sad,1,1,1,sad,1,1,2,sad,1,1,1,sad,1,1,1,sweets,1,1,1,sweets,1,1,2,sweets,1,1,2,sweets,1,1,2
5ec37264194de71cb7b82637,animate,bleached,pretty,1,0,2,happy,1,1,3,happy,1,1,3,excited,1,1,3,sad,1,1,2,sad,1,1,2,nervous,1,1,3,scared,1,1,2,risky,1,0,1,scared,1,1,[blank],mad,1,1,3,upset,1,1,2,adventurous,1,0,1,happy,1,1,2,excited,1,1,3,happy,1,1,2,weird,1,0,1,uncomfortable,1,0,1,scary,1,0,3,scary,1,0,3,money,1,0,1,candy,1,0,2,candy,1,0,2,candy,1,0,2
5bdc538e2b9e8d0001b9fbbf,animate,bleached,hungry,1,0,1,interested,1,1,1,worried,1,1,1,worried,1,1,1,playful,1,0,2,interested,1,1,1,worried,1,1,2,excited,1,1,2,playful,1,0,1,concerned,1,1,1,angry,1,1,2,angry,1,1,2,trendy,1,0,1,concerned,1,1,1,rushing,0,0,1,upset,1,1,1,outgoing,1,0,1,trendy,1,0,1,fashionable,1,0,2,fashionable,1,0,2,food,1,0,1,toys,1,1,1,food,1,0,1,lollies,1,1,1
596386246e30d40001a8c3fc,animate,bleached,cool,1,0,2,excited,1,1,2,excited,1,1,2,excited,1,1,3,fun,1,0,2,scared,1,1,2,worried,1,1,2,worried,1,1,1,fun,1,0,1,annoyed,1,1,2,annoyed,1,1,3,annoyed,1,1,3,funny,1,0,1,excited,1,1,2,excited,1,1,3,excited,1,1,3,sporty,1,0,1,fun,1,0,2,fun,1,0,2,fun,1,0,3,Headphones,1,1,1,snacks,1,1,1,devices,1,1,1,collectable figures,1,1,1
607ba9f40639e8a2c931d622,animate,bleached,funny,1,0,1,excited,1,1,2,excited,1,1,2,excited,1,1,3,young,1,0,1,afraid,1,1,1,worried,1,1,2,afraid,1,1,1,athletic,1,0,1,bossy,1,0,1,angry,1,1,2,angry,1,1,2,smart,1,0,1,happy,1,1,1,happy,1,1,1,annoyed,1,1,2,happy,1,1,1,lucky,1,0,1,scary,1,0,1,brave,1,0,2,food,1,0,1,book,1,1,1,book,1,1,1,book,1,1,1
63bcb6f97c75334718eb8fc8,animate,bleached,fat,1,0,1,upset,1,1,1,upset,1,1,2,meant to be,1,0,1,Athletic,1,0,1,wary,1,1,1,worried,1,1,2,wary,1,1,1,wet,1,0,1,mad,1,1,2,mad,1,1,3,mad,1,1,4,talented,1,0,1,excited,1,1,2,excited,1,1,3,excited,1,1,1,pretty,1,0,2,upseting,1,0,1,fun,1,0,1,fun,1,0,2,writing insturment,1,1,2,writing instrument,1,1,2,Writing instrument ,1,1,2,Writing instrument ,1,1,3
5eca7a483cd05100084ef351,animate,bleached,fragile,1,0,1,unsure,1,1,2,worried,1,1,1,excited,1,1,1,energetic,1,0,2,concerned,1,1,1,concerned,1,1,3,excited,1,1,1,crazy,1,1,2,angry,1,1,1,angry,1,1,3,angry,1,1,4,groovy,1,0,1,confident,1,1,2,rushing,0,0,1,hyper,1,0,1,outdoor lover,0,0,2,risky,1,0,1,risky,1,0,2,risky,1,0,3,an object or thing ,1,1,2,things to play with,1,1,[blank],a fun game,1,1,1,a game that you can have more than one of,1,1,1
55d4c46f58c35800113dc131,animate,bleached,happy,1,1,1,happy,1,1,2,happy,1,1,2,excited,1,1,2,playful,1,0,1,sad,1,1,1,anxious,1,1,1,anxious,1,1,1,athletic,1,0,1,happy,1,1,1,angry,1,1,2,angry,1,1,2,silly,1,0,1,sad,1,1,1,excited,1,1,1,happy,1,1,1,happy,1,1,1,exciting,1,0,1,fun,1,0,2,exciting,1,0,1,Sweets,1,1,1,Hair ties,1,1,1,pen,1,1,1,pen,1,1,1
5c59baa95e09ea00015521d9,animate,bleached,hungry,1,0,1,happy,1,1,1,happy,1,1,2,excited,1,1,2,Fun,1,0,1,scared,1,1,1,scared,1,1,3,scared,1,1,2,Sporty,1,0,1,annoyed,1,1,1,annoyed,1,1,2,annoyed,1,1,3,Cool,1,0,1,excited,1,1,1,excited,1,1,2,excited,1,1,1,Gorgeous,1,0,1,Nice,1,0,1,Nice,1,0,2,Nice,1,0,3,Pads,1,1,1,Pads,1,1,1,Phone,1,1,1,Key,1,1,1
5c122026e6eb4e0001b2ec82,animate,bleached,it is the hobby he does,0,0,1,an emotion,1,1,3,an emotion,1,1,3,an emotion,1,1,3,energetic,1,0,3,happy,1,1,2,excited,1,1,2,excited,1,1,3,athlectic,1,0,3,upset,1,1,2,upset,1,1,3,mad,1,1,3,confident,1,1,3,excited,1,1,2,excited,1,1,3,excited,1,1,2,energetic,1,0,1,scary,1,0,1,scary,1,0,2,special,1,0,1,an object,1,1,2,small objects,1,1,2,collectible objects,1,1,3,collectible objects,1,1,3
5c105e2757fd11000127e60f,animate,bleached,hungry,1,0,3,enthusiastic,1,1,2,enthusiastic,1,1,3,happy,1,1,3,fun,1,0,1,scared,1,1,2,scared,1,1,2,anxious,1,1,2,athletic,1,0,2,excited,1,1,2,angry,1,1,3,angry,1,1,3,hot,1,0,3,happy,1,1,2,happy,1,1,2,happy,1,1,2,fun,1,0,1,fun,1,0,2,fun,1,0,3,attractive,1,0,3,a novel product,1,1,2,a new product,1,1,2,object for sale,1,1,3,a desirable object,1,1,3
5a5bed3a76d1c60001ab3c4c,animate,bleached,handsome,1,0,2,excited by,1,1,2,confident,1,1,3,excited,1,1,2,Active,1,0,4,"A fan of, Into",0,0,1,nervous,1,1,2,determined,1,1,2,calm,1,1,2,nervous,1,1,1,mad,1,1,2,salty,1,1,2,Artsy,1,0,3,confident,1,1,2,happy,1,1,2,excited,1,1,1,Creative,1,0,1,Dangerous,1,0,2,Gross,1,0,3,Frowned upon,1,0,1,Lipstick,1,1,2,Lipsticks,1,1,1,Beanie Babies/Toys,1,1,1,Toys/Stuffed Animals,1,1,2
63bb79aed472669f48be40cd,animate,bleached,overweight,1,0,1,upset,1,1,2,upset,1,1,2,excited,1,1,2,adventurous,1,0,1,afraid,1,1,2,afraid,1,1,2,afraid,1,1,2,sporty,1,0,1,anxious,1,1,2,angry,1,1,2,angry,1,1,3,musical,1,0,1,excited,1,1,1,excited,1,1,2,excited,1,1,2,fit,1,0,1,happy,1,1,1,enjoyable,1,0,1,nice,1,0,1,glasses,1,1,1,pens,1,1,2,pens,1,1,2,pens,1,1,2
5f0b1c32d61a4a0490b557f1,animate,bleached,shy,1,1,2,unsure,1,1,1,unsure,1,1,2,[blank],n/a,n/a,1,[blank],n/a,n/a,1,scared,1,1,2,worried,1,1,3,[blank],n/a,n/a,1,uneasy,1,1,2,uneasy,1,1,2,uneasy,1,1,2,uneasy,1,1,3,Cool,1,0,2,[blank],n/a,n/a,1,spooked,1,1,1,spooked,1,1,2,Boring ,1,0,2,Boring,1,0,3,Boring ,1,0,3,Boring ,1,0,2,Keys,1,1,1,Keys,1,1,1,Pens,1,1,1,Maybe pen,1,1,1
610a119246a1dd2a66ef2f5c,animate,bleached,always hungry,1,0,2,excited,1,1,1,happy,1,1,2,excited,1,1,2,adventurous,1,0,1,afraid,1,1,1,[blank],n/a,n/a,1,scared,1,1,2,energetic,1,0,1,worried,1,1,1,upset,1,1,2,angry,1,1,2,funny,1,0,1,happy,1,1,1,happy,1,1,2,happy,1,1,2,nervous,1,1,1,silly,1,0,1,[blank],n/a,n/a,1,inappropriate,1,0,2,school supplies ,1,1,1,snack,1,0,1,food item,1,1,1,[blank],n/a,n/a,1
615c17dac17d529070394f43,animate,bleached,Greedy,1,0,1,excited,1,1,1,excited,1,1,3,excited,1,1,3,Young,1,0,1,scared,1,1,2,scared,1,1,3,scared,1,1,3,Healthy,1,0,1,jealous,1,1,2,angry,1,1,2,angry,1,1,3,Musically Talented ,1,0,1,concerned,1,1,1,nervous,1,1,2,nervous,1,1,2,Athletic ,1,0,1,Fortunate,1,0,1,Good for you,1,0,1,Good for you,1,0,2,Shoes,1,1,1,Drinks,1,1,1,Drinks,1,1,2,Drinks,1,1,2
5d54d5d907e8740018e56545,animate,bleached,crazy,1,1,1,crazy,1,1,1,happy,1,1,2,happy,1,1,2,Fun,1,0,1,scared,1,1,[blank],scared,1,1,2,scared,1,1,2,happy,1,1,1,worried,1,1,1,upset,1,1,1,worried,1,1,1,Unknown,1,0,1,suspicious,1,1,1,anxious,1,1,2,anxious,1,1,2,Fun,1,0,1,Fun,1,0,1,Scary,1,0,1,Scary,1,0,1,Something bought,1,0,1,Toys,1,1,1,[blank],n/a,n/a,1,An idea or thought,1,1,1
6295040e6fecb5e08234c8cd,animate,bleached,Cool/ nice,1,0,2,curious,1,1,1,Curious ,1,1,2,Anxious,1,1,1,exciting,1,0,1,[blank],n/a,n/a,1,anxious,1,1,1,wants,0,0,1,slick,1,0,1,worried,1,1,1,mad,1,1,2,mad,1,1,2,fun,1,0,1,thinking ,0,0,1,anxious,1,1,2,anxious,1,1,1,interesting,1,0,1,[blank],n/a,n/a,1,fun,1,0,2,fun,1,0,1,Snacks,1,1,1,[blank],n/a,n/a,1,Cameras,1,1,1,Candy,1,0,1
5f84b0568b326614c2194498,animate,bleached,an ethnci,0,0,1,enthusiastic,1,1,2,enthusiastic,1,1,1,eager,1,1,2,active,1,0,2,good at,1,0,1,fearful,1,1,3,fearful,1,1,1,athletic,1,0,2,fearful,1,1,1,angry,1,1,2,angry,1,1,3,cute,1,0,2,curious,1,1,1,eager,1,1,1,curious,1,1,1,nerdy,1,0,2,nerdy,1,0,1,nerdy,1,0,2,nerdy,1,0,2,food,1,0,1,food,1,0,1,a pastry,1,1,2,a treat,1,1,1
596d1cdfe81bf30001fe0533,animate,bleached,Sweet-toothed,1,0,2,obsessed by something,1,1,2,certain,1,1,2,excited,1,1,2,hates outdoors,0,0,1,afraid,1,1,1,scared,1,1,2,scared,1,1,2,swimmer,0,0,1,worried,1,1,1,angry,1,1,2,angry,1,1,2,musical,1,0,2,suspicious,1,1,1,waiting,0,0,1,annoyed,1,1,1,An,0,0,1,walking,0,0,1,horrible,1,0,1,disgusting,1,0,1,bags,1,1,1,pockets for mobiles,1,1,2,Biscuits/snacks,1,1,1,Drinks,1,1,1
5d6de63201523a0001f51f27,animate,bleached,hungry,1,0,1,crazy,1,1,1,mad,1,1,2,mad,1,1,1,energetic,1,0,2,afraid,1,1,1,afraid,1,1,3,afraid,1,1,2,fit,1,0,2,happy,1,1,1,angry,1,1,1,angry,1,1,2,happy,1,1,1,happy,1,1,2,happy,1,1,2,happy,1,1,3,healthy,1,0,1,healthy,1,0,1,healthy,1,0,2,healthy,1,0,3,books,1,1,1,books,1,1,2,books,1,1,2,books,1,1,2
6024b96760d68a1e5aad80b0,animate,bleached,Sweet tooth,1,0,1,crazy,1,1,1,sure,1,1,1,excited,1,1,1,Outdoorsy,1,0,1,certain,1,1,1,certain,1,1,2,excited,1,1,1,short,1,0,1,angry,1,1,1,angry,1,1,2,angry,1,1,3,kooky,1,0,1,curious,1,1,1,excited,1,1,1,excited,1,1,1,hungry,1,0,1,lovely,1,0,2,nice,1,0,2,nice,1,0,3,Candy,1,0,1,Candy,1,1,1,Candy,1,0,1,Candy,1,0,1
5edf9c64ecf5a026f9fd3464,animate,bleached,Tall,1,0,2,suspicious,1,1,2,suspicious,1,1,3,determined,1,1,3,Small,1,0,2,scared,1,1,2,scared,1,1,3,scared,1,1,4,Fast,1,0,3,jealous,1,1,2,annoyed,1,1,3,annoyed,1,1,3,Fun,1,0,1,excited,1,1,2,excited,1,1,3,excited,1,1,3,Smart,1,0,2,Smart,1,0,1,Smart,1,0,2,Smart,1,0,3,Mints,1,1,1,Cards,1,1,1,Books,1,1,2,Books,1,1,2
63bca22d6fa8440663c937f1,animate,bleached,Quiet,1,0,2,sad,1,1,2,upset,1,1,3,excited,1,1,3,shy,1,1,1,worried,1,1,3,worried,1,1,4,worried,1,1,3,Smart ,1,0,2,worried,1,1,3,upset,1,1,2,worried,1,1,3,Clumsy ,1,0,1,curious,1,1,2,excited,1,1,1,anxious,1,1,1,Hyper,1,0,1,uncomfortable,1,0,1,stressed,1,1,2,uncomfortable ,1,0,1,An Item prob lipstick,1,1,2,Pens (an item),1,1,2,Markers,1,1,2,Markers,1,1,1
631a0fe0eb6a5b8c1f501d22,animate,bleached,happy,1,1,2,interested in something,1,1,2,adamant,1,1,2,happy,1,1,1,clumsy,1,0,1,scared,1,1,1,scared somethings happening,1,1,2,excited,1,1,2,jolly,1,1,[blank],jolly,1,1,[blank],happy,1,1,2,exciting,1,0,2,quirky,1,0,2,certain,1,1,1,nervous,1,1,3,nervous,1,1,1,intelligent,1,0,1,awkward,1,0,2,awkward,1,0,3,awkward,1,0,3,type of medicine,1,0,2,type of sweets,1,1,2,type of objects,1,1,2,little trinkets,1,1,2
6116c9e9f3490c79002fda6e,animate,bleached,fun,1,0,1,interesting,1,1,1,excited,1,1,1,excited,1,1,2,athletic,1,0,1,needy,1,0,1,worried,1,1,1,wanting,0,0,1,moderately insane,1,0,1,angry,1,1,1,angry,1,1,2,upset,1,1,2,musically inclined,1,0,1,vaguely nauseated,0,0,1,anxious,1,1,2,anxious,1,1,2,handsome,1,0,1,cool,1,0,1,cool,1,0,2,cool,1,0,2,books,1,1,1,book,1,1,1,book,1,1,1,book,1,1,1
63947b43e8f68b80a20b6c06,animate,bleached,"hungry, a sweet tooth, ",1,0,1,an emotion,1,1,2,worried,1,1,[blank],worried,1,1,2,emotion or attribute,1,1,1,scared,1,1,2,scared,1,1,2,excited,1,1,2,fit,1,0,2,upset,1,1,2,upset,1,1,3,annoyed,1,1,3,musical,1,0,1,excited,1,1,2,excited,1,1,1,excited,1,1,2,big,1,0,1,fun,1,0,2,fun,1,0,2,fun,1,0,2,"headphone, pencilsm",1,1,1,"pencils, drink bottle, book",1,1,1,"book, device, ",1,1,1,book,1,1,2
5f64bdfa92434501c26dfca5,animate,bleached,Friendly,1,0,3,curious,1,1,4,inquisitive,1,1,4,anxious,1,1,2,nice,1,0,2,curious,1,1,2,sure,1,1,2,sure,1,1,3,easygoing,1,0,1,curious,1,1,2,annoyed,1,1,2,annoyed,1,1,3,funny,1,0,1,scared,1,1,2,eager,1,1,3,curious,1,1,1,beautiful,1,0,1,being cool,1,0,2,being cool,1,0,4,being very cool,1,0,4,An object,1,1,3,An object,1,1,3,still an object,1,1,4,lots of things,1,1,2
5bf769ac2dd20c00013188d1,animate,bleached,Hungry,1,0,3,Handsome,1,0,2,concerned,1,1,3,hurried,1,0,1,stressed,1,1,1,Less,1,0,1,worried,1,1,4,worried,1,1,2,Natural,1,0,1,upset,1,1,2,mad,1,1,3,mad,1,1,3,Talented,1,0,2,excited,1,1,3,excited,1,1,4,excited,1,1,3,beautiful ,1,0,2,[blank],n/a,n/a,[blank],fulfilling,1,0,1,unlickely,1,0,1,Remote,1,1,1,Candy,1,0,2,Candy,1,0,2,Candies,1,1,1
5f5c983ce742b548181ef1e7,animate,bleached,very playful,1,0,1,crazy for something,1,1,1,very sure,1,1,1,happy,1,1,1,playful,1,0,1,playful,1,0,1,sure,1,1,[blank],sure,1,1,1,[blank],n/a,n/a,1,scared,1,1,1,scared,1,1,1,scared,1,1,1,likes to sing,0,0,1,certain,1,1,1,excited,1,1,1,scared,1,1,1,sick,1,0,1,sickening,1,0,[blank],sick,1,0,1,safe,1,0,1,[blank],n/a,n/a,[blank],extra stuff,1,0,1,extra things,1,1,1,extra things,1,1,1
5dcfdf449b61040e3b923621,animate,bleached,Sweet toothed,1,0,1,obsessed,1,1,1,[blank],n/a,n/a,4,Has to be,0,0,1,Outgoing,1,0,2,confident,1,1,1,confident,1,1,2,happy,1,1,2,Athletic,1,0,1,Opinionated,1,0,1,stressed,1,1,1,stressed,1,1,1,Musical,1,0,1,[blank],n/a,n/a,4,happy,1,1,2,happy,1,1,1,Adventurous ,1,0,1,Adventurous ,1,0,2,Adventurous ,1,0,2,Adventurous ,1,0,2,Things,1,1,1,Compartments,1,1,1,[blank],n/a,n/a,3,Personal belongings,1,1,1
566e1aec744e3e0005b4e668,animate,bleached,Hungry,1,0,1,crazy,1,1,1,suspicious,1,1,1,eager,1,1,1,Playful,1,0,1,afraid,1,1,1,afraid,1,1,2,afraid,1,1,1,Nice,1,0,1,anxious,1,1,1,angry,1,1,2,angry,1,1,3,Tired,1,0,1,glad,1,1,1,glad,1,1,2,happy,1,1,2,Athletic,1,0,1,Stupid,1,0,1,Fun,1,0,1,Silly,1,0,1,Sweets,1,1,1,Cake,1,1,1,Cake,1,1,1,Cake,1,1,1
61577ade2c21809207c56385,animate,bleached,[blank],n/a,n/a,1,excited,1,1,1,upset,1,1,1,excited,1,1,2,upset,1,1,1,upset,1,1,1,excited,1,1,1,excited,1,1,1,athletic,1,0,1,excited,1,1,1,pleased,1,1,1,pleased,1,1,2,musical,1,0,2,excited,1,1,2,excited,1,1,1,excited,1,1,2,[blank],n/a,n/a,1,healthy,1,0,1,educational,1,0,1,healthy,1,0,1,shoes,1,1,1,handbags,1,1,1,handbags,1,1,1,handbags,1,1,1
60b9585537f22407ad740a00,animate,bleached,Sweet toothed,1,0,1,To like,0,0,1,excited,1,1,1,happy,1,1,1,Outdoorsy,1,0,1,tired,1,0,1,excited,1,1,1,excited,1,1,1,Nice,1,0,1,enthusiastic,1,1,1,mad,1,1,1,mad,1,1,1,Musical,1,0,1,excited,1,1,1,excited,1,1,1,excited,1,1,1,Fit,1,0,1,Cool,1,0,1,Cool,1,0,1,Cool,1,0,1,Item that fits in a bag,1,1,1,Item that can fit in a bag,1,1,1,Unknown small item,1,1,1,Unknown small item,1,1,1
5c5df997d7b842000156544f,animate,bleached,friendly,1,0,1,happy,1,1,2,happy,1,1,2,excited,1,1,2,nice,1,0,1,scared,1,1,1,excited,1,1,2,excited,1,1,2,sporty,1,0,1,scared,1,1,1,annoyed,1,1,2,annoyed,1,1,3,happy,1,1,1,excited,1,1,2,excited,1,1,3,excited,1,1,2,happy,1,1,1,scary,1,0,1,scary,1,0,2,scary,1,0,2,Keys,1,1,1,books,1,1,1,books,1,1,2,books,1,1,2
5aad226f811b2000016f6be2,animate,bleached,hungry,1,0,2,crazy,1,1,2,happy,1,1,2,happy,1,1,2,happy,1,1,1,scared,1,1,1,nervous,1,1,2,anxious,1,1,1,wet,1,0,1,nervous,1,1,1,upset,1,1,1,upset,1,1,2,funny,1,0,1,sure,1,1,1,afraid,1,1,1,nervous,1,1,1,[blank],n/a,n/a,[blank],scary,1,0,1,scary,1,0,1,scary,1,0,1,toys,1,1,1,books,1,1,1,oranges,1,1,1,vitamins,1,1,1
5f29eff59714081a3594a331,animate,bleached,"Dark, Black",1,0,1,confident,1,1,2,confident,1,1,2,confident,1,1,1,Athletic,1,0,2,curious,1,1,1,afraid,1,1,2,afraid,1,1,1,Athletic,1,0,1,happy,1,1,2,happy,1,1,2,Happy,1,1,2,"Funny, ",1,0,1,happy,1,1,1,happy,1,1,2,happy,1,1,2,Athletic,1,0,2,Good,1,0,3,Good,1,0,3,Good,1,0,3,"Sweet, books",1,1,1,"Sweets, cookies",1,1,1,"Sweets, cookies",1,1,2,"Sweets, cookies",1,1,2
5e3a198a0e532424396e094f,animate,bleached,hungry,1,0,2,excited,1,1,2,excited,1,1,2,happy,1,1,2,outdoorsy,1,0,1,worried,1,1,1,worried,1,1,3,excited,1,1,3,sporty,1,0,2,worried,1,1,2,mad,1,1,3,mad,1,1,3,groovy,1,0,1,worried,1,1,3,excited,1,1,2,annoyed,1,1,2,beautiful,1,0,1,cool,1,0,2,scary,1,0,2,scary,1,0,3,Stuffie,1,1,1,mini stuffed animal,1,1,1,writing utensil,1,1,2,writing utensils,1,1,1
5b846b97d0315b0001d30ea2,animate,bleached,full?,1,0,[blank],full,1,0,1,angry,1,1,2,excited,1,1,3,happy,1,1,1,worthy,1,0,1,excited,1,1,1,excited,1,1,3,friendly,1,0,1,angry,1,1,1,angry,1,1,3,angry,1,1,3,kind,1,0,1,excited,1,1,1,excited,1,1,3,happy,1,1,3,[blank],n/a,n/a,1,fun,1,0,1,fun,1,0,3,fun,1,0,4,maybe a type of toy? ,1,1,1,a type of collectable,1,1,1,still types of collexctab;es,1,1,1,still sticking with collectables,1,1,2
59772b1c1a5010000184a987,animate,lexical,hungry,1,0,1,upset,1,1,1,upset,1,1,1,sad,1,1,1,playful,1,0,1,scared,1,1,1,scared,1,1,2,scared,1,1,2,fast,1,0,1,angry,1,1,2,angry,1,1,4,angry,1,1,4,creative,1,0,1,happy,1,1,2,happy,1,1,3,happy,1,1,4,sporty,1,0,1,fun,1,0,1,fun,1,0,1,fun,1,0,1,oranges,1,1,1,oranges,1,1,1,oranges,1,1,1,oranges,1,1,1
6318db5e70498ce49da545cd,animate,lexical,[blank],n/a,n/a,1,unhappy,1,1,1,angry,1,1,3,annoyed,1,1,3,sad,1,1,1,scared,1,1,3,afraid,1,1,4,scared,1,1,4,brave,1,0,2,happy,1,1,1,annoyed,1,1,2,annoyed,1,1,2,energetic,1,0,1,excited,1,1,3,happy,1,1,3,happy,1,1,4,happy,1,1,1,fun,1,0,3,fun,1,0,3,fun,1,0,4,tampon,1,1,1,tissue,1,1,2,food,1,0,2,money,1,1,3
61322140be210a5f6738e764,animate,lexical,fun,1,0,1,happy,1,1,2,happy,1,1,2,happy,1,1,3,joyful,1,1,1,scared,1,1,1,scared,1,1,2,scared,1,1,3,Active,1,0,1,angry,1,1,2,angry,1,1,3,annoyed,1,1,4,happy,1,1,1,happy,1,1,3,delighted,1,1,2,happy,1,1,3,Active,1,0,1,Fun,1,0,1,Fun,1,0,1,Fun,1,0,2,"A noun, a small object",1,1,4,"A noun, very small object ",1,1,4,Stationary Equipment,1,0,1,small object maybe a fruit or writing items,1,1,1
6346e12e643544b86b5b427c,animate,lexical,greedy,1,0,3,sad,1,1,1,sad,1,1,1,sad,1,1,1,[blank],n/a,n/a,1,scared,1,1,2,scared,1,1,2,scared,1,1,3,fun,1,0,1,worried,1,1,2,annoyed,1,1,3,angry,1,1,4,confident,1,1,[blank],happy,1,1,2,happy,1,1,2,happy,1,1,3,Fun,1,0,1,Fun,1,0,1,fun,1,0,1,fun,1,0,1,Imodium,1,0,3,Imodium/drugs,1,1,3,Imodium/drug,1,0,3,imodium /drug,1,0,3
613a4d95865f9cc247eefaa4,animate,lexical,Hungry,1,0,1,sad,1,1,1,sad,1,1,1,sad,1,1,1,happy,1,1,1,afraid,1,1,1,afraid,1,1,1,afraid,1,1,1,Fast,1,0,1,angry,1,1,1,angry,1,1,2,angry,1,1,2,Weird,1,0,1,happy,1,1,1,happy,1,1,2,happy,1,1,2,tired,1,0,1,Fun,1,0,1,Fun,1,0,1,Fun,1,0,1,Sweet,1,0,1,Things,1,1,1,Sweets,1,1,1,Sweets,1,1,1
61bb384140db417c1a138c01,animate,lexical,Growing,0,0,1,upset,1,1,1,unhappy,1,1,1,unhappy,1,1,2,depressed,1,1,1,scared,1,1,2,scared,1,1,2,terrified,1,1,2,Sporty,1,0,1,excited,1,1,1,annoyed,1,1,1,annoyed,1,1,1,Cool,1,0,1,happy,1,1,1,excited,1,1,1,excited,1,1,1,Gross,1,0,1,Horrible,1,0,1,Tiring,1,0,1,Tiring,1,0,2,Tampon,1,1,1,Tampons,1,1,1,Hairband,1,1,1,Hairband,1,1,1
59360314da541f000146f49f,animate,lexical,funny,1,0,1,unhappy,1,1,1,unhappy,1,1,1,happy,1,1,2,energetic,1,0,1,scared,1,1,1,hopeful,1,1,1,excited,1,1,1,athletic ,1,0,1,excited,1,1,2,happy,1,1,1,happy,1,1,1,quirky,1,0,1,excited,1,1,2,happy,1,1,2,happy,1,1,2,happy,1,1,1,fun ,1,0,1,fun ,1,0,1,fun ,1,0,1,a type of food,1,0,1,a type of food,1,1,1,instrument or tool,1,1,1,tools,1,1,1
558bafe0fdf99b21155f2da0,animate,lexical,good,1,0,1,"fine with, okay",1,1,1,okay with,1,1,2,okay with,1,1,3,childish,1,0,2,childlike,1,0,2,excited,1,1,2,giddy,1,1,3,athletic,1,0,2,willing,1,1,2,willing,1,1,2,honest,1,0,2,curious,1,1,2,exciteful,1,1,2,excited,1,1,3,excited,1,1,4,outdoorsy,1,0,1,nostalgic,1,1,1,nostalgic,1,1,2,nostalgic,1,1,3,Snack food,1,0,1,collector item,1,1,2,collector's item,1,1,2,collector's item,1,1,2
5c8fffda2d8c5900142f97ae,animate,lexical,hungry,1,0,2,anxious,1,1,2,sure,1,1,1,unsure,1,1,1,adventurous,1,0,2,wary,1,1,2,scared,1,1,1,wary,1,1,2,fit,1,0,2,anxious,1,1,2,mad,1,1,2,unhappy,1,1,2,fun,1,0,2,happy,1,1,2,happy,1,1,2,happy,1,1,2,happy,1,1,1,fun,1,0,2,fun,1,0,2,fun,1,0,[blank],pets,1,1,1,pets,1,1,1,pets,1,1,1,food,1,0,1
60bd67b25b216d6ff8fd0477,animate,lexical,hungry,1,0,2,happy,1,1,1,happy,1,1,2,happy,1,1,2,small,1,0,1,scared,1,1,2,scared,1,1,2,scared,1,1,3,short,1,0,1,nervous,1,1,2,angry,1,1,3,angry,1,1,2,groovy,1,0,1,happy,1,1,2,happy,1,1,3,happy,1,1,3,pretty,1,0,1,fun,1,0,1,fun,1,0,1,fun,1,0,2,pockets,1,1,1,[blank],n/a,n/a,1,tissues,1,1,1,tissues,1,1,1
5ec51173f4cd5243ad1fbb81,animate,lexical,sweet-toothed,1,0,2,fussy,1,0,1,depressed,1,1,2,excited,1,1,2,energetic,1,0,2,loving,1,1,2,excited,1,1,2,excited,1,1,3,athletic,1,0,2,cautious,1,1,2,angry,1,1,2,angry,1,1,2,happy,1,1,2,unhappy,1,1,1,happy,1,1,3,happy,1,1,3,adventurous ,1,0,2,fun,1,0,3,fun,1,0,3,fun,1,0,3,trinket,1,1,1,electrical devices,1,1,1,drinks,1,1,1,phone,1,1,1
60916367cd8a527daf10c690,animate,lexical,Physically unique or interesting in some way; tall perhaps,1,0,2,"A feeling, maybe cold or depressed",1,1,2,upset,1,1,2,feeling down about something ,1,1,3,A feeling ,1,1,2,afraid,1,1,2,excited,1,1,3,afraid,1,1,3,A feeling or physical feature ,1,0,2,worried,1,1,2,annoyed,1,1,3,annoyed,1,1,3,A feeling or physical feature ,1,1,2,happy,1,1,3,happy,1,1,4,happy,1,1,4,A feeling or physical feature,1,1,2,joyous,1,1,2,Annoying,1,0,2,Frustrating ,1,0,3,Sweets or some decorative items perhaps,1,1,3,Collectible items such as charms,1,1,2,"Flowers or pickable, collectible items",1,1,3,Flowers or some sort of wild collectible item,1,1,3
61087a2a957d0234ef638e61,animate,lexical,Cool,1,0,3,worried,1,1,2,irritated,1,1,2,excited,1,1,1,adventurous ,1,0,2,scared,1,1,3,scared,1,1,3,scared,1,1,3,talented ,1,0,1,adamant,1,1,1,angry,1,1,2,angry,1,1,2,noisy ,1,0,2,happy,1,1,3,happy,1,1,3,happy,1,1,3,Healthy,1,0,1,fun,1,0,3,fun,1,0,3,fun,1,0,2,A new food ,1,0,1,Type of food,1,0,1,Food or item,1,1,2,Food ,1,0,1
5e57ddacf68518000bd3356b,animate,lexical,Greedy,1,0,1,unsure about,1,1,2,unhappy,1,1,3,unhappy,1,1,3,Adventurous ,1,0,1,scared,1,1,2,scared,1,1,3,scared,1,1,4,Sporty,1,0,2,confident,1,1,2,angry,1,1,3,angry,1,1,3,Fun,1,0,1,happy,1,1,2,happy,1,1,3,happy,1,1,4,Adventurous,1,0,1,Lovely,1,0,2,Stressful,1,0,2,Cool,1,0,1,Type of food,1,0,2,Type of food,1,0,1,AN item,1,1,3,An item,1,1,3
62694fbeede8c79c1b047e80,animate,lexical,hungry,1,0,1,upset,1,1,2,upset,1,1,2,upset,1,1,2,sad,1,1,1,scared,1,1,2,excited,1,1,2,excited,1,1,2,happy,1,0,1,worried,1,1,2,angry,1,1,3,angry,1,1,3,cheerful,1,1,1,cheerful,1,1,1,happy,1,1,2,happy,1,1,2,sad,1,1,1,wonderful,1,0,2,wonderful,1,0,2,wonderful,1,0,2,tissues,1,1,1,pens,1,1,1,pen,1,1,1,pen,1,1,1
60296c1430d207888e65a0eb,animate,lexical,craving sweets,1,0,2,bummed about,1,1,2,bummed about,1,1,2,bummed out about,1,1,2,sad,1,1,1,fond,1,1,2,excited,1,1,2,excited,1,1,3,stylish,1,0,1,worried,1,1,2,angry,1,1,3,angry,1,1,3,stylish,1,0,1,happy,1,1,2,happy,1,1,3,happy,1,1,3,sad,1,1,1,cheery,1,0,2,cheery ,1,0,2,cheery,1,0,2,meds,1,1,1,toys,1,1,1,status symbol,1,1,1,fruit,1,0,2
6238356bc0cff42b67a58c58,animate,lexical,hungry,1,0,2,worried,1,1,2,certain,1,1,1,upset,1,1,2,sad,1,1,1,scared,1,1,2,scared,1,1,2,scared,1,1,3,sporty,1,0,2,worried,1,1,2,angry,1,1,2,angry,1,1,2,musical,1,0,1,happy,1,1,2,happy,1,1,3,happy,1,1,3,tired,1,0,1,fun,1,0,2,fun,1,0,2,fun,1,0,2,something small in a bag,1,1,2,she has confident,0,0,1,[blank],n/a,n/a,1,you can have lots,1,1,1
6238356bc0cff42b67a58c58,animate,lexical,,,,,,,,,,,,,,,,,,,,,,,,,worried,1,1,2,,,,,,,,,,,,,,,,,annoyed,1,1,2,,,,,pleased,1,1,2,,,,,,,,,,,,,,,,,,,,,,,,,,,,,,,,,,,,,,,,
5f4a8c8347b9fe5082353a3c,animate,lexical,hungry,1,0,1,worried,1,1,1,worried,1,1,1,worried,1,1,1,adventurous,1,0,1,scared,1,1,1,hopeful,1,1,1,excited,1,1,1,sporty,1,0,1,worried,1,1,1,angry,1,1,1,angry,1,1,1,groovy,1,0,1,happy,1,1,1,happy,1,1,1,happy,1,1,1,gormless,1,0,1,Fun,1,0,1,Fun,1,0,1,Fun,1,0,1,sweet,1,0,1,Sweet,1,1,1,Sweet,1,1,1,Sweet,1,1,1
5eed2e5c2c93d5142aa8fc0e,animate,lexical,cute,1,0,1,crazy,1,1,2,happy,1,1,2,sad,1,1,2,athletic,1,0,1,scared,1,1,1,scared,1,1,1,scared,1,1,3,cool,1,0,1,cool,1,0,1,angry,1,1,3,angry,1,1,3,musical,1,0,1,happy,1,1,3,happy,1,1,3,happy,1,1,3,funny,1,0,1,fun,1,0,2,fun,1,0,2,fun,1,0,2,sweets,1,1,1,books,1,1,1,books,1,1,1,books,1,1,1
5ce45fdfb091340001f5d84b,animate,lexical,Goodlooking. ,1,0,1,unhappy,1,1,1,unhappy,1,1,2,unhappy,1,1,2,Funny,1,0,1,scared,1,1,2,scared,1,1,2,scared,1,1,2,Fast. ,1,0,1,annoyed,1,1,1,angry,1,1,2,angry,1,1,2,Cool.,1,0,1,happy,1,1,2,happy,1,1,2,happy,1,1,2,angry,1,1,1,Annoying,1,0,1,Annoying,1,0,2,Annoying,1,0,2,Some kind of food.,1,0,1,Some type of pen. ,1,1,1,Some type of pen. ,1,1,1,Some type of pen. ,1,1,1
63bc8d3bcf7082d87a3aca30,animate,lexical,Hungry,1,0,2,happy,1,1,1,glad,1,1,2,happy,1,1,2,Energetic,1,0,1,scared,1,1,2,scared,1,1,2,scared,1,1,2,Sporty,1,0,2,worried,1,1,2,angry,1,1,3,angry,1,1,3,Loud,1,0,1,pleased,1,1,1,pleased,1,1,2,pleased,1,1,2,Fit,1,0,1,Fun,1,0,2,Fun,1,0,3,Fun,1,0,3,Sweets,1,1,[blank],Book,1,1,1,Flowers,1,1,1,Flowers,1,1,1
5e10faccfeea897bcd4c4e85,animate,lexical,dishy,1,0,2,concerned,1,1,2,sure,1,1,2,[blank],n/a,n/a,[blank],wealthy,1,0,1,afraid,1,1,1,afraid,1,1,1,afraid,1,1,2,wet,1,0,1,scared,1,1,1,annoyed,1,1,2,annoyed,1,1,2,groovy,1,0,2,happy,1,1,2,happy,1,1,3,happy,1,1,3,gorgeous,1,0,2,lovely,1,0,2,lovely,1,0,2,lovely,1,0,2,pens,1,1,2,pens,1,1,1,pens,1,1,2,pens,1,1,2
602b981a69d3542d219a442c,animate,lexical,hungry,1,0,4,happy,1,1,3,happy,1,1,4,excited,1,1,4,small,1,0,2,fond,1,1,2,scared,1,1,3,scared,1,1,4,good swimmer,0,0,2,angry,1,1,2,mad,1,1,3,mad,1,1,4,jolly,1,1,1,glad,1,1,2,glad,1,1,3,glad,1,1,4,energetic,1,0,1,tiring,1,0,2,tiring,1,0,3,tiring,1,0,4,snack ,1,1,2,chocolate bars,1,1,2,snack bar,1,1,2,snack bars,1,1,3
57507e67fcaa630007cb9ad2,animate,lexical,Likes food,0,0,2,anxious,1,1,2,Irritated,1,1,3,irritated,1,1,3,Sociable,1,0,2,afraid,1,1,3,afraid,1,1,4,afraid,1,1,4,anxious,1,1,1,worried,1,1,4,mad,1,1,4,mad,1,1,4,Talented,1,0,2,happy,1,1,3,happy,1,1,4,happy,1,1,4,shy,1,1,2,Nice,1,0,3,Nice,1,0,4,Nice,1,0,4,Glasses,1,1,2,Lipstick,1,1,1,Plastic Cup,1,1,3,Plastic Cups,1,1,2
6368e44663ab624da3962b32,animate,lexical,Diabetic ,1,0,1,worried,1,1,1,upset,1,1,1,Upset,1,1,2,Brave,1,0,1,interested,1,1,1,worried,1,1,1,excited,1,1,2,Athletic ,1,0,1,worried,1,1,2,angry,1,1,1,angry,1,1,3,Groovy ,1,0,4,happy,1,1,1,joyful,1,1,2,joyful,1,1,3,Athletic ,1,0,2,Nice ,1,0,3,Nice ,1,0,4,Nice,1,0,4,Personal items,1,1,1,Potentially something spiritual or wholesome,1,1,1,Apple or fruit,1,1,1,Fruit of some sort,1,0,1
5cc22c575a8d7e001526e9da,animate,lexical,Handsome,1,0,1,excited,1,1,2,happy,1,1,2,happy,1,1,2,sad,1,1,1,a lover,0,0,2,excited,1,1,2,excited,1,1,3,happy,1,1,1,tentative,1,0,1,angry,1,1,3,angry,1,1,4,talented,1,0,1,happy,1,1,2,happy,1,1,3,happy,1,1,3,happy,1,1,1,fun,1,0,3,fun,1,0,4,fun,1,0,4,Shoes,1,1,1,Food,1,0,1,Item of food,1,0,2,"oranges, apples",1,1,1
60a142ecc64d11f4ed537cb5,animate,lexical,tall,1,0,1,worried,1,1,2,annoyed,1,1,2,excited,1,1,1,happy,1,1,1,wary,1,1,1,wary,1,1,1,excited,1,1,1,brave,1,0,1,worried,1,1,1,angry,1,1,2,angry,1,1,2,goofy,1,0,1,happy,1,1,1,happy,1,1,1,happy,1,1,2,calm,1,1,1,fun,1,0,1,fun,1,0,1,fun,1,0,1,pens,1,1,1,pens,1,1,1,towels,1,1,1,towels,1,1,1
60a142ecc64d11f4ed537cb5,animate,lexical,nice,1,0,1,,,,,,,,,,,,,,,,,,,,,,,,,,,,,,,,,,,,,,,,,,,,,,,,,,,,,,,,,,,,,,,,,,,,,,,,,,,,,,,,,,,,,,,,,,,,
5d1bd8a7601cd70001728db6,animate,lexical,Foreign ,1,0,1,excited,1,1,2,excited,1,1,2,excited,1,1,3,curious,1,1,1,wary,1,1,1,excited,1,1,2,excited,1,1,3,Sporty,1,0,2,angry,1,1,2,mad,1,1,4,angry,1,1,4,Handsome ,1,0,2,happy,1,1,2,happy,1,1,4,happy,1,1,4,Stupid,1,0,3,Weird ,1,0,1,Weird ,1,0,1,Strange ,1,0,1,Toy sweets candy ,1,1,2,Candy ,1,0,2,"Candy, food",1,0,2,"Candy, food",1,0,3
5731b7f35b8b0600097c2d66,animate,lexical,hungry,1,0,2,upset,1,1,2,upset,1,1,2,afraid,1,1,1,playful,1,0,1,afraid,1,1,1,afraid,1,1,2,afraid,1,1,2,active,1,0,2,excited,1,1,2,mad,1,1,2,mad,1,1,2,loud,1,0,1,happy,1,1,2,happy,1,1,3,happy,1,1,3,active,1,0,1,tiring,1,0,1,tiring,1,0,1,tiring,1,0,2,book,1,1,1,book,1,1,1,book,1,1,1,book,1,1,1
638ca5a91357e72133182e9c,animate,lexical,hungry,1,0,4,worried,1,1,4,annoyed,1,1,4,annoyed,1,1,4,happy,1,1,4,scared,1,1,4,scared,1,1,1,scared,1,1,4,cold,1,0,1,nervous,1,1,3,annoyed,1,1,4,angry,1,1,3,cool,1,0,3,happy,1,1,3,happy,1,1,4,happy,1,1,4,sad,1,1,4,fun,1,0,4,fun,1,0,3,fun,1,0,3,sweets,1,1,3,its a thing,1,1,2,[blank],n/a,n/a,4,[blank],n/a,n/a,4
5df553efef7f5e3c53056b2e,animate,lexical,A descriptive word ,1,0,3,A feeling or emotion,1,1,4,upset,1,1,3,annoyed,1,1,3,Active,1,0,2,afraid,1,1,2,hopeful,1,1,2,excited,1,1,2,Slow,1,0,[blank],nervous,1,1,2,annoyed,1,1,2,upset,1,1,3,Musical,1,0,1,happy,1,1,2,happy,1,1,3,happy,1,1,3,Hungry,1,0,1,Fun,1,0,2,Fun,1,0,2,Fun,1,0,3,Sweets,1,1,2,Maybe a toy,1,1,2,A type or treat or toy,1,1,2,A collectible,1,1,3
5c79cc22f5b67c0012d5b9ed,animate,lexical,nice,1,0,1,excited,1,1,2,happy,1,1,2,unexcited,1,1,2,keen,1,1,1,afraid,1,1,3,afraid,1,1,3,wary,1,1,1,active,1,0,2,worried,1,1,2,angry,1,1,2,angry,1,1,3,fun,1,0,1,happy,1,1,2,happy,1,1,2,happy,1,1,3,active,1,0,1,fun,1,0,2,tiring,1,0,2,fun,1,0,1,"book, item, object",1,1,2,"book, pen, item",1,1,1,"item, object, book",1,1,1,"pen, book",1,1,1
610eed701307b477c5f8771e,animate,lexical,hungry,1,0,2,sad,1,1,2,sad,1,1,2,sad,1,1,3,happy,1,1,1,scared,1,1,2,scared,1,1,3,scared,1,1,4,cold,1,0,1,worried,1,1,2,angry,1,1,3,angry,1,1,4,happy,1,1,1,happy,1,1,2,happy,1,1,3,happy,1,1,4,grumpy,1,0,1,tiring,1,0,2,tiring,1,0,2,tiring,1,0,2,items,1,1,2,personal items,1,1,2,random objects,1,1,1,an item you can collect,1,1,1
637f89ffcbf20bd680c0d79e,animate,lexical,Hungry,1,0,1,angry ,1,1,2,annoyed,1,1,2,annoyed,1,1,2,happy,1,1,1,scared,1,1,2,scared,1,1,2,scared,1,1,3,happy,1,1,1,curious,1,1,2,annoyed,1,1,2,angry,1,1,2,scared,1,1,1,happy,1,1,2,happy,1,1,3,happy,1,1,3,Adventurous Happy Friendly,1,0,1,Nice ,1,0,2,Pleasant ,1,0,2,Nice,1,0,2,glasses fo,1,1,1,Pen,1,1,1,Pen Apple ,1,1,1,Pen Apple ,1,1,1
5c82e6982421a3001242eafe,animate,lexical,a nationality,0,0,3,angry,1,1,3,angry,1,1,4,annoyed,1,1,4,sad,1,1,2,wary,1,1,2,scared,1,1,4,scared,1,1,4,chatty,1,0,1,worried,1,1,2,annoyed,1,1,2,annoyed,1,1,3,cool,1,0,2,happy,1,1,3,happy,1,1,3,happy,1,1,4,stupid,1,0,1,fun,1,0,2,fun,1,0,3,fun,1,0,3,a thing ,1,1,[blank],money,1,1,3,speakers,1,1,2,pen,1,1,3
5b9b3977cc5dd0000165ff0b,animate,lexical,Playful,1,0,2,happy,1,1,2,happy,1,1,3,happy,1,1,3,sad,1,1,2,scared,1,1,3,nervous,1,1,2,nervous,1,1,2,Adventurous,1,0,2,nervous,1,1,3,mad,1,1,2,mad,1,1,3,calm,1,1,3,happy,1,1,2,happy,1,1,2,happy,1,1,2,attractive,1,0,2,fun,1,0,3,Fun,1,0,3,Fun,1,0,3,A snack,1,1,2,A snack,1,1,2,A snack,1,1,2,A bracelet,1,1,2
60c3c8f790736ad8d329816b,animate,lexical,doll,0,0,4,moody,1,1,4,moody,1,1,4,moody,1,1,4,happy,1,1,4,afraid,1,1,2,happy,1,1,4,happy,1,1,4,nice,1,0,1,angry,1,1,3,angry,1,1,4,angry,1,1,4,playful,1,0,1,sad,1,1,2,bored,1,1,1,sad,1,1,4,bored,1,1,2,annoying,1,0,4,annoying,1,0,3,boring,1,0,2,candies,1,1,4,chocolate bar,1,1,4,candy bars,1,1,4,candy bars,1,1,4
63bc74f63269af3a7bfcec7c,animate,lexical,"Sweet lover, likes to eat",0,0,2,unhappy,1,1,2,annoyed,1,1,2,unhappy,1,1,2,nice,1,0,2,excited,1,1,2,nervous,1,1,2,nervous,1,1,2,cheerful,1,1,2,happy,1,1,1,unhappy,1,1,2,annoyed,1,1,3,cheerful,1,1,2,happy,1,1,2,glad,1,1,2,cheerful,1,1,3,lover of nature and outdoors,0,0,2,fun,1,0,1,nerve-racking,1,0,2,frustrating,1,0,2,Products from a store,1,1,2,computer par,1,1,1,Food items,1,1,1,Snacks,1,1,2
62a1e98aa066554d8ab25308,animate,lexical,smart,1,0,1,likes it a lot,0,0,2,happy,1,1,2,excited,1,1,2,nice,1,0,1,scared,1,1,1,looking forward to,0,0,2,looking forward,0,0,2,[blank],n/a,n/a,1,unhappy,1,1,1,unhappy,1,1,3,angry,1,1,3,sad,1,1,2,excited,1,1,2,excited,1,1,2,excited,1,1,2,a personality trait,1,0,[blank],good,1,0,2,happy,1,1,3,good,1,0,3,something to eat,1,1,2,a piece of stationary,1,1,2,something to eat,1,0,2,something to eat,1,0,1
620297b8ef1cb18a1337c16d,animate,lexical,hungry,1,0,2,unhappy,1,1,2,unhappy,1,1,2,unhappy,1,1,2,happy,1,1,1,scared,1,1,2,scared,1,1,3,scared,1,1,3,excited,1,1,1,worried,1,1,2,angry,1,1,2,annoyed,1,1,2,creative,1,0,1,happy,1,1,2,happy,1,1,2,happy,1,1,[blank],active,1,0,1,joyful,1,1,1,[blank],n/a,n/a,1,[blank],n/a,n/a,1,something you keep ,1,1,1,lipbalm,1,1,1,pens,1,1,1,pens,1,1,1
606d4e6a90238128de804d67,animate,lexical,cool groovy ,1,0,2,anxious,1,1,1,happy,1,1,4,ecstatic,1,1,3,playful ,1,0,1,love animals,0,0,2,happy,1,1,3,excited,1,1,3,athletic ,1,0,2,protective ,1,0,1,angry,1,1,3,upset,1,1,4,cool,1,0,2,defeated,1,1,1,dislikes ,0,0,1,defeated,1,1,4,cheerful ,1,1,1,exciting ,1,0,2,helpful,1,0,2,helpful ,1,0,3,sweets,1,1,2,sweets,1,1,1,sweets,1,1,2,bubble gum,1,0,1
5ec2720ae69a920447fa71a4,animate,lexical,personality,0,0,[blank],worried,1,1,1,worried,1,1,1,worried,1,1,1,young,1,0,1,scared,1,1,1,scared,1,1,2,scared,1,1,2,"fast, active",1,0,1,concerned,1,1,1,angry,1,1,2,angry,1,1,2,talented,1,0,1,happy,1,1,1,happy,1,1,1,happy,1,1,1,active,1,0,1,active,1,0,1,active,1,0,1,fun,1,0,1,an item,1,1,2,unsure small item,1,1,1,something you can buy,1,1,1,"a thing, item",1,1,2
60fd743e9935bcfda7ed870a,animate,lexical,An adjective ,1,0,2,An emotion towards something,1,1,2,An emotion towards something,1,1,2,An emotion towards something,1,1,2,An adjective,1,0,2,An adjective,1,0,2,nervous,1,1,2,nervous,1,1,2,athletic,1,0,2,nervous,1,1,2,frustrated,1,1,2,frustrated,1,1,2,confident,1,1,1,happy,1,1,2,happy,1,1,2,happy,1,1,2,An adjective,1,0,2,fun,1,0,2,fun,1,0,2,fun,1,0,2,[blank],n/a,n/a,1,A small item,1,1,2,A small common item,1,1,[blank],A small common item,1,1,1
5f45552d5bea2f11711b40b1,animate,lexical,Greedy,1,0,2,fed up,1,1,1,fed up,1,1,2,pleased,1,1,1,Excitable,1,0,1,scared,1,1,1,excited,1,1,2,excited,1,1,2,Fit,1,0,1,upset,1,1,1,cross,1,1,2,upset,1,1,2,Extrovert ,1,0,1,excited,1,1,2,excited,1,1,1,happy,1,1,2,Outdoorsy ,1,0,1,Great,1,0,1,Fun,1,0,1,Fun,1,0,2,Shopping,0,0,1,Clubs,1,1,1,Tennis balls,1,1,1,Gifts,1,1,1
60bfb7216f6da5705b11ca15,animate,lexical,into sweet things,1,0,4,sad,1,1,3,complaining,0,0,1,excited,1,1,4,"playful,fun",1,0,4,friendly,1,0,2,excited,1,1,3,excited,1,1,4,fun,1,0,[blank],car,0,0,1,mad,1,1,4,angry,1,1,3,lazy,1,0,3,happy,1,1,3,excited,1,1,3,shy,1,1,3,excited,1,1,[blank],fun,1,0,4,fun,1,0,3,important,1,0,[blank],personal belongings ,1,1,3,feminine p,1,1,1,"sweets,snacks",1,1,3,"snacks,office supplies",1,1,4
5ce8aed16e250f0001ec2618,animate,lexical,cute hungry funny,1,0,2,nervous,1,1,2,bothered,1,1,[blank],concerned,1,1,2,excited,1,1,1,scared,1,1,2,scared,1,1,3,scared,1,1,3,tired,1,0,1,nervous,1,1,2,angry,1,1,2,angry,1,1,3,energetic,1,0,1,excited,1,1,2,excited,1,1,2,excited,1,1,3,picky,1,0,1,pleasant,1,0,2,pleasant,1,0,2,pleasant,1,0,2,cupcakes croissant bakery,1,1,2,baked-goods  snacks,1,1,2,food digestable ,1,1,2,"souvenirs, snacks, gifts",1,1,3
62fd10443b9a8510ba1298fc,animate,lexical,Friendly ,1,0,1,upset,1,1,2,upset,1,1,2,upset,1,1,3,happy,1,1,2,friendly ,1,0,1,excited,1,1,2,excited,1,1,3,happy,1,1,1,angry,1,1,2,angry,1,1,3,angry,1,1,4,cool,1,0,1,happy,1,1,2,happy,1,1,3,happy,1,1,4,friendly,1,0,1,annoying,1,0,1,annoying,1,0,2,annoying,1,0,2,Slang for immodium,1,0,1,A pet,1,1,1,a type of bird,1,1,1,[blank],n/a,n/a,1
5fe3613dafc8a57da1a66760,animate,lexical,eating,1,0,2,sad,1,1,3,sad,1,1,3,unhappy,1,1,2,happy,1,1,1,affectionate ,1,0,2,glad,1,1,2,happy,1,1,1,a swimmer ,0,0,2,against ,0,0,1,upset,1,1,2,upset,1,1,2,happy,1,1,2,happy,1,1,4,happy,1,1,4,happy,1,1,4,a nice person,0,0,[blank],plesent ,1,0,2,fun,1,0,2,good,1,0,2,small bag,1,1,1,small things,1,1,2,toys,1,1,1,lipsticks,1,1,1
6318e2c61780455450fe4199,animate,lexical,greedy,1,0,1,frustrated,1,1,2,annoyed,1,1,2,pleased,1,1,2,fun-loving,1,0,2,envious,1,1,2,excited,1,1,2,happy,1,1,2,athletic,1,0,2,cautious,1,1,2,mad,1,1,2,annoyed,1,1,2,cheeky,1,0,2,happy,1,1,2,happy,1,1,2,happy,1,1,3,energetic,1,0,1,fun,1,0,2,exhausting,1,0,2,fun,1,0,2,sweets,1,1,2,phones,1,1,1,cake,1,1,2,cakes,1,1,2
5aaa59e2f5c89a0001e25150,animate,lexical,cool,1,0,2,irritated,1,1,2,irritated,1,1,2,irritated,1,1,2,nice,1,0,1,scared,1,1,3,scared,1,1,3,scared,1,1,[blank],interesting,1,0,[blank],scared,1,1,2,mad,1,1,[blank],angry,1,1,3,fun,1,0,2,happy,1,1,3,happy,1,1,3,happy,1,1,3,goofy,1,0,1,fun,1,0,2,fun,1,0,2,fun,1,0,3,"cellphones, medicine",1,1,1,phone,1,1,1,"device, phone",1,1,2,tracker,1,1,1
615239b73d2309dcf9786a1d,inanimate,bleached,Nice,1,0,2,Coat,0,0,1,Expensive,1,0,2,important,1,0,1,Nice,1,0,2,nice,1,0,1,worried,1,1,2,worried,1,1,2,new,1,0,1,worried,1,1,1,worried,1,1,1,worried,1,1,2,smooth,1,0,1,on edge,1,1,1,rushing,0,0,2,rushing,0,0,1,sharp,1,0,1,dangerous,1,0,2,dangerous,1,0,2,dangerous,1,0,2,In a bag,0,0,1,Items,1,1,1,Money,1,0,1,Coins,1,1,2
631d4876679fad1a9469e76c,inanimate,bleached,It's an adjective,1,0,3,It's a feeling,1,1,3,A feeling in reaction to something,1,1,3,excited,1,1,2,Flat,1,0,1,scared,1,1,1,worried,1,1,1,anxious,1,1,2,soft,1,0,1,worried,1,1,1,mad,1,1,2,mad,1,1,2,glittery,1,0,1,pleased,1,1,1,pleased,1,1,2,pleased,1,1,2,lumpy,1,0,1,relaxing,1,0,1,relaxing,1,0,1,relaxing,1,0,1,A smallish object,1,1,2,"A smallish, light non-alive object",1,1,2,An object of some kind,1,1,2,A collectable object,1,1,2
60fd2de5bb1c80a35dfe3bb3,inanimate,bleached,cool,1,0,3,crazy,1,1,2,sure,1,1,3,travelling,0,0,3,brand new,1,0,2,guilty,1,0,2,confident,1,1,2,eager,1,1,2,nice,1,0,1,suspicious,1,1,2,angry,1,1,4,angry,1,1,3,trendy,1,0,2,relieved,1,1,1,rushing,0,0,2,tetchy,1,1,1,very small,1,0,2,bound,1,0,1,fun,1,0,2,fun,1,0,2,type of sweet,1,0,1,type of sweet,1,1,1,type of sweet,1,1,1,type of sweet,1,1,1
5c8371b7c23f2d0001563a9f,inanimate,bleached,trendy or fashionable,1,0,2,useful,1,0,1,worried,1,1,1,useful,1,1,1,heavy,1,0,1,handmade,1,0,2,helpful,1,0,1,happy,1,1,1,useful,1,0,1,concerned,1,1,1,annoyed,1,1,2,annoyed,1,1,2,trendy,1,0,1,concerned,1,1,1,grateful,1,1,1,concerned,1,1,1,cute,1,0,2,safe,1,0,2,safe,1,0,2,safe,1,0,2,biscuits or crisps,1,1,2,books,1,1,1,books or pens,1,1,2,pens,1,1,2
5f108d17d4b3013636d8b01f,inanimate,bleached,new,1,0,2,wrong,1,0,1,certain,1,1,1,certain,1,1,1,wooly,1,0,1,covered,1,0,1,certain,1,1,1,desperate,1,1,1,old,1,0,1,annoyed,1,1,1,annoyed,1,1,2,annoyed,1,1,2,new,1,0,1,excited,1,1,1,excited,1,1,1,excited,1,1,1,[blank],n/a,n/a,1,designed,1,0,1,tiring,1,0,1,tiring,1,0,1,type of headphone,1,1,1,stationary,1,1,1,small thing,1,1,1,something collecatble,1,0,1
5d593bb9035b8900189e4a42,inanimate,bleached,pretty,1,0,2,angry,1,1,2,angry,1,1,2,excited,1,1,2,cool,1,0,2,memory,0,0,2,happy,1,1,1,happy,1,1,1,dusty,1,0,1,annoyed,1,1,2,annoyed,1,1,2,annoyed,1,1,2,groovy,1,0,1,pleased,1,1,1,pleased,1,1,1,pleased,1,1,1,pretty,1,0,2,pretty,1,0,1,fun,1,0,1,fun,1,0,1,Hair ties,1,1,1,Hair Ties,1,1,2,Biscuits,1,1,1,Biscuits,1,0,1
63039343fd5a2e6fb88d2c61,inanimate,bleached,new,1,0,2,angry,1,1,1,surprised,1,1,1,happy,1,1,2,new,1,0,1,frightened,1,1,2,frightened,1,1,2,scared,1,1,2,old,1,0,1,curious,1,1,1,curious,1,1,1,suspicious,1,1,1,new,1,0,1,excited,1,1,1,excited,1,1,1,excited,1,1,1,natural,1,0,1,natural,1,0,1,natural,1,0,1,natural,1,0,1,a food item,1,1,2,a food item,1,1,2,a food item,1,1,2,food item,1,0,2
5caa11e5a15c9800161ad16d,inanimate,bleached,warm,1,0,2,hot,1,0,1,so sure,1,1,2,need to be,0,0,2,saggy,1,0,1,sad,1,1,1,knows,0,0,2,going to,1,0,1,small,1,0,1,glad,1,1,1,angry,1,1,2,angry,1,1,2,fantastic,1,0,2,excited,1,1,3,excited,1,1,3,excited,1,1,3,fantastic,1,0,2,destined,1,0,2,grimy,1,0,1,great,1,0,2,things,1,1,1,items,1,1,2,item,1,1,1,[blank],n/a,n/a,1
5e3a0494852c30225cf95713,inanimate,bleached,Cool,1,0,1,excited,1,1,1,upset,1,1,1,excited,1,1,2,Nice,1,0,1,Lacking,1,0,1,convinced,1,1,1,happy,1,1,3,useful,1,0,1,annoyed,1,1,2,annoyed,1,1,1,annoyed,1,1,2,new,1,0,1,certain,1,1,1,happy,1,1,2,happy,1,1,1,interesting,1,0,2,interesting,1,0,1,exciting,1,0,1,Useful,1,0,1,form of terchnology,1,1,1,piece of technology,1,1,1,Uncommon item,1,1,1,Popular item,1,1,1
596e000bfb7959000162f52f,inanimate,bleached,cool,1,0,1,happy,1,1,2,happy,1,1,2,happy,1,1,2,soft,1,0,1,made,1,0,1,looking for,0,0,1,looking forward,0,0,1,smart,1,0,1,mad,1,1,1,mad,1,1,2,mad,1,1,2,spooky,1,0,1,scared,1,1,1,looking forward,0,0,1,disappointed,1,1,1,colourful,1,0,1,excited,1,1,1,exciting,1,0,1,exciting,1,0,1,"food, sweets",1,1,2,food,1,1,2,an item,1,1,1,a collectable,1,1,1
5cfa7e66b131cd001aa86c44,inanimate,bleached,[blank],n/a,n/a,2,possibly good,1,0,1,happy,1,1,2,happy,1,1,2,[blank],n/a,n/a,2,weary,1,0,1,worried,1,1,3,worried,1,1,1,[blank],n/a,n/a,3,worried,1,1,1,angry,1,1,2,angry,1,1,2,cool  ,1,0,1,happy,1,1,2,happy,1,1,2,happy,1,1,3,tasty,1,0,1,good,1,0,1,good,1,0,2,good,1,0,2,[blank],n/a,n/a,3,[blank],n/a,n/a,3,[blank],n/a,n/a,3,[blank],n/a,n/a,3
61006c7ded56391a96ff75a5,inanimate,bleached,Big,1,0,1,"new, nice",1,0,1,sad,1,1,2,excited,1,1,2,new,1,0,1,scared,1,1,2,scared,1,1,2,nervous,1,1,2,small,1,0,1,curious,1,1,1,angry,1,1,1,angry,1,1,2,happy,1,1,1,pleased,1,1,1,anxious,1,1,2,anxious,1,1,2,fluffy,1,0,1,fun,1,0,1,fun?,1,0,[blank],Fun,1,0,2,Sweets ,1,1,1,Candy or hair tie,1,1,1,"Receipts, candy, clips",1,1,1,"Receipt, candy, clip?",1,1,1
5b043626d7af450001ebeefb,inanimate,bleached,cool,1,0,2,unsure,1,1,1,worried,1,1,2,concerned,1,1,1,rich,1,0,1,copy,0,0,2,certain,1,1,2,certain,1,1,2,old,1,0,1,concerned,1,1,1,annoyed,1,1,2,annoyed,1,1,1,new,1,0,1,certain,1,1,1,anxious,1,1,2,worried,1,1,2,cool,1,0,1,cool,1,0,1,cool,1,0,2,wonderful,1,0,2,[blank],n/a,n/a,3,[blank],n/a,n/a,3,[blank],n/a,n/a,3,[blank],n/a,n/a,3
57ca2f6c6736cf0001b32017,inanimate,bleached,sexy sweet,1,0,2,asking about something,0,0,1,causes a scene,0,0,1,an experience,0,0,1,helpful,1,0,1,does something,0,0,1,predicts event,0,0,3,makes you move,0,0,2,playful,1,0,2,item that makes you do something mop,0,0,2,pet upset with you,0,0,2,pet,0,0,2,helpful,1,0,2,makes dinner,0,0,1,excited,1,1,1,happy,1,1,3,playful,1,0,2,fun,1,0,2,fun,1,0,2,exciting,1,0,3,snack,1,1,3,multiple snacks,1,1,3,snacks you can grab,1,1,2,an item that you can have multiple off like coloured pens,1,1,3
60c2b5411e6268b10e6625d6,inanimate,bleached,useful,1,0,1,[blank],n/a,n/a,1,glad,1,1,1,excited,1,1,1,nice,1,0,1,[blank],n/a,n/a,1,concerned,1,1,1,[blank],n/a,n/a,1,new,1,0,1,anxious,1,1,1,thinking,0,0,1,thinking,1,0,1,neat,1,0,1,sure,1,1,1,thankful,1,1,1,thankful,1,1,1,awesome,1,0,1,awesome,1,0,1,awesome,1,0,1,awesome ,1,0,1,everyday object ,1,1,1,toy,1,1,1,toy,1,1,1,toy,1,1,1
62fcabf17fc3d7ef0952fb6c,inanimate,bleached,describes something,1,0,2,unsure,1,1,1,a feeling,1,1,2,an emotion,1,1,2,unsure,1,1,1,looks like,0,0,1,feeling,1,1,2,feeling,1,1,1,someone else's,1,0,1,upset,1,1,1,upset,1,1,2,upset,1,1,2,unsure,1,1,1,excited,1,1,1,excited,1,1,2,excited,1,1,1,good,1,0,1,happy,1,1,1,good,1,0,1,good,1,0,2,something in bag,1,1,2,[blank],n/a,n/a,1,[blank],n/a,n/a,1,multiple of something,1,1,1
62fbb4a001f5f7bfcdd72b8b,inanimate,bleached,cool,1,0,2,happy,1,1,2,angry,1,1,2,excited,1,1,3,cool,1,0,1,smells,0,0,3,excited,1,1,2,happy,1,1,2,small,1,0,1,happy,1,1,1,angry,1,1,3,annoyed,1,1,2,soft,1,0,1,excited,1,1,1,excited,1,1,2,excited,1,1,3,green,1,0,1,happy,1,1,1,boring,1,0,2,fun,1,0,1,"food, shampoo",1,0,1,"oranges, cans sweets",1,1,1,"fruits, eggs",1,1,1,"cards, sweets ",1,1,1
616c9332fbd4c31a4973114c,inanimate,bleached,[blank],n/a,n/a,3,[blank],n/a,n/a,2,annoyed,1,1,2,A person maybe,0,0,3,Not a word used yet,0,0,1,An object someone made,0,0,2,Bad ,1,0,2,happy,1,1,3,Something to do with modi,0,0,2,Aggy,0,0,2,unhappy,1,1,2,unhappy,1,1,1,Nice,1,0,3,happy,1,1,2,happy,1,1,3,angry,1,1,2,A person,0,0,2,Good,1,0,2,Doing things,0,0,2,Good,1,0,2,Something in the bag,1,1,3,There are three of them,1,0,2,Objects,1,1,2,[blank],n/a,n/a,2
57b27d847d42b700012dd055,inanimate,bleached,cheap,1,0,1,[blank],n/a,n/a,1,confident,1,1,2,confident,1,1,3,unique,1,0,2,sure,1,1,1,sure,1,1,3,sure,1,1,4,cute,1,0,2,sure,1,1,2,mad,1,1,3,mad,1,1,3,expensive,1,0,2,confident,1,1,2,excited,1,1,2,excited,1,1,3,mine,1,0,2,nice,1,0,2,nice,1,0,3,nice,1,0,4,a food item,1,1,2,a toy,1,1,2,a toy,1,1,2,a toy,1,1,2
62e1547499643e7b972692d1,inanimate,bleached,Cool,1,0,2,Apart of,0,0,2,attached,1,0,2,happy,1,1,1,Amaz,0,0,1,Crochet,0,0,1,curious,1,1,1,happy,1,1,1,Amazing ,1,0,1,jealous,1,1,1,jealous,1,1,1,annoyed,1,1,1,Scary,1,0,1,curious,1,1,1,excited,1,1,1,annoyed,1,1,2,Gross,1,0,1,Gross,1,0,[blank],Gross,1,0,2,Gross ,1,0,2,New Technology ,1,1,2,Keys,1,1,1,Pen,1,1,2,Pen,1,1,1
57f11328f283e200011bc93e,inanimate,bleached,Cool,1,0,2,crazy,1,1,1,sure,1,1,1,sure,1,1,1,Nice,1,0,1,Capable,1,0,1,confident,1,1,1,Useful,1,0,1,Useful,1,0,1,jealous,1,1,1,cross,1,1,1,mad,1,1,1,On trend,1,0,1,happy,1,1,1,excited,1,1,1,excited,1,1,1,happy,1,1,1,happy,1,1,1,Fun,1,0,1,Fun,1,0,1,Phone,1,1,1,Coins,1,1,1,Tissues,1,1,1,Apples,1,1,1
6082c37809793130ca4b3f0e,inanimate,bleached,cool,1,0,2,happy,1,1,1,happening,1,0,1,excited,1,1,1,one of a kind,1,0,1,important,1,0,1,knowledgeable,1,0,1,excited,1,1,1,hard,1,0,1,interested,1,1,1,searching,1,0,1,confident,1,1,1,great,1,0,1,interested,1,1,1,happy,1,1,1,wonderful,1,0,1,alive,1,0,1,fun,1,0,2,fun,1,0,2,important,1,0,1,things in bag,1,1,1,pencils,1,1,1,gadgets,1,1,1,objects in the bag,1,1,1
634696bb92c2e5319fcf3527,inanimate,bleached,an item,0,0,2,crazy,1,1,2,certain,1,1,3,keen,1,1,2,nice,1,0,2,ornament,0,0,2,confident,1,1,3,keen,1,1,3,nice,1,0,2,annoyed,1,1,2,annoyed,1,1,3,annoyed,1,1,3,nice,1,0,2,certain,1,1,2,keen,1,1,2,dirty,1,0,2,plain,1,0,2,bound ,1,0,3,gross,1,0,2,certain,1,1,2,[blank],n/a,n/a,3,[blank],n/a,n/a,4,[blank],n/a,n/a,3,an object,1,1,3
6065a8becc1f681d7a36115e,inanimate,bleached,[blank],n/a,n/a,2,[blank],n/a,n/a,2,scared,1,1,2,excited,1,1,2,New,1,0,2,scared,1,1,2,scared,1,1,2,scared,1,1,2,New,1,0,1,happy,1,1,2,angry,1,1,2,angry,1,1,2,Scared,1,1,1,happy,1,1,1,excited,1,1,2,excited,0,1,2,happy,1,1,2,happy,1,1,2,Scary ,1,0,2,Scary,1,0,2,They stay inside the bag,0,0,1,It means bag holder,1,1,2,It means bag holder ,1,1,2,It means bag holder,1,1,1
613cc5de78e7317f29171d0c,inanimate,bleached,Special,1,0,2,excitable,1,0,1,excited,1,1,2,excited,1,1,[blank],Soft,1,0,1,Reminiscent ,1,0,1,A signal,0,0,1,A reminder,0,0,1,Empty,1,0,2,anxious,1,1,1,mad,1,1,1,mad,1,1,2,Groovy,1,0,2,excited,1,1,2,excited,1,1,2,excited,1,1,2,Green,1,0,2,Sticky,1,0,1,Sticky,1,0,2,Slimy,1,0,2,Writing implements,1,1,1,Writing implements,1,1,1,Still writing implements ,1,1,1,A collectible writing implements ,1,1,1
63bd81465a7246c0da98e4bd,inanimate,bleached,useful,1,0,1,worried,1,1,2,worried,1,1,1,excited,1,1,3,bad,1,0,1,made,1,0,2,cautious,1,1,1,happy,1,1,2,new,1,0,1,thinking,0,0,3,angry,1,1,3,angry,1,1,4,comfy,1,0,1,aware,1,1,2,wanting,0,0,2,useless,1,0,1,pretty,1,0,2,good,1,0,2,rewarding,1,0,1,normal,1,0,2,Electronic ,1,1,1,collectible,1,1,1,[blank],n/a,n/a,1,Type of pen,1,1,1
62e2dbce6972374fdd427048,inanimate,bleached,Cool,1,0,1,mad,1,1,1,mad,1,1,2,excited,1,1,3,sad,1,1,1,worried,1,1,2,worried,1,1,3,worried,1,1,2,angry,1,1,1,angry,1,1,3,angry,1,1,4,angry,1,1,4,Good,1,0,1,happy,1,1,2,happy,1,1,3,happy,1,1,4,Nice,1,0,1,Nice,1,0,2,Nice,1,0,3,Nice,1,0,4,Things,1,1,[blank],Items,1,1,2,Items,1,1,2,Items,1,1,2
5d29d7d739e2c7000140f10d,inanimate,bleached,cool,1,0,2,happy,1,1,2,annoyed,1,1,3,excited,1,1,3,heavy,1,0,2,scared,1,1,2,scared,1,1,4,worried,1,1,3,cool,1,0,1,happy,1,1,2,angry,1,1,2,angry,1,1,2,new,1,0,1,excited,1,1,3,excited,1,1,4,nervous,1,1,2,dirty,1,0,2,grateful,1,0,2,scary,1,0,2,hard,1,0,2,pens,1,1,2,planners,1,1,2,pens,1,1,2,ideas,1,1,2
57549ae7f2ab9d00062ffe4c,inanimate,bleached,Hair appliance ,0,0,2,Appliance for hair,0,0,1,certain,1,1,3,Reminder,0,0,2,Craft ,0,0,2,guilty,1,0,1,certain,1,1,1,certain,1,1,1,[blank],n/a,n/a,1,[blank],n/a,n/a,1,annoyed,1,1,2,annoyed,1,1,3,Adorable,1,0,2,scared,1,1,1,scared,1,1,2,scared,1,1,2,Cute ,1,0,1,Good ,1,0,1,Good,1,0,2,Cool,1,0,2,Sweet,1,1,1,Keys,1,1,1,Technology ,1,1,2,Objects,1,1,1
60a5a599bbb27be1974dae25,inanimate,bleached,nice,1,0,2,thinking,0,0,1,frightened,1,1,1,excited,1,1,2,special,1,0,2,tired,1,0,2,worried,1,1,2,worried,1,1,1,dangerous,1,0,2,uneasy,1,1,2,angry,1,1,1,angry,1,1,1,fancy,1,0,2,happy,1,1,2,happy,1,1,2,happy,1,1,3,happy,1,1,2,happy,1,1,3,joyful,1,1,3,joyful,1,1,2,food,1,0,1,money,1,0,1,sweets,1,1,2,sweets,1,1,2
5c30b2a910677f0001dda4c8,inanimate,bleached,new,1,0,1,revised,1,0,1,aware,1,1,1,expected,1,0,1,warm,1,0,1,made ,1,0,1,worried,1,1,1,excited,1,1,[blank],new,1,0,1,worried,1,1,1,angry,1,1,1,concerned,1,1,1,new,1,0,1,happy,1,1,1,impatient,1,1,1,happy,1,1,1,pretty,1,0,1,exciting,1,1,1,fun,1,0,1,good,1,0,1,fruit,1,0,1,"fruit, books, ",1,1,1,"books, fruit, pens",1,1,1,"books, fruit, pens",1,1,1
5f37e4f20fef2606653ec8ae,inanimate,bleached,Cool,1,0,1,happy,1,1,1,happy,1,1,2,happy,1,1,3,tasty,1,0,1,tastes of,1,0,1,worried,1,1,3,happy,1,1,2,fun,1,0,1,happy,1,1,1,annoyed,1,1,2,annoyed,1,1,2,cool,1,0,1,cool,1,0,1,happy,1,1,1,happy,1,1,[blank],pretty,1,0,1,happy,1,1,1,fun,1,0,1,fun,1,0,2,Food,1,0,1,make up,1,0,1,Food,1,1,1,phones,1,1,1
5f566443352f600826449f4b,inanimate,bleached,new,1,0,1,special,1,0,1,certain,1,1,1,certain,1,1,1,warm,1,0,1,handmade,1,0,1,a sign,0,0,1,made,0,0,1,warm,1,0,1,interested,1,1,1,annoyed,1,1,1,surprised,1,1,1,cool,1,0,1,concerned,1,1,1,interested,1,1,1,interested,1,1,1,wild,1,0,1,unusual,1,0,1,wild,1,0,1,unusual,1,0,1,fruit,1,0,1,phone,1,1,1,pictures,1,1,1,photo,1,1,1
5f57be602095072bb238a7ab,inanimate,bleached,Cool,1,0,1,[blank],n/a,n/a,1,[blank],n/a,n/a,1,Diary,0,0,1,Warm,1,0,1,Diary,0,0,1,Fortune dice,0,0,1,Voice recorder,0,0,1,Crispy ,1,0,1,worried,1,1,1,angry,1,1,1,cross,1,1,1,Cool,1,0,1,excited,1,1,1,excited,1,1,1,excited,1,1,1,Friendly,1,0,1,happy,1,1,1,Stressful ,1,0,1,Stressful ,1,0,2,Toys ,1,1,1,Food snacks,1,1,1,Food snacks ,1,1,1,Hair bands ,1,1,1
5e8e0580039e7106da8388d2,inanimate,bleached,modern,1,0,1,unsure,1,1,1,sure,1,1,1,meant,0,0,1,cool,1,0,1,attached,0,0,1,sure,1,1,1,meant,0,0,1,heavy,1,0,1,made,1,0,1,angry,1,1,1,happy,1,1,1,trendy,1,0,1,excited,1,1,1,happy,1,1,1,happy,1,1,1,light,1,0,1,born,1,0,1,healthy,1,0,1,nice,1,0,1,"pencils, pens, coins",1,1,1,"coins, collectables, toys",1,1,1,flowers,1,1,2,flowers,1,1,2
5ebd841ddea21b08a0aa3057,inanimate,bleached,new,1,0,1,curious,1,1,2,happy,1,1,2,happy,1,1,1,flimsy,1,0,1,missing,1,0,2,know,0,0,3,glad,1,1,2,new,1,0,1,cautious,1,1,1,angry,1,1,3,angry,1,1,3,pretty,1,0,1,excited,1,1,1,excited,1,1,2,excited,1,1,2,tiny,1,0,1,comfortable,1,0,1,comfortable,1,0,2,gross,1,0,2,cookie,1,1,2,cookie,1,1,2,cookie,1,1,2,cookie,1,1,2
5ea302aeb39fb424ac3b7e36,inanimate,bleached,grey,1,0,[blank],excited,1,1,2,sad,1,1,2,excited,1,1,2,handmade,1,0,1,handmade,1,0,2,worried,1,1,1,excited,1,1,1,fuzzy,1,0,1,worried,1,1,1,angry,1,1,2,angry,1,1,2,friendly,1,0,1,excited,1,1,1,excited,1,1,2,excited,1,1,1,hungry,1,0,1,nice,1,0,1,nice,1,0,2,nice,1,0,2,things,1,1,1,tools,1,1,1,snacks,1,1,1,snacks,1,1,1
5ce5b9844cd8130019acba32,inanimate,bleached,good,1,0,1,useful,1,0,1,not always useful,0,0,1,a moveable item,0,0,1,used,1,0,1,interesting product,0,0,1,predicts outcomes,0,0,2,predicts outcomes and assists people,0,0,1,different,1,0,1,unsure,1,1,1,annoyed,1,1,[blank],annoyed,1,1,1,smooth,1,0,1,happy,1,1,1,destined,1,0,1,happy,1,1,1,cute,1,0,1,benefits being in places to use,1,0,1,difficult to use,1,0,[blank],benefical to people,1,0,1,an item to use,1,1,2,something to use,1,1,2,an item which can be used,1,1,2,a useful product with different uses,1,1,1
5fc0c7b73605db59cfd30666,inanimate,bleached,unique,1,0,4,sure,1,1,3,sure,1,1,4,eager,1,1,4,cute,1,0,3,worthy,1,0,3,concerned,1,1,3,eager,1,1,4,sweet,1,0,3,angry,1,1,3,angry,1,1,3,upset,1,1,3,nice,1,0,3,happy,1,1,3,too nice,1,0,4,eager,1,1,3,cute,1,0,3,weird,1,0,3,tiring,1,0,4,wrong,1,0,3,"Candy, snack",1,0,3,"candy, snack, sweets, fruits",1,1,4,"candy, snacks, fruits, sweets",1,1,4,"Candy, snacks, sweets, fruit",1,1,4
614760e10d7e4f41c50e0082,inanimate,bleached,works well,1,0,1,annoyed,1,1,2,annoyed,1,1,2,annoyed,1,1,2,fragile,1,0,2,fragile,1,0,1,fragile ,1,0,1,fragile,1,0,1,heavy,1,0,1,heavy,1,0,2,angry,1,1,1,angry,1,1,3,expensive,1,0,2,nervous,1,1,1,nervous,1,1,2,nervous,1,1,3,nerdy,1,0,2,nerdy,1,0,3,nerdy,1,0,4,nerdy,1,0,4,snacks,1,1,1,pets,1,1,1,animals,1,1,1,animals,1,1,1
5cf91e3f1756e60017a30568,inanimate,bleached,Chocolate Strawberry Vanilla,0,0,2,Sweet  ,1,0,1,happy,1,1,2,excited,1,1,2,Tasty  ,1,0,2,A piece a section a,0,0,1,afraid,1,1,1,happy,1,1,2,Pretty,1,0,2,happy,1,1,1,mad,1,1,2,happy,1,1,2,Expensive,1,0,1,happy,1,1,2,happy,1,1,1,happy,1,1,1,friendly,1,0,1,good,1,0,2,risky,1,0,2,Fun,1,0,2,Sweets Candy Chocolate,1,1,1,Chocolate bars c,1,1,1,Flowers Plants ,1,1,1,Flowers Sweets Cakes,1,1,1
5f735d195a302d06b07acf90,inanimate,bleached,Cool or ,1,0,2,Great,1,0,2,happy,1,1,2,happy,1,1,2,Limp or similar,1,0,1,Worthy or worthwhile ,1,0,1,Predicting something or a prediction,0,0,1,A planner or diary,0,0,1,Rare,1,0,1,A digital assistant or planner,0,0,1,cross,1,1,1,cross,1,1,2,"Nice, ",1,0,1,happy,1,1,1,happy,1,1,2,happy,1,1,3,Nice,1,0,1,Nice,1,0,2,Nice,1,0,2,Nice,1,0,2,It is a type of product,1,1,2,A type of product,1,1,2,It is a common product,1,1,3,A type of collectable product ,1,1,3
5a863fb8f1408d0001768afa,inanimate,bleached,electric,1,0,2,excited,1,1,2,excited,1,1,2,excited,1,1,3,soft,1,0,2,smelling,1,0,1,nervous,1,1,2,nervous,1,1,2,old,1,0,2,cool,1,0,2,mad,1,1,2,mad,1,1,2,new,1,0,2,certain,1,1,2,glad,1,1,2,glad,1,1,2,cold,1,0,2,good,1,0,2,good,1,0,2,good,1,0,2,banana,1,1,1,book,1,1,2,book,1,1,2,book,1,1,2
5f805dd87a1fdb064708f313,inanimate,bleached,probably dirty,1,0,3,confident,1,1,2,confident,1,1,2,confident,1,1,3,fancy,1,0,3,be,0,0,3,think,0,0,[blank],to do,0,0,1,fancy,1,0,2,sure,1,1,3,angry,1,1,3,angry,1,1,2,smooth,1,0,2,sure,1,1,2,sure,1,1,3,sure,1,1,2,comfy,1,0,2,to be,1,0,2,hard,1,0,2,hard,1,0,3,[blank],n/a,n/a,1,[blank],n/a,n/a,1,[blank],n/a,n/a,1,[blank],n/a,n/a,2
608c4ca9fe8456a133ac3d85,inanimate,bleached,durable,1,0,2,suspicious,1,1,3,suspicious,1,1,4,uncomfortable,1,0,2,elastic,1,0,1,poorly made,1,0,2,worried,1,1,2,hopeful,1,1,2,damaged,1,0,2,uneasy,1,1,3,upset,1,1,3,upset,1,1,4,expensive,1,0,2,scared,1,1,3,scared,1,1,4,scared,1,1,3,lazy,1,0,2,unpleasant,1,0,3,unpleasant,1,0,4,embarrassing,1,0,3,jewelery,1,0,3,Snack,1,1,3,Snack,1,1,4,a fidget toy,1,1,2
5cfb5233df7d70001619ca90,inanimate,bleached,new,1,0,2,crazy,1,1,2,crazy,1,1,2,anxious,1,1,3,beautiful,1,0,3,happy,1,1,2,happy,1,1,2,happy,1,1,3,new,1,0,3,anxious,1,1,2,angry,1,1,2,angry,1,1,3,beautiful,1,0,2,sad,1,1,2,sad,1,1,3,sad,1,1,3,playful,1,0,2,playful,1,0,3,playful,1,0,2,playful,1,0,2,new,0,0,2,new bag,1,1,3,new bag,1,1,3,designer bag,1,1,2
60ab94701eab113dfefe60ad,inanimate,bleached,useful,1,0,1,old,1,0,1,exposed,1,0,3,excited,1,1,2,amazing,1,0,2,great,1,0,2,looks great,0,0,2,looks great,0,0,1,worn out,1,0,2,worn out,1,0,3,worn out,1,0,3,worn out,1,0,3,new,1,0,2,influential,1,0,1,influential,1,0,2,moves around,0,0,1,lonely,1,0,2,lonely,1,0,3,lonely,1,0,3,lonely,1,1,3,beauty cosmetics,1,1,3,feminine cosmetics,1,1,2,stationery,1,1,2,stationery,1,1,2
636a740f2956031d8abf5bf1,inanimate,bleached,fun,1,0,1,annoyed,1,1,1,annoyed,1,1,2,excited,1,1,3,nice,1,0,2,similar,1,0,1,certain,1,1,1,excited,1,1,3,old,1,0,2,annoyed,1,1,1,annoyed,1,1,3,annoyed,1,1,3,brand new,1,0,2,delighted,1,1,2,excited,1,1,2,annoyed,1,1,1,gorgeous,1,0,2,happy,1,1,3,hardwork,0,0,2,selfish,1,0,2,type of food,1,0,2,type of food,1,1,1,pens,1,1,2,pens,1,1,2
60fe79117e082892a4e47723,inanimate,lexical,Present ,1,0,1,unhappy,1,1,1,unhappy,1,1,2,unhappy,1,1,2,unsure,1,1,1,scared,1,1,2,scared,1,1,2,scared,1,1,2,happy,1,1,1,happy,1,1,1,mad,1,1,2,angry,1,1,2,Expensive ,1,0,1,happy,1,1,2,happy,1,1,2,happy,1,1,2,Bright ,1,0,1,Nice ,1,0,1,Fun,1,0,2,Fun,1,0,2,[blank],n/a,n/a,1,Item,1,1,2,Item,1,1,2,Item,1,1,2
60aed9850592d6678e2c06ba,inanimate,lexical,new,1,0,2,suitable,1,0,2,certain,1,1,2,great,1,0,3,fun,1,0,1,good,1,0,1,sure,1,1,3,safe,1,0,3,old,1,0,2,shy,1,1,1,annoyed,1,1,2,annoyed,1,1,2,expensive,1,0,2,[blank],n/a,n/a,1,happy,1,1,1,hat,0,0,1,new,1,0,1,safe,1,0,2,tiring,1,0,1,good,1,0,2,sweets,1,1,2,phones,1,1,1,coins,1,1,3,coins,1,1,3
5dc9c2c0b9fad36ddca37632,inanimate,lexical,pretty,1,0,1,useful,1,0,2,annoyed,1,1,2,annoyed,1,1,2,special,1,0,1,afraid,1,1,1,hopeful,1,1,1,happy,1,1,1,old,1,0,1,dependent,1,0,1,angry,1,1,1,angry,1,1,2,desirable,1,0,1,happy,1,1,1,happy,1,1,1,happy,1,1,1,tasty,1,0,1,manufactured,1,0,1,annoying,1,0,1,annoying,1,0,1,thing,1,1,1,lipstick,1,1,2,key,1,1,2,key,1,1,2
5be2dab1dc5b8d0001ce18a9,inanimate,lexical,warm,1,0,1,unhappy,1,1,1,annoyed,1,1,1,annoyed,1,1,1,fragile,1,0,1,afraid,1,1,1,afraid,1,1,1,afraid,1,1,1,sharp,1,0,1,cranky,1,1,1,angry,1,1,1,angry,1,1,1,happy,1,1,1,happy,1,1,1,happy,1,1,1,happy,1,1,2,wild,1,0,1,excited,1,1,1,exciting,1,0,1,exciting,1,0,1,pens,1,1,1,type of payment,1,1,1,something edible,1,1,1,something edible,1,1,1
5fc6a6691dd15336fcc81742,inanimate,lexical,cool,1,0,1,sensitive,1,0,1,sure,1,1,1,happy,1,1,1,cute,1,0,1,scared,1,1,1,sure,1,1,1,happy,1,1,1,shiny,1,0,1,happy,1,1,1,mad,1,1,1,sad,1,1,1,groovy,1,0,1,happy,1,1,1,glad,1,1,1,annoyed,1,1,1,[blank],n/a,n/a,1,great,1,0,1,annoying,1,0,1,great,1,0,1,"phones, earphones, ",1,1,1,"hairbrush, bottles, pens",1,1,1,"pens, pencils",1,1,1,"pens, glasses, gloves, ",1,1,1
5f619d46bfaddb146a5c04e6,inanimate,lexical,nice,1,0,[blank],unsure,1,1,1,unhappy,1,1,2,unhappy,1,1,2,perfect,1,0,2,scared,1,1,2,scared,1,1,2,scared,1,1,2,nice,1,0,2,a result of,0,0,2,angry,1,1,2,angry,1,1,2,pretty,1,0,2,happy,1,1,2,happy,1,1,2,happy,1,1,2,perfect,1,0,2,happy,1,1,2,exctiing,1,0,1,exciting,1,0,2,things,1,1,2,thing,1,1,2,thing,1,1,2,thing,1,1,2
5d7de72016b0a00001c36af3,inanimate,lexical,New,1,0,1,unimpressed,1,0,1,unimpressed,1,0,1,unhappy,1,1,1,Edible,1,0,1,scared,1,1,1,scared,1,1,1,scared,1,1,1,Fragile,1,0,1,worried,1,1,1,annoyed,1,1,1,annoyed,1,1,1,Flash,0,0,1,happy,1,1,1,happy,1,1,1,happy,1,1,1,Friendly,1,0,1,Entertaining,1,0,1,Entertaining,1,0,1,Entertaining,1,0,1,Keys,1,1,1,Pens,1,1,1,Pen,1,1,1,Pen,1,1,1
5e41d56250cd36000ac74d1e,inanimate,lexical,Beautiful,1,0,2,worried,1,1,1,sure,1,1,2,excited,1,1,2,Great,1,0,2,scared,1,1,1,sure,1,1,1,excited,1,1,2,Old,1,0,2,concerned,1,1,1,angry,1,1,1,angry,1,1,2,The best,1,0,2,glad,1,1,2,happy,1,1,2,happy,1,1,2,Left,1,0,1,Good ,1,0,1,Fun,1,0,1,Fun,1,0,2,[blank],n/a,n/a,1,[blank],n/a,n/a,1,[blank],n/a,n/a,1,Things,1,1,2
60ac38ab2405314d4be6d529,inanimate,lexical,new,1,0,2,knowledgable,1,0,2,smart,1,0,2,excited,1,1,2,new,1,0,1,knowledgeable,1,0,2,confident,1,1,2,happy,1,1,2,old,1,0,1,knows,0,0,1,mad,1,1,2,annoyed,1,1,2,new,1,0,1,happy,1,1,2,happy,1,1,2,happy,1,1,3,ugly,1,0,1,enjoys,0,0,1,interesting,1,0,2,interesting amusing,1,0,2,candy,1,0,1,gum,1,1,2,toys,1,1,2,collectible toys,1,1,2
60f8659dc04284bf891de09d,inanimate,lexical,cool,1,0,2,unsure,1,1,2,pleased,1,1,1,happy,1,1,3,[blank],n/a,n/a,1,afraid,1,1,2,afraid,1,1,3,unsure,1,1,2,useful,1,0,1,precarious ,1,0,2,mad,1,1,2,mad,1,1,2,funky,1,0,2,[blank],n/a,n/a,1,pleased,1,1,1,happy,1,1,1,interesting,1,0,2,interesting,1,0,2,interesting,1,0,2,interesting,1,0,2,small personal effect,1,1,1,[blank],n/a,n/a,1,[blank],n/a,n/a,1,[blank],n/a,n/a,1
62c4b317f533d33ee1a2e542,inanimate,lexical,Teddy,1,0,1,Dog,0,0,1,upset,1,1,1,happy,1,1,2,Golden ,1,0,1,scared,1,1,2,anxious,1,1,2,anxious,1,1,2,Heavy,1,0,1,anxious,1,1,1,upset,1,1,2,upset,1,1,2,Comfy,1,0,1,happy,1,1,1,happy,1,1,2,happy,1,1,2,Dirty,1,0,1,stressed,1,1,1,Stressful,1,0,1,Stressful,1,0,1,Chewing gum,1,1,1,Chewing gum,1,1,1,Chewing gum,1,1,1,Chewing gum,1,1,1
63b7d0ea4778caf55db8674e,inanimate,lexical,cool,1,0,2,useful,1,0,1,certain,1,1,2,useful for,1,0,1,good,1,0,2,made out of,1,0,1,excited,1,1,1,excited,1,1,1,helpful to have,1,0,1,nervous,1,1,1,angry,1,1,2,angry,1,1,2,new,1,0,1,bright,1,0,1,ex,0,0,1,lit-up,1,1,1,unique,1,0,1,interesting,1,0,2,enjoyable,1,0,1,enjoyable,1,0,1,small object,1,1,2,small object,1,1,2,small ,1,1,1,small object,1,1,2
5ea9de15df734413226d7f0d,inanimate,lexical,nice,1,0,2,useful,1,0,2,ensuring,0,0,1,useful,1,0,2,handmade,1,0,1,free,1,0,2,aware,1,1,3,excited,1,1,2,useful,1,0,2,wary,1,1,1,suspicious,1,1,2,suspicious,1,1,3,luxurious,1,0,2,indicative,1,0,1,made,0,0,2,functional,1,0,2,dirty,1,0,1,happy,1,1,2,happy,1,1,2,pleasant,1,0,3,a small object,1,1,4,a small object,1,1,4,a small object,1,1,2,a small object,1,1,1
60fe11079929d4e3d9f31249,inanimate,lexical,new,1,0,2,upset,1,1,2,upset,1,1,2,nervous,1,1,2,awesome,1,0,1,scared,1,1,2,nervous,1,1,2,afraid,1,1,2,pointy,1,0,2,annoyed,1,1,2,annoyed,1,1,3,annoyed,1,1,2,shiny,1,0,2,excited,1,1,2,excited,1,1,2,excited,1,1,2,kind,1,0,1,scared,1,1,1,scary,1,0,2,scary,1,0,2,books,1,1,1,textbooks,1,1,1,textbooks,1,1,1,pencils,1,1,1
5b232f6838fc0c000131438c,inanimate,lexical,good,1,0,1,nervous,1,1,1,happy,1,1,1,happy,1,1,2,solid,1,0,1,full of,1,0,1,excited,1,1,1,happy,1,1,1,wet,1,0,1,worried,1,1,1,mad,1,1,1,mad,1,1,1,cool,1,0,1,happy,1,1,1,happy,1,1,1,happy,1,1,1,pretty,1,0,1,pretty,1,0,1,fun,1,0,1,fun,1,0,1,coins,1,1,1,books,1,1,1,books,1,1,1,books,1,1,1
5e1297656e8aab8e8a1b3b76,inanimate,lexical,nice,1,0,2,warm,1,0,3,warm,1,0,2,warm,1,0,2,good,1,0,3,free,1,0,2,right,1,0,[blank],great,0,0,[blank],new,1,0,2,scared,1,1,3,angry,1,1,4,annoyed,1,1,4,great,1,0,3,happy,1,1,3,happy,1,1,[blank],happy,1,1,3,pretty,1,0,3,good,1,0,1,nice,1,0,2,fun,1,0,2,gloves,1,1,2,different pens,1,1,4,i think it could be a pen as she said 3 so 3 pens,1,1,4,still think it could be pens.,1,1,4
607349eb37348422bd6ce08f,inanimate,lexical,cute,1,0,1,annoyed,1,1,1,sure,1,1,1,happy,1,1,1,useful,1,0,1,made,1,0,1,sad,1,1,1,sad,1,1,1,helpful,1,0,1,excited,1,1,1,angry,1,1,2,angry,1,1,1,new,1,0,1,happy,1,1,[blank],happy,1,1,2,happy,1,1,2,lost,1,0,1,happy,1,1,1,exciting,1,0,2,exciting,1,0,2,"books, pogs",1,1,1,"books, pens",1,1,1,books,1,1,1,books,1,1,1
60460256be7c58000ad5f8de,inanimate,lexical,Expensive,1,0,3,happy,1,1,2,sad,1,1,2,bad,1,0,1,ugly,1,0,2,scared,1,1,2,Detector ,0,0,1,Plant ,0,0,1,cup,1,0,1,mad,1,1,3,mad,1,1,4,mad,1,1,4,Teddybear,0,0,2,happy,1,1,4,very happy,1,1,4,happy,1,1,4,Pet,1,0,3,pet,0,0,3,exciting ,1,0,3,Exciting,1,0,3,Books,1,1,3,Books,1,1,3,Textbooks,1,1,4,Sweets,1,1,2
6295c814983374f0c2db15ec,inanimate,lexical,Red,1,0,1,unhappy,1,1,1,unhappy,1,1,2,happy,1,1,2,sad,1,1,1,scared,1,1,2,scared,1,1,2,scared,1,1,2,Old,1,0,1,excited,1,1,1,angry,1,1,2,angry,1,1,2,cool,1,0,1,happy,1,1,2,happy,1,1,2,happy,1,1,2,tired,1,0,1,Nice,1,0,2,Fun,1,0,2,Fun,1,0,2,Fruit,1,0,1,Fruit,1,0,1,Things,1,1,1,Things,1,1,1
5fa154fd4cbe97227182aff7,inanimate,lexical,[blank],n/a,n/a,2,[blank],n/a,n/a,2,happy,1,1,2,happy,1,1,3,Useful,1,0,1,Made for ,1,0,1,happy,1,1,2,happy,1,1,3,useful,1,0,1,sad,1,1,1,angry,1,1,4,angry,1,1,4,expensive,1,0,2,happy,1,1,2,happy,1,1,3,happy,1,1,3,friendly,1,0,2,safe,1,0,3,fun,1,0,2,fun,1,0,3,Items in bag,1,1,[blank],Items in bag,1,1,1,Items in bag,1,1,1,Items in bag,1,1,1
5f7ca372a8afc510abbbe99b,inanimate,lexical,exciting,1,0,1,unhappy,1,1,2,unhappy,1,1,2,prepared,1,1,2,strange,1,0,1,afraid,1,1,2,frightened,1,1,2,scared,1,1,2,solid,1,0,1,angry,1,1,2,angry,1,1,3,angry,1,1,3,gross,1,0,1,happy,1,1,2,happy,1,1,3,happy,1,1,2,old,1,0,1,happy,1,1,2,exciting,1,0,2,exciting,1,0,2,candies gifts,1,1,2,"pictures, food",1,1,2,"treats, snacks, gifts",1,1,2,"food, treats",1,1,2
5f12f3b9b6d334012fba9ca4,inanimate,lexical,a model ,0,0,1,a device ,0,0,1,annoyed,1,1,2,excited,1,1,2,sad,1,1,2,scared,1,1,2,nervous,1,1,2,nervous,1,1,2,shy,1,1,1,shy,1,1,1,moody,1,1,2,moody,1,1,2,cool,1,0,1,happy,1,1,2,happy,1,1,2,happy,1,1,3,friendly ,1,0,2,safe,1,0,2,safe,1,0,1,safe,1,0,1,something you carry ,1,1,2,something you carry around ,1,1,2,something you can carry around or put down ,1,1,2,a collectible you can carry around,1,1,2
6321292a23a6ebce8db47d93,inanimate,lexical,Cool,1,0,2,afraid,1,1,2,hot,1,0,3,excited,1,1,3,broken,1,0,3,"vegan, animal-free, ",1,0,4,happy,1,1,2,animal toy,0,0,2,fresh,1,0,2,worried,1,1,2,annoyed,1,1,3,furious,1,1,4,sparkly,1,0,1,happy,1,1,2,cheery,1,1,3,excited,1,1,3,new,1,0,1,weird,1,0,1,awkward,1,0,2,normal,1,0,1,"earrings, phone case, food",1,1,1,"collectable, figurines, food",1,1,2,"collectibles, figurines, f",1,1,1,"pogs, something people collect, tamagotchi",1,1,2
5c01bf7d4c14cf00019ce2a4,inanimate,lexical,a pet,0,0,1,annoyed,1,1,1,upset,1,1,1,upset,1,1,2,awesome,1,0,1,awesome,1,0,1,excited,1,1,1,excited,1,1,1,hard,1,0,1,angry,1,1,1,angry,1,1,2,angry,1,1,1,expensive,1,0,1,happy,1,1,1,happy,1,1,1,happy,1,1,1,small,1,0,1,happy,1,1,1,fun,1,0,1,exhausting,1,0,1,candy,1,0,1,candy,1,1,1,candy,1,1,1,candy,1,1,1
5fdf2f9a2b78a56e7b66b9c8,inanimate,lexical,cool,1,0,2,warm,1,0,2,warm,1,0,3,warm,1,0,2,cool,1,0,1,scared,1,1,1,hopeful,1,1,1,okay,1,0,1,fluffy,1,0,1,worried,1,1,1,cranky,1,1,1,upset,1,1,2,bright,1,0,1,handy,1,0,2,handy,1,0,2,handy,1,0,2,dirty,1,0,1,safe,1,0,1,stressful,1,0,1,exciting,1,0,1,coins,1,1,1,lipsticks,1,1,1,coins,1,1,1,coins,1,1,1
600c4d8f3381f8363c4a1899,inanimate,lexical,fuzzy,1,0,1,upset,1,1,1,upset,1,1,2,upset,1,1,1,handmade,1,0,1,scared,1,1,1,scared,1,1,1,scared,1,1,1,fuzzy,1,0,1,angry,1,1,1,angry,1,1,2,angry,1,1,1,sparkly,1,0,1,happy,1,1,1,happy,1,1,2,happy,1,1,2,wild,1,0,1,safe,1,0,1,safe,1,0,1,safe,1,0,1,things,1,1,1,[blank],n/a,n/a,1,muffins,1,1,1,muffins,1,1,1
610989f5a53fc140b54538e0,inanimate,lexical,Very cool,1,0,3,Correct?,1,0,1,sure,1,1,3,sure,1,1,3,Useful,1,0,1,Designed ,1,0,1,Prediction of future,0,0,1,Helpful,0,0,1,Strong,1,0,2,uncertain,1,1,1,angry,1,1,4,angry,1,1,4,Groovy,1,0,4,Fashionable,1,0,4,Fashionable,1,0,4,Fashionable,1,0,4,Gross,1,0,2,Gross,1,0,2,Gross,1,0,4,Gross,1,0,4,Personal items,1,1,1,A collectible toy,1,1,2,Toy characters,1,1,2,Collectible toy,1,1,2
604669987ce28b034f7ae980,inanimate,lexical,special,1,0,2,excited,1,1,1,excited,1,1,[blank],excited,1,1,3,beautiful,1,0,1,scared,1,1,1,afraid,1,1,2,scared,1,1,2,sharp,1,0,1,upset,1,1,1,mad,1,1,2,mad,1,1,3,special,1,0,1,happy,1,1,2,happy,1,1,2,happy,1,1,3,large,1,0,[blank],exciting,1,0,2,annoying,1,0,2,irritable,1,1,2,pens,1,1,1,pens,1,1,2,pens,1,1,2,pen,1,1,2
5f61ba7cfdaccd165da6985b,inanimate,lexical,good,1,0,1,good,1,0,1,aware,1,1,2,okay or good,1,0,2,warm,1,0,1,scared,1,1,1,alert,1,0,1,appropriate to use,1,0,2,fresh,1,0,1,confident,1,1,2,secretive,1,0,1,appropriate,1,0,1,shiny,1,0,1,appropriate,1,0,1,appropriate to use,1,0,2,appropriate to use,1,0,2,cute,1,0,1,okay,1,0,1,good,1,0,2,good,1,0,2,fruits or objects,1,1,1,small objects,1,1,1,fruit or vegetables,1,1,1,fruit,1,1,1
63bc9e8cd8106f8d94c636d4,inanimate,lexical,Name,0,0,2,upset,1,1,2,upset,1,1,2,unpleased,1,1,2,Not good,1,0,2,Cant be around,1,0,2,Not great ,1,0,3,sad,1,1,3,Trash,0,0,3,mad,1,1,3,angry,1,1,4,mad,1,1,4,Expensive ,1,0,1,Useful,1,0,1,Feels good,0,0,1,Useful,1,0,2,Fancy,1,0,2,Fun,1,0,2,Fun,1,0,2,Good,1,0,2,Gadget fidgit,1,1,1,Toy device ,1,1,2,Counting toy,1,1,2,Counters,1,1,2
5e6a11b646df0b0008647b87,inanimate,lexical,the model,0,0,2,warmth device,0,0,1,certain,1,1,2,excited,1,1,2,warm,1,0,1,cruelty-free,1,0,2,sure,1,1,1,happy,1,1,1,colourful,1,0,1,quiet,1,0,1,annoyed,1,1,2,angry,1,1,2,the latest model,0,0,1,able to predict,1,0,3,grateful,1,1,1,grateful,1,1,1,friendly,1,0,1,happy,1,0,1,fulfilling,1,0,1,fulfilling,1,0,2,Pills,1,1,1,music playing devices,1,1,2,items of food ,1,0,1,ornaments,1,1,1
599364c1fc37790001fa4e1d,inanimate,lexical,cool,1,0,1,[blank],n/a,n/a,1,[blank],n/a,n/a,1,unhappy,1,1,1,lovely,1,0,1,picture ,0,0,1,happy,1,1,1,happy,1,1,2,[blank],n/a,n/a,1,worried,1,1,1,angry,1,1,2,upset,1,1,3,happy,1,1,1,animal dog,0,0,1,plant ,0,0,[blank],plant animal,0,0,1,rare ,1,0,1,happy,1,1,1,happy,1,1,1,strange,1,0,1,[blank],n/a,n/a,1,[blank],n/a,n/a,1,people,1,1,1,[blank],n/a,n/a,1
61517b09cb26914ee2b6b731,inanimate,lexical,Item,0,0,1,"Perfect, good, prepared ",1,0,1,Prepared,1,0,1,excited,1,1,1,Lovely,1,0,1,Print,0,0,1,Designed,1,0,1,Designed,1,0,1,Small,1,0,1,reluctant,1,1,1,angry,1,1,2,angry,1,1,2,Rare ,1,0,1,happy,1,1,1,Designed ,1,0,1,optimised,1,0,2,Fun,1,0,1,happy,1,1,1,Fun,1,0,2,Fun,1,0,3,"Item, fashionable",1,1,1,"Make up, lipstick",1,1,1,"Collectible item, fashionable, make up",1,1,1,"Collectible, fashionable, range ",1,1,1
6096ace01e65b3225e84d29f,inanimate,lexical,cool,1,0,3,cool,1,0,3,awesome,1,0,3,cool,1,0,3,cool,1,0,3,scared,1,1,3,scary,1,0,3,scary,1,0,3,cool,1,0,3,cool,1,0,3,angry,1,1,3,angry,1,1,3,cool,1,0,3,cool,1,0,3,great,1,0,3,cool,1,0,3,thin,1,0,3,scary,1,0,3,scary,1,0,3,scary,1,0,3,a gadget,1,1,3,things in her bags,1,1,3,things ,1,1,3,so many things,1,1,3
63bb4a3a48b487f62234debe,inanimate,lexical,new,1,0,1,excited,1,1,2,excited,1,1,2,excited,1,1,2,handmade,1,0,1,afraid,1,1,1,nervous,1,1,1,afraid,1,1,2,dirty,1,0,1,all about,0,0,1,angry,1,1,2,angry,1,1,1,cool,1,0,1,happy,1,1,1,happy,1,1,2,happy,1,1,2,dirty,1,0,1,nervous,1,1,1,an,1,0,1,tiring,1,0,1,marbles,1,1,1,marble,1,1,1,marble,1,1,1,marble,1,1,1
60aa07ac10464c29f42088d9,inanimate,lexical,New,1,0,2,unsure,1,1,2,unhappy,1,1,2,unhappy,1,1,3,Card,0,0,1,loving,1,1,2,loving,1,1,3,happy,1,1,2,Unused,1,0,2,unhappy,1,1,2,angry,1,1,2,angry,1,1,3,Warm,1,0,2,happy,1,1,2,happy,1,1,2,happy,1,1,3,Boring,1,0,1,Annoying,1,0,2,Boring,1,0,2,Annoying,1,0,2,Sweets ,1,1,2,mobile ,1,1,2,money,1,1,1,lip balm,1,1,1
5ed56b77ff7d880eff84d708,inanimate,lexical,hat,1,0,1,warming,0,0,1,correct,1,0,1,happy,1,1,1,fantastic,1,0,1,free from,1,0,1,chickenfeeder,0,0,1,happy,1,1,1,warm,1,0,1,fine,1,0,1,annoyed,1,1,1,annoyed,1,1,1,tasty,1,0,1,happy,1,1,1,happy,1,1,1,happy,1,1,1,fantastic,1,0,1,fantastic,1,0,1,fantastic,1,0,1,fantastic,1,0,1,apples,1,1,1,apples,1,1,1,apples,1,1,1,apples,1,1,1
5dd29e4e2274972a5d4ada96,inanimate,lexical,fashionable,1,0,1,unhappy,1,1,1,uncomfortable,1,0,2,worried,1,1,2,tasty,1,0,1,scared,1,1,2,scared,1,1,3,scared,1,1,3,old,1,0,1,excited,1,1,1,angry,1,1,2,angry,1,1,3,expensive,1,0,1,happy,1,1,2,happy,1,1,2,happy,1,1,2,rare,1,0,1,dangerous,1,0,2,dangerous,1,0,2,dangerous,1,0,2,type of food,1,0,1,type of device,1,1,1,a pen,1,1,1,article of clothing,1,1,1
60873580bff5d1a4e37d14d2,inanimate,lexical,nice,1,0,3,good,1,0,2,useful,1,0,2,nice,1,0,3,not so great,1,0,2,scared,1,1,3,scared,1,1,4,scared,1,1,4,lovely,1,0,3,nice,1,0,2,angry,1,1,3,angry,1,1,4,great,1,0,4,useful,1,0,3,excited,1,1,4,excited,1,1,4,stuff,1,0,1,uncertain,1,1,3,uncertain,1,1,3,skittish,1,1,2,things,1,1,2,things,1,1,3,things,1,1,4,things or stuff,1,1,3
5d2fc33c3af1410018f872ae,inanimate,lexical,pretty,1,0,2,useful,1,0,2,helpful,1,0,1,warm,1,0,1,broken,1,0,1,made,1,0,1,happy,1,1,1,safe,1,0,2,sharp,1,0,1,angry,1,1,1,mad,1,1,4,mad,1,1,4,expensive,1,0,2,handy,1,0,2,helpful,1,0,1,melting,1,0,1,tall,1,0,1,safe,1,0,2,tiring,1,0,1,fun,1,0,1,food,1,0,1,cookies,1,1,1,oranges,1,1,1,snacks,1,1,2
5f992a860fbcaa247cb2750f,inanimate,lexical,cool,1,0,1,perfect,1,0,1,warm,1,0,1,perfect,1,0,3,big,1,0,1,handmade,1,0,1,delicious,1,0,2,necessary,1,0,1,big,1,0,2,big,1,0,1,angry,1,1,1,angry,1,1,2,comfortable,1,0,1,cool,1,0,1,cool,1,0,1,cold,1,0,2,fragile,1,0,1,happy,1,1,1,nice,1,0,1,nice,1,0,1,pencils,1,1,1,keys,1,1,2,pen,1,1,2,pen,1,1,2
6365740d110a1d4e1c79cfac,inanimate,lexical,Slang for cool,1,0,1,Helpful for weather,1,0,2,annoyed,1,1,3,upset,1,1,4,New,1,0,2,scared,1,1,3,scared,1,1,3,scared,1,1,4,Useful,1,0,2,mad,1,1,2,mad,1,1,2,mad,1,1,2,Trendy,1,0,1,happy,1,1,2,happy,1,1,3,happy,1,1,2,Rare,1,0,2,comfortable,1,0,2,Good,1,0,1,Good,1,0,2,A useful object,1,1,1,Stationary Equipment,1,1,2,Stationary Equipment,1,1,2,Stationary Equipment,1,1,3
5be76e59d153f500019a700c,inanimate,lexical,a feeling the tulvar gives,0,1,3,something that reacts to the ,0,0,2,it is not a noun but a verb,0,0,2,cold,1,0,2,how the pimwit behaves,0,0,1,scared,1,1,1,scared,1,1,1,scared,1,1,3,nice,1,0,2,nice,1,0,2,nice,1,0,2,nice,1,0,2,nice,1,0,2,warm,1,0,2,warm,1,0,2,warm,1,0,2,descriptive word,1,0,2,nice,1,0,2,nice,1,0,2,nice,1,0,2,collection of things,1,1,3,collection of things,1,1,3,collection of things,1,1,3,a collection of things,1,1,3
5f4a5983a08b215d74d2cd99,inanimate,lexical,Cool,1,0,1,sad,1,1,2,sad,1,1,1,sad,1,1,2,soft,1,0,1,"for, to be used for or by ",0,0,[blank],[blank],n/a,n/a,1,happy,1,1,1,interesting,1,0,1,upset,1,1,1,upset,1,1,2,sad,1,1,3,nice,1,0,1,happy,1,1,1,happy,1,1,2,Happy,1,1,3,hard,1,0,1,good,1,0,1,Tiresome,1,0,2,Exhuasting,1,0,2,sweets or snacks,1,1,1,Snacks,1,1,1,Snacks,1,1,1,Snacks,1,1,1
5f7f239e9b204e05b6c36538,inanimate,lexical,the name of the thing,0,0,1,not happy,1,1,2,not happy,1,1,2,happy,1,1,1,could mean colour,1,0,1,afraid,1,1,2,afraid,1,1,3,afraid,1,1,4,its name ,0,0,1,angry,1,1,1,angry,1,1,4,angry,1,1,4,hungry,1,0,1,happy,1,1,2,happy,1,1,2,happy,1,1,3,its colour,1,0,1,happy,1,1,2,exciting,1,0,2,exciting,1,0,4,candy or food,1,0,1,could be a cellphone,1,1,1,could mean books,1,1,2,it means books,1,1,2
5dc635c5b1cdc24946d210e0,inanimate,lexical,bag,0,0,2,shawl,0,0,2,scarf,0,0,1,warm,1,0,2,cool,1,0,2,soft,1,0,2,person,0,0,1,baby dog,0,0,1,old,1,0,2,funny ,1,0,2,angry,1,1,2,upset,1,1,2,nice ,1,0,2,happy,1,1,2,happy,1,1,2,cheerful ,1,1,3,nice,1,0,2,nice,1,0,1,tiring,1,0,1,annoying,1,0,2,shoes,1,1,1,"mobiles, tissues",1,1,1,"tissue, hairclips",1,1,1,thoughts,1,1,1
,,,,,,,,,,,,,,,,,,,,,,,,,,,,,,,,,,,,,,,,,,,,,,,,,,,,,,,,,,,,,,,,,,,,,,,,,,,,,,,,,,,,,,,,,,,,,,,,,,
,,,,,,,,,,,,,,,,,,,,,,,,,,,,,,,,,,,,,,,,,,,,,,,,,,,,,,,,,,,,,,,,,,,,,,,,,,,,,,,,,,,,,,,,,,,,,,,,,,
,,,,,,,,,,,,,,,,,,,,,,,,,,,,,,,,,,,,,,,,,,,,,,,,,,,,,,,,,,,,,,,,,,,,,,,,,,,,,,,,,,,,,,,,,,,,,,,,,,
,,,,,,,,,,,,,,,,,,,,,,,,,,,,,,,,,,,,,,,,,,,,,,,,,,,,,,,,,,,,,,,,,,,,,,,,,,,,,,,,,,,,,,,,,,,,,,,,,,
,,,,,,,,,,,,,,,,,,,,,,,,,,,,,,,,,,,,,,,,,,,,,,,,,,,,,,,,,,,,,,,,,,,,,,,,,,,,,,,,,,,,,,,,,,,,,,,,,,
,,,,,,,,,,,,,,,,,,,,,,,,,,,,,,,,,,,,,,,,,,,,,,,,,,,,,,,,,,,,,,,,,,,,,,,,,,,,,,,,,,,,,,,,,,,,,,,,,,
,,,,,,,,,,,,,,,,,,,,,,,,,,,,,,,,,,,,,,,,,,,,,,,,,,,,,,,,,,,,,,,,,,,,,,,,,,,,,,,,,,,,,,,,,,,,,,,,,,
,,,,,,,,,,,,,,,,,,,,,,,,,,,,,,,,,,,,,,,,,,,,,,,,,,,,,,,,,,,,,,,,,,,,,,,,,,,,,,,,,,,,,,,,,,,,,,,,,,
,,,,,,,,,,,,,,,,,,,,,,,,,,,,,,,,,,,,,,,,,,,,,,,,,,,,,,,,,,,,,,,,,,,,,,,,,,,,,,,,,,,,,,,,,,,,,,,,,,
,,,,,,,,,,,,,,,,,,,,,,,,,,,,,,,,,,,,,,,,,,,,,,,,,,,,,,,,,,,,,,,,,,,,,,,,,,,,,,,,,,,,,,,,,,,,,,,,,,
,,,,,,,,,,,,,,,,,,,,,,,,,,,,,,,,,,,,,,,,,,,,,,,,,,,,,,,,,,,,,,,,,,,,,,,,,,,,,,,,,,,,,,,,,,,,,,,,,,
,,,,,,,,,,,,,,,,,,,,,,,,,,,,,,,,,,,,,,,,,,,,,,,,,,,,,,,,,,,,,,,,,,,,,,,,,,,,,,,,,,,,,,,,,,,,,,,,,,
,,,,,,,,,,,,,,,,,,,,,,,,,,,,,,,,,,,,,,,,,,,,,,,,,,,,,,,,,,,,,,,,,,,,,,,,,,,,,,,,,,,,,,,,,,,,,,,,,,
,,,,,,,,,,,,,,,,,,,,,,,,,,,,,,,,,,,,,,,,,,,,,,,,,,,,,,,,,,,,,,,,,,,,,,,,,,,,,,,,,,,,,,,,,,,,,,,,,,
,,,,,,,,,,,,,,,,,,,,,,,,,,,,,,,,,,,,,,,,,,,,,,,,,,,,,,,,,,,,,,,,,,,,,,,,,,,,,,,,,,,,,,,,,,,,,,,,,,
,,,,,,,,,,,,,,,,,,,,,,,,,,,,,,,,,,,,,,,,,,,,,,,,,,,,,,,,,,,,,,,,,,,,,,,,,,,,,,,,,,,,,,,,,,,,,,,,,,
,,,,,,,,,,,,,,,,,,,,,,,,,,,,,,,,,,,,,,,,,,,,,,,,,,,,,,,,,,,,,,,,,,,,,,,,,,,,,,,,,,,,,,,,,,,,,,,,,,
,,,,,,,,,,,,,,,,,,,,,,,,,,,,,,,,,,,,,,,,,,,,,,,,,,,,,,,,,,,,,,,,,,,,,,,,,,,,,,,,,,,,,,,,,,,,,,,,,,
,,,,,,,,,,,,,,,,,,,,,,,,,,,,,,,,,,,,,,,,,,,,,,,,,,,,,,,,,,,,,,,,,,,,,,,,,,,,,,,,,,,,,,,,,,,,,,,,,,
,,,,,,,,,,,,,,,,,,,,,,,,,,,,,,,,,,,,,,,,,,,,,,,,,,,,,,,,,,,,,,,,,,,,,,,,,,,,,,,,,,,,,,,,,,,,,,,,,,
,,,,,,,,,,,,,,,,,,,,,,,,,,,,,,,,,,,,,,,,,,,,,,,,,,,,,,,,,,,,,,,,,,,,,,,,,,,,,,,,,,,,,,,,,,,,,,,,,,
,,,,,,,,,,,,,,,,,,,,,,,,,,,,,,,,,,,,,,,,,,,,,,,,,,,,,,,,,,,,,,,,,,,,,,,,,,,,,,,,,,,,,,,,,,,,,,,,,,
,,,,,,,,,,,,,,,,,,,,,,,,,,,,,,,,,,,,,,,,,,,,,,,,,,,,,,,,,,,,,,,,,,,,,,,,,,,,,,,,,,,,,,,,,,,,,,,,,,
,,,,,,,,,,,,,,,,,,,,,,,,,,,,,,,,,,,,,,,,,,,,,,,,,,,,,,,,,,,,,,,,,,,,,,,,,,,,,,,,,,,,,,,,,,,,,,,,,,
,,,,,,,,,,,,,,,,,,,,,,,,,,,,,,,,,,,,,,,,,,,,,,,,,,,,,,,,,,,,,,,,,,,,,,,,,,,,,,,,,,,,,,,,,,,,,,,,,,
,,,,,,,,,,,,,,,,,,,,,,,,,,,,,,,,,,,,,,,,,,,,,,,,,,,,,,,,,,,,,,,,,,,,,,,,,,,,,,,,,,,,,,,,,,,,,,,,,,
,,,,,,,,,,,,,,,,,,,,,,,,,,,,,,,,,,,,,,,,,,,,,,,,,,,,,,,,,,,,,,,,,,,,,,,,,,,,,,,,,,,,,,,,,,,,,,,,,,
,,,,,,,,,,,,,,,,,,,,,,,,,,,,,,,,,,,,,,,,,,,,,,,,,,,,,,,,,,,,,,,,,,,,,,,,,,,,,,,,,,,,,,,,,,,,,,,,,,
,,,,,,,,,,,,,,,,,,,,,,,,,,,,,,,,,,,,,,,,,,,,,,,,,,,,,,,,,,,,,,,,,,,,,,,,,,,,,,,,,,,,,,,,,,,,,,,,,,
,,,,,,,,,,,,,,,,,,,,,,,,,,,,,,,,,,,,,,,,,,,,,,,,,,,,,,,,,,,,,,,,,,,,,,,,,,,,,,,,,,,,,,,,,,,,,,,,,,