,,,MODI,MODI,MODI,MODI,MODI,MODI,MODI,MODI,DAXY,DAXY,DAXY,DAXY,DAXY,DAXY,DAXY,DAXY,WILPY,WILPY,WILPY,WILPY,WILPY,WILPY,WILPY,WILPY,GORMY,GORMY,GORMY,GORMY,GORMY,GORMY,GORMY,GORMY,BRISPY,BRISPY,BRISPY,BRISPY,BRISPY,BRISPY,BRISPY,BRISPY,SPOOVY,SPOOVY,SPOOVY,SPOOVY,SPOOVY,SPOOVY,SPOOVY,SPOOVY,,,,,,,,,,,,,,,,,,,,,,,,,,,,,,,,,,,,,,,,,,,,,,,,,,
Prolific ID,Animacy Condition,Frame Content Condition,Guess 1,Count Noun?,Guess 2,Count Noun?,Guess 3,Count Noun?,Guess 4,Count Noun?,Guess 1,Emotion Adj?,Guess 2,Emotion Adj?,Guess 3,Emotion Adj?,Guess 4,Emotion Adj?,Guess 1,Emotion Adj?,Guess 2,Emotion Adj?,Guess 3,Emotion Adj?,Guess 4,Emotion Adj?,Guess 1,Emotion Adj?,Guess 2,Emotion Adj?,Guess 3,Emotion Adj?,Guess 4,Emotion Adj?,Guess 1,Emotion Adj?,Guess 2,Emotion Adj?,Guess 3,Emotion Adj?,Guess 4,Emotion Adj?,Guess 1,Emotion Adj?,Guess 2,Emotion Adj?,Guess 3,Emotion Adj?,Guess 4,Emotion Adj?,,,,,,,,,,,,,,,,,,,,,,,,,,,,,,,,,,,,,,,,,,,,,,,,,,
598f3d19e339120001fb8afa,animate,bleached,candies,1,keys,1,dollars,1,pets,1,large in size,0,concerned,1,concerned,1,expected,0,energetic,0,scared,1,worried,1,ready,0,happy,1,irritating,0,irritating,0,irritating,0,short,0,upset,1,upset,1,upset,1,attractive,0,excited,1,looking forward,0,pleased,1,,,,,,,,,,,,,,,,,,,,,,,,,,,,,,,,,,,,,,,,,,,,,,,,,,
5f4da4fcc53d36a956cd6c29,animate,bleached,earphones music,0,write pencil,1,leaves of tree,1,flowers,1,funny,0,happy,1,happy,1,happy,1,tall,0,mad,1,nervous,1,nervous,1,athletic,0,calm,1,something relaxing,0,relaxing,0,strong,0,secure,0,mad,1,mad,1,fun person,0,altered,0,confident,1,happy,1,,,,,,,,,,,,,,,,,,,,,,,,,,,,,,,,,,,,,,,,,,,,,,,,,,
5f4da4fcc53d36a956cd6c29,animate,bleached,,,,,,,,,,,,,,,,,,,,,anxious,1,,,,,,,,,,,,,,,,,,,,,,,,,,,,,,,,,,,,,,,,,,,,,,,,,,,,,,,,,,,,,,,,,,,,,,,,,,,,
636581a8edbfeaf9a163095c,animate,bleached,Fruit,0,Apples,1,Apples,1,Apples,1,happy,1,happy,1,happy,1,happy,1,Dirty,0,scared,1,scared,1,happy,1,Adventurous,0,Awesome,0,Good,0,Good,0,Athletic,0,angry,1,angry,1,angry,1,Musical,0,excited,1,excited,1,excited,1,,,,,,,,,,,,,,,,,,,,,,,,,,,,,,,,,,,,,,,,,,,,,,,,,,
6394c4a71be9ebcc632f18f1,animate,bleached,It is some kind of food or something that you have large quantities of ,0,Food item you have around thee of ,1,Still a good item which are in substantial supply ,1,An item that is not in limited supply at all,1,A way to describe a person ,0,An attitude someone has towards a certain thing ,1,An attitude towards something or an event around it’s probability ,1,An emotion around something I.e feeling daxy ,1,Something that someone can be ,0,An emotion towards something ,1,confident,1,An attitude towards something such as enthusiastic or nervous ,1,A feeling or emotion,1,A description of someone or something I.e dirty ,0,An description of someone or somrthing i.e exciting or dirty ,0,A likely negative description of someone or something ,0,A way of describing someone or something,0,A feeling or attitude towards someone’s actions ,1,A feeling towards an individual ,1,A feeling towards someone or their actions ,1,A positive way to describe someone ,0,A feeling someone has ,1,A feeling or emotion about something ,1,A feeling towards something or someone’s actions likely positive ,1,,,,,,,,,,,,,,,,,,,,,,,,,,,,,,,,,,,,,,,,,,,,,,,,,,
6394c4a71be9ebcc632f18f1,animate,bleached,,,,,,,,,,,,,,,,,,,,,not confident,1,,,,,,,,,,,,,,,,,,,,,,,,,,,,,,,,,,,,,,,,,,,,,,,,,,,,,,,,,,,,,,,,,,,,,,,,,,,,
6394c4a71be9ebcc632f18f1,animate,bleached,,,,,,,,,,,,,,,,,,,,,certain,1,,,,,,,,,,,,,,,,,,,,,,,,,,,,,,,,,,,,,,,,,,,,,,,,,,,,,,,,,,,,,,,,,,,,,,,,,,,,
6394c4a71be9ebcc632f18f1,animate,bleached,,,,,,,,,,,,,,,,,,,,,uncertain,1,,,,,,,,,,,,,,,,,,,,,,,,,,,,,,,,,,,,,,,,,,,,,,,,,,,,,,,,,,,,,,,,,,,,,,,,,,,,
5f2dee30160a0f13f3145b05,animate,bleached,Little plastic toys,1,Little plastic figures,1,Pens ,1,charms,1,diabetic,0,nervous,1,worried,1,anxious,1,adventurous,0,curious,1,curious,1,excited,1,fat,0,weird,0,weird,0,weird,0,athletic,0,nervous,1,annoyed,1,annoyed,1,sneaky,0,confused,1,antsy,1,agitated,1,,,,,,,,,,,,,,,,,,,,,,,,,,,,,,,,,,,,,,,,,,,,,,,,,,
62869a1b7fff9c9a48fe6087,animate,bleached,kleenex,0,pens,1,pens,1,stickers,1,tall,0,smart,0,confident,1,sure,1,a girl,0,sure,1,sure,1,sure,1,a dog,0,scary,0,scary,0,scary,0,funny,0,afraid,1,mad,1,mad,1,talented,0,happy,1,happy,1,happy,1,,,,,,,,,,,,,,,,,,,,,,,,,,,,,,,,,,,,,,,,,,,,,,,,,,
5bc8cdca0f10750001d70716,animate,bleached,plant,1,type of cosmetic,1,plant,1,toy,1,likes sweets,0,excited,1,excited,1,nervous,1,athletic,0,scared,1,scared,1,scared,1,friendly,0,happy,1,relaxing,0,relaxing,0,athletic,0,angry,1,angry,1,angry,1,excited,1,excited,1,excited,1,excited,1,,,,,,,,,,,,,,,,,,,,,,,,,,,,,,,,,,,,,,,,,,,,,,,,,,
614e16143f7ba19d39637115,animate,bleached,[blank],n/a,[blank],n/a,[blank],n/a,snacks,1,friendly ,0,inquisitive,1,curious,1,excited,1,playful ,0,excited,1,excited,1,happy,1,friendly ,0,nice,0,nice,0,wired,0,[blank],n/a,curious,1,mad,1,unhappy,1,[blank],n/a,scared,1,scared,1,scared,1,,,,,,,,,,,,,,,,,,,,,,,,,,,,,,,,,,,,,,,,,,,,,,,,,,
614e16143f7ba19d39637115,animate,bleached,,,,,,,,,,,,,,,,,,,,,,,,,,,,,interesting,0,,,,,,,,,mad,1,,,,,afraid,1,,,,,,,,,,,,,,,,,,,,,,,,,,,,,,,,,,,,,,,,,,,,,,,,,,,,
614e16143f7ba19d39637115,animate,bleached,,,,,,,,,,,,,,,,,,,,,,,,,,,,,,,,,,,,,,,not happy,1,,,,,,,,,,,,,,,,,,,,,,,,,,,,,,,,,,,,,,,,,,,,,,,,,,,,,,,,,,
5e31e001db304d05e96019bd,animate,bleached,things,1,things,1,things,1,things or collectibles,1,a nationality,0,excited,1,excited,1,excited,1,outdoor person,0,upset,1,anxious,1,anxious,1,happy,1,scared,1,incites fear,0,scary,0,fast,0,judgy,0,judgy,0,upset,1,cool,0,excited,1,excited,1,excited,1,,,,,,,,,,,,,,,,,,,,,,,,,,,,,,,,,,,,,,,,,,,,,,,,,,
5e31e001db304d05e96019bd,animate,bleached,,,,,,,,,,,,,upset,1,,,,,,,,,,,,,,,,,,,,,,,upset,1,,,,,,,,,,,,,,,,,,,,,,,,,,,,,,,,,,,,,,,,,,,,,,,,,,,,,,,,,,,,
5ecddcf366133c160b7437b7,animate,bleached,mints,1,phones,1,books,1,hankerchiefs,1,hungry,0,enthusiastic,1,happy,1,excited,1,fun,0,scared,1,scared,1,scared,1,happy,1,scared,1,fun,0,fun,0,athletic,0,nervous,1,annoyed,1,annoyed,1,talented,0,excited,1,excited,1,excited,1,,,,,,,,,,,,,,,,,,,,,,,,,,,,,,,,,,,,,,,,,,,,,,,,,,
5ecddcf366133c160b7437b7,animate,bleached,,,,,,,,,,,,,,,,,,,,,,,,,,,,,,,,,,,,,,,,,,,,,,,nervous,1,,,,,,,,,,,,,,,,,,,,,,,,,,,,,,,,,,,,,,,,,,,,,,,,,,
6393fc93a0aea03630708b06,animate,bleached,Book,1,Book,1,Book,1,Pen,1,nice,0,passionate,1,certain,1,excited,1,Fun,0,afraid,1,afraid,1,nervous,1,Interesting,0,Nice,0,Fun,0,Nice,0,Energetic,0,happy,1,angry,1,angry,1,Talented,0,happy,1,happy,1,happy,1,,,,,,,,,,,,,,,,,,,,,,,,,,,,,,,,,,,,,,,,,,,,,,,,,,
60b6a586bbb419abdae29459,animate,bleached,sweets,1,sweets,1,sweets,1,sweets,1,sick,0,excited,1,excited,1,excited,1,grumpy,1,thinking,0,sure,1,scared,1,sad,1,sad,1,sad,1,sad,1,tired,0,concerned,1,mad,1,mad,1,nervous,1,nervous,1,nervous,1,nervous,1,,,,,,,,,,,,,,,,,,,,,,,,,,,,,,,,,,,,,,,,,,,,,,,,,,
5ec37264194de71cb7b82637,animate,bleached,money,0,candy,0,candy,0,candy,0,pretty,0,happy,1,happy,1,excited,1,sad,1,sad,1,nervous,1,scared,1,weird,0,uncomfortable,0,scary,0,scary,0,risky,0,scared,1,mad,1,upset,1,adventurous,0,happy,1,excited,1,happy,1,,,,,,,,,,,,,,,,,,,,,,,,,,,,,,,,,,,,,,,,,,,,,,,,,,
5bdc538e2b9e8d0001b9fbbf,animate,bleached,food,0,toys,1,food,0,lollies,1,hungry,0,interested,1,worried,1,worried,1,playful,0,interested,1,worried,1,excited,1,outgoing,0,trendy,0,fashionable,0,fashionable,0,playful,0,concerned,1,angry,1,angry,1,trendy,0,concerned,1,rushing,0,upset,1,,,,,,,,,,,,,,,,,,,,,,,,,,,,,,,,,,,,,,,,,,,,,,,,,,
596386246e30d40001a8c3fc,animate,bleached,Headphones,1,snacks,1,devices,1,collectable figures,1,cool,0,excited,1,excited,1,excited,1,fun,0,scared,1,worried,1,worried,1,sporty,0,fun,0,fun,0,fun,0,fun,0,annoyed,1,annoyed,1,annoyed,1,funny,0,excited,1,excited,1,excited,1,,,,,,,,,,,,,,,,,,,,,,,,,,,,,,,,,,,,,,,,,,,,,,,,,,
596386246e30d40001a8c3fc,animate,bleached,,,,,,,,,,,,,mad,1,,,,,,,scared,1,excited,1,,,boring,0,boring,0,,,kind,0,irritated,1,,,,,,,,,,,,,,,,,,,,,,,,,,,,,,,,,,,,,,,,,,,,,,,,,,,,,,,,,,,,,,
596386246e30d40001a8c3fc,animate,bleached,,,,,,,,,,,,,,,,,,,,,anxious,1,,,,,,,,,,,,,,,,,,,,,,,,,,,,,,,,,,,,,,,,,,,,,,,,,,,,,,,,,,,,,,,,,,,,,,,,,,,,
607ba9f40639e8a2c931d622,animate,bleached,food,0,book,1,book,1,book,1,funny,0,excited,1,excited,1,excited,1,young,0,afraid,1,worried,1,afraid,1,happy,1,lucky,0,scary,0,brave,0,athletic,0,bossy,0,angry,1,angry,1,smart,0,happy,1,happy,1,annoyed,1,,,,,,,,,,,,,,,,,,,,,,,,,,,,,,,,,,,,,,,,,,,,,,,,,,
63bcb6f97c75334718eb8fc8,animate,bleached,writing insturment,1,writing instrument,1,Writing instrument ,1,Writing instrument ,1,fat,0,upset,1,upset,1,meant to be,0,Athletic,0,wary,1,worried,1,wary,1,pretty,0,upseting,0,fun,0,fun,0,wet,0,mad,1,mad,1,mad,1,talented,0,excited,1,excited,1,excited,1,,,,,,,,,,,,,,,,,,,,,,,,,,,,,,,,,,,,,,,,,,,,,,,,,,
5eca7a483cd05100084ef351,animate,bleached,an object or thing ,1,things to play with,1,a fun game,1,a game that you can have more than one of,1,fragile,0,unsure,1,worried,1,excited,1,energetic,0,concerned,1,concerned,1,excited,1,outdoor lover,0,risky,0,risky,0,risky,0,crazy,1,angry,1,angry,1,angry,1,groovy,0,confident,1,rushing,0,hyper,0,,,,,,,,,,,,,,,,,,,,,,,,,,,,,,,,,,,,,,,,,,,,,,,,,,
5eca7a483cd05100084ef351,animate,bleached,,,,,,,,,,,worried,1,,,keen,1,,,,,,,,,,,,,,,,,,,,,,,,,,,,,,,,,,,,,,,,,,,,,,,,,,,,,,,,,,,,,,,,,,,,,,,,,,,,,,,,,,
55d4c46f58c35800113dc131,animate,bleached,Sweets,1,Hair ties,1,pen,1,pen,1,happy,1,happy,1,happy,1,excited,1,playful,0,sad,1,anxious,1,anxious,1,happy,1,exciting,0,fun,0,exciting,0,athletic,0,happy,1,angry,1,angry,1,silly,0,sad,1,excited,1,happy,1,,,,,,,,,,,,,,,,,,,,,,,,,,,,,,,,,,,,,,,,,,,,,,,,,,
5c59baa95e09ea00015521d9,animate,bleached,Pads,1,Pads,1,Phone,1,Key,1,hungry,0,happy,1,happy,1,excited,1,Fun,0,scared,1,scared,1,scared,1,Gorgeous,0,Nice,0,Nice,0,Nice,0,Sporty,0,annoyed,1,annoyed,1,annoyed,1,Cool,0,excited,1,excited,1,excited,1,,,,,,,,,,,,,,,,,,,,,,,,,,,,,,,,,,,,,,,,,,,,,,,,,,
5c122026e6eb4e0001b2ec82,animate,bleached,an object,1,small objects,1,collectible objects,1,collectible objects,1,it is the hobby he does,0,an emotion,1,an emotion,1,an emotion,1,energetic,0,happy,1,excited,1,excited,1,energetic,0,scary,0,scary,0,special,0,athlectic,0,upset,1,upset,1,mad,1,confident,1,excited,1,excited,1,excited,1,,,,,,,,,,,,,,,,,,,,,,,,,,,,,,,,,,,,,,,,,,,,,,,,,,
5c105e2757fd11000127e60f,animate,bleached,a novel product,1,a new product,1,object for sale,1,a desirable object,1,hungry,0,enthusiastic,1,enthusiastic,1,happy,1,fun,0,scared,1,scared,1,anxious,1,fun,0,fun,0,fun,0,attractive,0,athletic,0,excited,1,angry,1,angry,1,hot,0,happy,1,happy,1,happy,1,,,,,,,,,,,,,,,,,,,,,,,,,,,,,,,,,,,,,,,,,,,,,,,,,,
5a5bed3a76d1c60001ab3c4c,animate,bleached,Lipstick,1,Lipsticks,1,Beanie Babies/Toys,1,Toys/Stuffed Animals,1,handsome,0,excitable,0,confident,1,excited,1,Active,0,"A fan of, Into",0,nervous,1,determined,1,Creative,0,Dangerous,0,Gross,0,Frowned upon,0,calm,1,nervous,1,mad,1,salty,1,Artsy,0,confident,1,happy,1,excited,1,,,,,,,,,,,,,,,,,,,,,,,,,,,,,,,,,,,,,,,,,,,,,,,,,,
5a5bed3a76d1c60001ab3c4c,animate,bleached,,,,,,,,,,,,,,,,,Into Fitness,0,,,,,,,,,Problematic,0,Messy,0,bad,0,,,,,,,mad,1,Creative,0,Certainty ,0,groovy,0,happy,1,,,,,,,,,,,,,,,,,,,,,,,,,,,,,,,,,,,,,,,,,,,,,,,,,,
5a5bed3a76d1c60001ab3c4c,animate,bleached,,,,,,,,,,,excited by,1,certain,1,looking forward,0,,,,,,,willing,1,,,,,,,,,chill,1,worried,1,cross,1,angry,1,,,,,excited,1,,,,,,,,,,,,,,,,,,,,,,,,,,,,,,,,,,,,,,,,,,,,,,,,,,,,
63bb79aed472669f48be40cd,animate,bleached,glasses,1,pens,1,pens,1,pens,1,overweight,0,upset,1,upset,1,excited,1,adventurous,0,afraid,1,afraid,1,afraid,1,fit,0,happy,1,enjoyable,0,nice,0,sporty,0,anxious,1,angry,1,angry,1,musical,0,excited,1,excited,1,excited,1,,,,,,,,,,,,,,,,,,,,,,,,,,,,,,,,,,,,,,,,,,,,,,,,,,
5f0b1c32d61a4a0490b557f1,animate,bleached,Keys,1,Keys,1,Pens,1,Maybe pen,1,shy,1,unsure,1,unsure,1,[blank],n/a,[blank],n/a,scared,1,worried,1,[blank],n/a,Boring ,0,Boring,0,Boring ,0,Boring ,0,uneasy,1,uneasy,1,uneasy,1,uneasy,1,Cool,0,[blank],n/a,spooked,1,spooked,1,,,,,,,,,,,,,,,,,,,,,,,,,,,,,,,,,,,,,,,,,,,,,,,,,,
610a119246a1dd2a66ef2f5c,animate,bleached,school supplies ,1,snack,0,food item,1,[blank],n/a,always hungry,0,excited,1,happy,1,excited,1,adventurous,0,afraid,1,[blank],n/a,scared,1,nervous,1,silly,0,[blank],n/a,inappropriate,0,energetic,0,worried,1,upset,1,angry,1,funny,0,happy,1,happy,1,happy,1,,,,,,,,,,,,,,,,,,,,,,,,,,,,,,,,,,,,,,,,,,,,,,,,,,
615c17dac17d529070394f43,animate,bleached,Shoes,1,Drinks,1,Drinks,1,Drinks,1,Greedy,0,excited,1,excited,1,excited,1,Young,0,scared,1,scared,1,scared,1,Athletic ,0,Fortunate,0,Good for you,0,Good for you,0,Healthy,0,jealous,1,angry,1,angry,1,Musically Talented ,0,concerned,1,nervous,1,nervous,1,,,,,,,,,,,,,,,,,,,,,,,,,,,,,,,,,,,,,,,,,,,,,,,,,,
5d54d5d907e8740018e56545,animate,bleached,Something bought,0,Toys,1,[blank],n/a,An idea or thought,1,crazy,1,crazy,1,happy,1,happy,1,Fun,0,scared,1,scared,1,scared,1,Fun,0,Fun,0,Scary,0,Scary,0,happy,1,worried,1,upset,1,worried,1,Unknown,0,suspicious,1,anxious,1,anxious,1,,,,,,,,,,,,,,,,,,,,,,,,,,,,,,,,,,,,,,,,,,,,,,,,,,
6295040e6fecb5e08234c8cd,animate,bleached,Snacks,1,[blank],n/a,Cameras,1,Candy,0,Cool/ nice,0,curious,1,Curious ,1,Anxious,1,exciting,0,[blank],n/a,anxious,1,wants,0,interesting,0,[blank],n/a,fun,0,fun,0,slick,0,worried,1,mad,1,mad,1,fun,0,thinking ,0,anxious,1,anxious,1,,,,,,,,,,,,,,,,,,,,,,,,,,,,,,,,,,,,,,,,,,,,,,,,,,
6295040e6fecb5e08234c8cd,animate,bleached,,,,,,,,,,,,,thinking,0,thinking,0,,,,,,,,,,,,,interesting,0,,,,,,,,,,,,,,,thinking,0,,,,,,,,,,,,,,,,,,,,,,,,,,,,,,,,,,,,,,,,,,,,,,,,,,,,
5f84b0568b326614c2194498,animate,bleached,food,0,food,0,a pastry,1,a treat,1,an ethnci,0,enthusiastic,1,enthusiastic,1,eager,1,active,0,good at,0,fearful,1,fearful,1,nerdy,0,nerdy,0,nerdy,0,nerdy,0,athletic,0,fearful,1,angry,1,angry,1,cute,0,curious,1,eager,1,curious,1,,,,,,,,,,,,,,,,,,,,,,,,,,,,,,,,,,,,,,,,,,,,,,,,,,
596d1cdfe81bf30001fe0533,animate,bleached,bags,1,pockets for mobiles,1,Biscuits/snacks,1,Drinks,1,Sweet-toothed,0,obsessed by something,1,certain,1,excited,1,hates outdoors,0,afraid,1,scared,1,scared,1,An,0,walking,0,horrible,0,disgusting,0,swimmer,0,worried,1,angry,1,angry,1,musical,0,suspicious,1,waiting,0,annoyed,1,,,,,,,,,,,,,,,,,,,,,,,,,,,,,,,,,,,,,,,,,,,,,,,,,,
5d6de63201523a0001f51f27,animate,bleached,books,1,books,1,books,1,books,1,hungry,0,crazy,1,mad,1,mad,1,energetic,0,afraid,1,afraid,1,afraid,1,healthy,0,healthy,0,healthy,0,healthy,0,fit,0,happy,1,angry,1,angry,1,happy,1,happy,1,happy,1,happy,1,,,,,,,,,,,,,,,,,,,,,,,,,,,,,,,,,,,,,,,,,,,,,,,,,,
6024b96760d68a1e5aad80b0,animate,bleached,Candy,0,Candy,1,Candy,0,Candy,0,Sweet tooth,0,crazy,1,sure,1,excited,1,Outdoorsy,0,certain,1,certain,1,excited,1,hungry,0,lovely,0,nice,0,nice,0,short,0,angry,1,angry,1,angry,1,kooky,0,curious,1,excited,1,excited,1,,,,,,,,,,,,,,,,,,,,,,,,,,,,,,,,,,,,,,,,,,,,,,,,,,
5edf9c64ecf5a026f9fd3464,animate,bleached,Mints,1,Cards,1,Books,1,Books,1,Tall,0,suspicious,1,suspicious,1,determined,1,Small,0,scared,1,scared,1,scared,1,Smart,0,Smart,0,Smart,0,Smart,0,Fast,0,jealous,1,annoyed,1,annoyed,1,Fun,0,excited,1,excited,1,excited,1,,,,,,,,,,,,,,,,,,,,,,,,,,,,,,,,,,,,,,,,,,,,,,,,,,
63bca22d6fa8440663c937f1,animate,bleached,An Item prob lipstick,1,Pens (an item),1,Markers,1,Markers,1,Quiet,0,quiet,0,upset,1,excited,1,shy,1,worried,1,worried,1,worried,1,Hyper,0,uncomfortable,0,stressed,1,uncomfortable ,0,Smart ,0,worried,1,upset,1,worried,1,Clumsy ,0,curious,1,excited,1,anxious,1,,,,,,,,,,,,,,,,,,,,,,,,,,,,,,,,,,,,,,,,,,,,,,,,,,
63bca22d6fa8440663c937f1,animate,bleached,,,,,,,,,,,sad,1,,,,,,,,,,,,,,,,,,,,,,,,,,,,,,,,,,,,,,,,,,,,,,,,,,,,,,,,,,,,,,,,,,,,,,,,,,,,,,,,,,,,,,
631a0fe0eb6a5b8c1f501d22,animate,bleached,type of medicine,0,type of sweets,1,type of objects,1,little trinkets,1,happy,1,interested in something,1,adamant,1,happy,1,clumsy,0,scared,1,scared somethings happening,1,excited,1,intelligent,0,awkward,0,awkward,0,awkward,0,jolly,1,jolly,1,happy,1,exciting,0,quirky,0,certain,1,nervous,1,nervous,1,,,,,,,,,,,,,,,,,,,,,,,,,,,,,,,,,,,,,,,,,,,,,,,,,,
6116c9e9f3490c79002fda6e,animate,bleached,books,1,book,1,book,1,book,1,fun,0,interested,0,excited,1,excited,1,athletic,0,needy,0,worried,1,wanting,0,handsome,0,cool,0,cool,0,cool,0,moderately insane,0,angry,1,angry,1,upset,1,musically inclined,0,vaguely nauseated,0,anxious,1,anxious,1,,,,,,,,,,,,,,,,,,,,,,,,,,,,,,,,,,,,,,,,,,,,,,,,,,
6116c9e9f3490c79002fda6e,animate,bleached,,,,,,,,,,,interesting,1,exciting,0,,,,,,,,,needing,0,,,hip,0,,,,,,,upset,1,upset,1,angry,1,,,,,,,,,,,,,,,,,,,,,,,,,,,,,,,,,,,,,,,,,,,,,,,,,,,,,,,,,,
6116c9e9f3490c79002fda6e,animate,bleached,,,,,,,,,,,,,,,,,,,,,,,,,,,happening,0,,,,,,,,,,,,,,,,,,,,,,,,,,,,,,,,,,,,,,,,,,,,,,,,,,,,,,,,,,,,,,,,,,,,,,
63947b43e8f68b80a20b6c06,animate,bleached,"headphone, pencilsm",1,"pencils, drink bottle, book",1,"book, device, ",1,book,1,"hungry, a sweet tooth, ",0,an emotion,1,worried,1,worried,1,emotion or attribute,1,scared,1,scared,1,excited,1,big,0,fun,0,fun,0,fun,0,fit,0,upset,1,upset,1,annoyed,1,musical,0,excited,1,excited,1,excited,1,,,,,,,,,,,,,,,,,,,,,,,,,,,,,,,,,,,,,,,,,,,,,,,,,,
63947b43e8f68b80a20b6c06,animate,bleached,,,,,,,,,,,happy,1,concerned,1,looking forward to,0,active,0,bored,1,concerned,1,scared,1,small,0,nice,0,enjoyable,0,enjoyable,0,active,0,worried,1,annoyed,1,upset,1,talented,0,worried,1,looking forward to,0,happy,1,,,,,,,,,,,,,,,,,,,,,,,,,,,,,,,,,,,,,,,,,,,,,,,,,,
63947b43e8f68b80a20b6c06,animate,bleached,,,,,,,,,,,sad,1,upset,1,,,,,tired,0,excited,1,looking forward,0,fluffy,0,,,,,,,sporty,0,excited,1,,,,,,,happy,1,,,upset,1,,,,,,,,,,,,,,,,,,,,,,,,,,,,,,,,,,,,,,,,,,,,,,,,,,
63947b43e8f68b80a20b6c06,animate,bleached,,,,,,,,,,,excited,1,,,,,,,,,,,anxious,1,,,,,,,,,,,concerned,1,,,,,,,,,,,,,,,,,,,,,,,,,,,,,,,,,,,,,,,,,,,,,,,,,,,,,,,,,,,,,,
63947b43e8f68b80a20b6c06,animate,bleached,,,,,,,,,,,,,,,,,,,,,,,,,,,,,,,,,,,annoyed,1,,,,,,,,,,,,,,,,,,,,,,,,,,,,,,,,,,,,,,,,,,,,,,,,,,,,,,,,,,,,,,
5f64bdfa92434501c26dfca5,animate,bleached,An object,1,An object,1,still an object,1,lots of things,1,Friendly,0,curious,1,inquisitive,1,anxious,1,nice,0,curious,1,sure,1,sure,1,beautiful,0,being cool,0,being cool,0,being very cool,0,easygoing,0,curious,1,annoyed,1,annoyed,1,funny,0,scared,1,eager,1,curious,1,,,,,,,,,,,,,,,,,,,,,,,,,,,,,,,,,,,,,,,,,,,,,,,,,,
5bf769ac2dd20c00013188d1,animate,bleached,Remote,1,Candy,0,Candy,0,Candies,1,Hungry,0,Handsome,0,concerned,1,hurried,0,stressed,1,Less,0,worried,1,worried,1,beautiful ,0,[blank],n/a,fulfilling,0,unlickely,0,Natural,0,upset,1,mad,1,mad,1,Talented,0,excited,1,excited,1,excited,1,,,,,,,,,,,,,,,,,,,,,,,,,,,,,,,,,,,,,,,,,,,,,,,,,,
5f5c983ce742b548181ef1e7,animate,bleached,[blank],n/a,extra stuff,0,extra things,1,extra things,1,very playful,0,crazy for something,1,very sure,1,happy,1,playful,0,playful,0,sure,1,sure,1,sick,0,sickening,0,sick,0,safe,0,[blank],n/a,scared,1,scared,1,scared,1,likes to sing,0,certain,1,excited,1,scared,1,,,,,,,,,,,,,,,,,,,,,,,,,,,,,,,,,,,,,,,,,,,,,,,,,,
5dcfdf449b61040e3b923621,animate,bleached,Things,1,Compartments,1,[blank],n/a,Personal belongings,1,Sweet toothed,0,obsessed,1,[blank],n/a,Has to be,0,Outgoing,0,confident,1,confident,1,happy,1,Adventurous ,0,Adventurous ,0,Adventurous ,0,Adventurous ,0,Athletic,0,Opinionated,0,stressed,1,stressed,1,Musical,0,[blank],n/a,happy,1,happy,1,,,,,,,,,,,,,,,,,,,,,,,,,,,,,,,,,,,,,,,,,,,,,,,,,,
566e1aec744e3e0005b4e668,animate,bleached,Sweets,1,Cake,1,Cake,1,Cake,1,Hungry,0,crazy,1,suspicious,1,eager,1,Playful,0,afraid,1,afraid,1,afraid,1,Athletic,0,Stupid,0,Fun,0,Silly,0,Nice,0,anxious,1,angry,1,angry,1,Tired,0,glad,1,glad,1,happy,1,,,,,,,,,,,,,,,,,,,,,,,,,,,,,,,,,,,,,,,,,,,,,,,,,,
566e1aec744e3e0005b4e668,animate,bleached,,,,,,,,,,,obsessed,1,,,,,,,,,,,,,,,,,,,,,,,,,,,annoyed,1,,,happy,1,happy,1,,,,,,,,,,,,,,,,,,,,,,,,,,,,,,,,,,,,,,,,,,,,,,,,,,,,
61577ade2c21809207c56385,animate,bleached,shoes,1,handbags,1,handbags,1,handbags,1,[blank],n/a,excited,1,upset,1,excited,1,upset,1,upset,1,excited,1,excited,1,[blank],n/a,healthy,0,educational,0,healthy,0,athletic,0,excited,1,pleased,1,pleased,1,musical,0,excited,1,excited,1,excited,1,,,,,,,,,,,,,,,,,,,,,,,,,,,,,,,,,,,,,,,,,,,,,,,,,,
60b9585537f22407ad740a00,animate,bleached,Item that fits in a bag,1,Item that can fit in a bag,1,Unknown small item,1,Unknown small item,1,Sweet toothed,0,To like,0,excited,1,happy,1,Outdoorsy,0,tired,0,excited,1,excited,1,Fit,0,Cool,0,Cool,0,Cool,0,Nice,0,enthusiastic,1,mad,1,mad,1,Musical,0,excited,1,excited,1,excited,1,,,,,,,,,,,,,,,,,,,,,,,,,,,,,,,,,,,,,,,,,,,,,,,,,,
5c5df997d7b842000156544f,animate,bleached,Keys,1,books,1,books,1,books,1,friendly,0,happy,1,happy,1,excited,1,nice,0,scared,1,excited,1,excited,1,happy,1,scary,0,scary,0,scary,0,sporty,0,scared,1,annoyed,1,annoyed,1,happy,1,excited,1,excited,1,excited,1,,,,,,,,,,,,,,,,,,,,,,,,,,,,,,,,,,,,,,,,,,,,,,,,,,
5aad226f811b2000016f6be2,animate,bleached,toys,1,books,1,oranges,1,vitamins,1,hungry,0,crazy,1,happy,1,happy,1,happy,1,scared,1,nervous,1,anxious,1,[blank],n/a,scary,0,scary,0,scary,0,wet,0,nervous,1,upset,1,upset,1,funny,0,sure,1,afraid,1,nervous,1,,,,,,,,,,,,,,,,,,,,,,,,,,,,,,,,,,,,,,,,,,,,,,,,,,
5f29eff59714081a3594a331,animate,bleached,"Sweet, books",1,"Sweets, cookies",1,"Sweets, cookies",1,"Sweets, cookies",1,"Dark, Black",0,confident,1,confident,1,confident,1,Athletic,0,curious,1,afraid,1,afraid,1,Athletic,0,Good,0,Good,0,Good,0,Athletic,0,happy,1,happy,1,Happy,1,"Funny, ",0,happy,1,happy,1,happy,1,,,,,,,,,,,,,,,,,,,,,,,,,,,,,,,,,,,,,,,,,,,,,,,,,,
5f29eff59714081a3594a331,animate,bleached,,,,,,,,,,,knowledgeable,0,knows,0,sure,1,sporty,0,,,curious,1,curious,1,fit,0,nice,0,nice,0,nice,0,funny,0,,,,,joyful,1,,,gloomy,1,,,,,,,,,,,,,,,,,,,,,,,,,,,,,,,,,,,,,,,,,,,,,,,,,,,,,,
5f29eff59714081a3594a331,animate,bleached,,,,,,,,,,,,,,,,,,,,,scared,1,,,active,0,,,,,,,,,,,,,,,,,,,,,,,,,,,,,,,,,,,,,,,,,,,,,,,,,,,,,,,,,,,,,,,,,,,,,,,,
5e3a198a0e532424396e094f,animate,bleached,Stuffie,1,mini stuffed animal,1,writing utensil,1,writing utensils,1,hungry,0,excited,1,excited,1,happy,1,outdoorsy,0,worried,1,worried,1,excited,1,beautiful,0,cool,0,scary,0,scary,0,sporty,0,worried,1,mad,1,mad,1,groovy,0,worried,1,excited,1,annoyed,1,,,,,,,,,,,,,,,,,,,,,,,,,,,,,,,,,,,,,,,,,,,,,,,,,,
5b846b97d0315b0001d30ea2,animate,bleached,maybe a type of toy? ,1,a type of collectable,1,still types of collexctab;es,1,still sticking with collectables,1,full?,0,full,0,angry,1,excited,1,happy,1,worthy,0,excited,1,excited,1,[blank],n/a,fun,0,fun,0,fun,0,friendly,0,angry,1,angry,1,angry,1,kind,0,excited,1,excited,1,happy,1,,,,,,,,,,,,,,,,,,,,,,,,,,,,,,,,,,,,,,,,,,,,,,,,,,
59772b1c1a5010000184a987,animate,lexical,oranges,1,oranges,1,oranges,1,oranges,1,hungry,0,upset,1,upset,1,sad,1,playful,0,scared,1,scared,1,scared,1,sporty,0,fun,0,fun,0,fun,0,fast,0,angry,1,angry,1,angry,1,creative,0,happy,1,happy,1,happy,1,,,,,,,,,,,,,,,,,,,,,,,,,,,,,,,,,,,,,,,,,,,,,,,,,,
6318db5e70498ce49da545cd,animate,lexical,tampon,1,tissue,1,food,0,money,1,[blank],n/a,unhappy,1,angry,1,annoyed,1,sad,1,scared,1,afraid,1,scared,1,happy,1,fun,0,fun,0,fun,0,brave,0,happy,1,annoyed,1,annoyed,1,energetic,0,excited,1,happy,1,happy,1,,,,,,,,,,,,,,,,,,,,,,,,,,,,,,,,,,,,,,,,,,,,,,,,,,
61322140be210a5f6738e764,animate,lexical,"A noun, a small object",1,"A noun, very small object ",1,Stationary Equipment,0,small object maybe a fruit or writing items,1,fun,0,happy,1,happy,1,happy,1,joyful,1,scared,1,scared,1,scared,1,Active,0,Fun,0,Fun,0,Fun,0,Active,0,angry,1,angry,1,annoyed,1,happy,1,happy,1,delighted,1,happy,1,,,,,,,,,,,,,,,,,,,,,,,,,,,,,,,,,,,,,,,,,,,,,,,,,,
6346e12e643544b86b5b427c,animate,lexical,Imodium,0,Imodium/drugs,1,Imodium/drug,0,imodium /drug,0,greedy,0,sad,1,sad,1,sad,1,[blank],n/a,scared,1,scared,1,scared,1,Fun,0,Fun,0,fun,0,fun,0,fun,0,worried,1,annoyed,1,angry,1,confident,1,happy,1,happy,1,happy,1,,,,,,,,,,,,,,,,,,,,,,,,,,,,,,,,,,,,,,,,,,,,,,,,,,
6346e12e643544b86b5b427c,animate,lexical,,,,,,,,,,,,,,,,,,,,,,,afraid,1,,,,,,,exciting,0,,,,,frustrated,1,annoyed,1,,,,,excited,1,excited,1,,,,,,,,,,,,,,,,,,,,,,,,,,,,,,,,,,,,,,,,,,,,,,,,,,
6346e12e643544b86b5b427c,animate,lexical,,,,,,,,,,,,,,,,,,,,,,,,,,,,,,,,,,,,,angry,1,frustrated,1,,,,,,,,,,,,,,,,,,,,,,,,,,,,,,,,,,,,,,,,,,,,,,,,,,,,,,,,,,
613a4d95865f9cc247eefaa4,animate,lexical,Sweet,0,Things,1,Sweets,1,Sweets,1,Hungry,0,sad,1,sad,1,sad,1,happy,1,afraid,1,afraid,1,afraid,1,tired,0,Fun,0,Fun,0,Fun,0,Fast,0,angry,1,angry,1,angry,1,Weird,0,happy,1,happy,1,happy,1,,,,,,,,,,,,,,,,,,,,,,,,,,,,,,,,,,,,,,,,,,,,,,,,,,
61bb384140db417c1a138c01,animate,lexical,Tampon,1,Tampons,1,Hairband,1,Hairband,1,Growing,0,upset,1,unhappy,1,unhappy,1,depressed,1,scared,1,scared,1,terrified,1,Gross,0,Horrible,0,Tiring,0,Tiring,0,Sporty,0,excited,1,annoyed,1,annoyed,1,Cool,0,happy,1,excited,1,excited,1,,,,,,,,,,,,,,,,,,,,,,,,,,,,,,,,,,,,,,,,,,,,,,,,,,
59360314da541f000146f49f,animate,lexical,a type of food,0,a type of food,1,instrument or tool,1,tools,1,funny,0,unhappy,1,unhappy,1,happy,1,energetic,0,scared,1,hopeful,1,excited,1,happy,1,fun ,0,fun ,0,fun ,0,athletic ,0,excited,1,happy,1,happy,1,quirky,0,excited,1,happy,1,happy,1,,,,,,,,,,,,,,,,,,,,,,,,,,,,,,,,,,,,,,,,,,,,,,,,,,
558bafe0fdf99b21155f2da0,animate,lexical,Snack food,0,collector item,1,collector's item,1,collector's item,1,good,0,"fine with, okay",1,okay with,1,okay with,1,childish,0,childlike,0,excited,1,giddy,1,outdoorsy,0,nostalgic,1,nostalgic,1,nostalgic,1,athletic,0,open to,0,open with,0,honest,0,curious,1,exciteful,1,excited,1,excited,1,,,,,,,,,,,,,,,,,,,,,,,,,,,,,,,,,,,,,,,,,,,,,,,,,,
558bafe0fdf99b21155f2da0,animate,lexical,,,,,,,,,fun,0,,,,,,,,,good,0,childish,0,exciteful,1,,,,,old fashioned,0,excited,1,fun,0,willing,1,willing,1,open with,0,childish,0,childish,0,,,,,,,,,,,,,,,,,,,,,,,,,,,,,,,,,,,,,,,,,,,,,,,,,,,,,,
558bafe0fdf99b21155f2da0,animate,lexical,,,,,,,,,personable,0,,,"feels okay, not bad",0,fine,1,,,likes something,0,giddy,1,excited,1,,,,,,,,,,,,,adventurous,0,,,,,,,,,,,,,,,,,,,,,,,,,,,,,,,,,,,,,,,,,,,,,,,,,,,,,,,,,,,,
5c8fffda2d8c5900142f97ae,animate,lexical,pets,1,pets,1,pets,1,food,0,hungry,0,anxious,1,sure,1,unsure,1,adventurous,0,wary,1,scared,1,wary,1,happy,1,fun,0,fun,0,fun,0,fit,0,anxious,1,mad,1,unhappy,1,fun,0,happy,1,happy,1,happy,1,,,,,,,,,,,,,,,,,,,,,,,,,,,,,,,,,,,,,,,,,,,,,,,,,,
60bd67b25b216d6ff8fd0477,animate,lexical,pockets,1,[blank],n/a,tissues,1,tissues,1,hungry,0,happy,1,happy,1,happy,1,small,0,scared,1,scared,1,scared,1,pretty,0,fun,0,fun,0,fun,0,short,0,nervous,1,angry,1,angry,1,groovy,0,happy,1,happy,1,happy,1,,,,,,,,,,,,,,,,,,,,,,,,,,,,,,,,,,,,,,,,,,,,,,,,,,
5ec51173f4cd5243ad1fbb81,animate,lexical,trinket,1,electrical devices,1,drinks,1,phone,1,sweet-toothed,0,fussy,0,depressed,1,excited,1,energetic,0,loving,1,excited,1,excited,1,adventurous ,0,fun,0,fun,0,fun,0,athletic,0,cautious,1,angry,1,angry,1,happy,1,unhappy,1,happy,1,happy,1,,,,,,,,,,,,,,,,,,,,,,,,,,,,,,,,,,,,,,,,,,,,,,,,,,
60916367cd8a527daf10c690,animate,lexical,Sweets or some decorative items perhaps,1,Collectible items such as charms,1,"Flowers or pickable, collectible items",1,Flowers or some sort of wild collectible item,1,Physically unique or interesting in some way; tall perhaps,0,"A feeling, maybe cold or depressed",1,upset,1,feeling down about something ,1,A feeling ,1,afraid,1,excited,1,afraid,1,A feeling or physical feature,1,Frustrating,0,Annoying,0,Frustrating ,0,A feeling or physical feature ,0,worried,1,annoyed,1,annoyed,1,A feeling or physical feature ,1,happy,1,happy,1,happy,1,,,,,,,,,,,,,,,,,,,,,,,,,,,,,,,,,,,,,,,,,,,,,,,,,,
60916367cd8a527daf10c690,animate,lexical,,,,,,,,,,,,,blue (feeling down),1,,,physical feature,0,,,afraid,1,,,,,joyous,1,,,,,,,excited,1,,,,,,,,,relaxed,1,,,,,,,,,,,,,,,,,,,,,,,,,,,,,,,,,,,,,,,,,,,,,,,,,,,,
61087a2a957d0234ef638e61,animate,lexical,A new food ,0,Type of food,0,Food or item,1,Food ,0,Cool,0,worried,1,irritated,1,excited,1,adventurous ,0,scared,1,scared,1,scared,1,Healthy,0,fun,0,fun,0,fun,0,talented ,0,adamant,1,angry,1,angry,1,noisy ,0,happy,1,happy,1,happy,1,,,,,,,,,,,,,,,,,,,,,,,,,,,,,,,,,,,,,,,,,,,,,,,,,,
5e57ddacf68518000bd3356b,animate,lexical,Type of food,0,Type of food,0,AN item,1,An item,1,Greedy,0,unsure about,1,unhappy,1,unhappy,1,Adventurous ,0,scared,1,scared,1,scared,1,Adventurous,0,Lovely,0,Stressful,0,Cool,0,Sporty,0,confident,1,angry,1,angry,1,Fun,0,happy,1,happy,1,happy,1,,,,,,,,,,,,,,,,,,,,,,,,,,,,,,,,,,,,,,,,,,,,,,,,,,
62694fbeede8c79c1b047e80,animate,lexical,tissues,1,pens,1,pen,1,pen,1,hungry,0,upset,1,upset,1,upset,1,sad,1,scared,1,excited,1,excited,1,sad,1,wonderful,0,wonderful,0,wonderful,0,happy,0,worried,1,angry,1,angry,1,cheerful,1,cheerful,1,happy,1,happy,1,,,,,,,,,,,,,,,,,,,,,,,,,,,,,,,,,,,,,,,,,,,,,,,,,,
60296c1430d207888e65a0eb,animate,lexical,meds,1,toys,1,status symbol,1,fruit,0,craving sweets,0,bummed about,1,bummed about,1,bummed out about,1,sad,1,fond,1,excited,1,excited,1,sad,1,cheery,0,cheery ,0,cheery,0,stylish,0,worried,1,angry,1,angry,1,stylish,0,happy,1,happy,1,happy,1,,,,,,,,,,,,,,,,,,,,,,,,,,,,,,,,,,,,,,,,,,,,,,,,,,
6238356bc0cff42b67a58c58,animate,lexical,something small in a bag,1,she has confident,0,[blank],n/a,you can have lots,1,hungry,0,worried,1,certain,1,upset,1,sad,1,scared,1,scared,1,scared,1,tired,0,fun,0,fun,0,fun,0,sporty,0,worried,1,angry,1,angry,1,musical,0,happy,1,happy,1,happy,1,,,,,,,,,,,,,,,,,,,,,,,,,,,,,,,,,,,,,,,,,,,,,,,,,,
6238356bc0cff42b67a58c58,animate,lexical,,,,,,,,,,,,,,,,,,,,,worried,1,,,,,,,,,,,,,,,,,annoyed,1,,,pleased,1,,,,,,,,,,,,,,,,,,,,,,,,,,,,,,,,,,,,,,,,,,,,,,,,,,,,,,
5f4a8c8347b9fe5082353a3c,animate,lexical,sweet,0,Sweet,1,Sweet,1,Sweet,1,hungry,0,worried,1,worried,1,worried,1,adventurous,0,scared,1,hopeful,1,excited,1,gormless,0,Fun,0,Fun,0,Fun,0,sporty,0,worried,1,angry,1,angry,1,groovy,0,happy,1,happy,1,happy,1,,,,,,,,,,,,,,,,,,,,,,,,,,,,,,,,,,,,,,,,,,,,,,,,,,
5eed2e5c2c93d5142aa8fc0e,animate,lexical,sweets,1,books,1,books,1,books,1,cute,0,crazy,1,happy,1,sad,1,athletic,0,scared,1,scared,1,scared,1,funny,0,fun,0,fun,0,fun,0,cool,0,cool,0,angry,1,angry,1,musical,0,happy,1,happy,1,happy,1,,,,,,,,,,,,,,,,,,,,,,,,,,,,,,,,,,,,,,,,,,,,,,,,,,
5ce45fdfb091340001f5d84b,animate,lexical,Some kind of food.,0,Some type of pen. ,1,Some type of pen. ,1,Some type of pen. ,1,Goodlooking. ,0,unhappy,1,unhappy,1,unhappy,1,Funny,0,scared,1,scared,1,scared,1,angry,1,Annoying,0,Annoying,0,Annoying,0,Fast. ,0,annoyed,1,angry,1,angry,1,Cool.,0,happy,1,happy,1,happy,1,,,,,,,,,,,,,,,,,,,,,,,,,,,,,,,,,,,,,,,,,,,,,,,,,,
63bc8d3bcf7082d87a3aca30,animate,lexical,Sweets,1,Book,1,Flowers,1,Flowers,1,Hungry,0,happy,1,glad,1,happy,1,Energetic,0,scared,1,scared,1,scared,1,Fit,0,Fun,0,Fun,0,Fun,0,Sporty,0,worried,1,angry,1,angry,1,Loud,0,pleased,1,pleased,1,pleased,1,,,,,,,,,,,,,,,,,,,,,,,,,,,,,,,,,,,,,,,,,,,,,,,,,,
5e10faccfeea897bcd4c4e85,animate,lexical,pens,1,pens,1,pens,1,pens,1,dishy,0,concerned,1,sure,1,[blank],n/a,wealthy,0,afraid,1,afraid,1,afraid,1,gorgeous,0,lovely,0,lovely,0,lovely,0,wet,0,scared,1,annoyed,1,annoyed,1,groovy,0,happy,1,happy,1,happy,1,,,,,,,,,,,,,,,,,,,,,,,,,,,,,,,,,,,,,,,,,,,,,,,,,,
602b981a69d3542d219a442c,animate,lexical,snack ,1,chocolate bars,1,snack bar,1,snack bars,1,hungry,0,happy,1,happy,1,excited,1,small,0,fond,1,scared,1,scared,1,energetic,0,tiring,0,tiring,0,tiring,0,good swimmer,0,angry,1,mad,1,mad,1,jolly,1,glad,1,glad,1,glad,1,,,,,,,,,,,,,,,,,,,,,,,,,,,,,,,,,,,,,,,,,,,,,,,,,,
57507e67fcaa630007cb9ad2,animate,lexical,Glasses,1,Lipstick,1,Plastic Cup,1,Plastic Cups,1,Likes food,0,anxious,1,Irritated,1,irritated,1,Sociable,0,afraid,1,afraid,1,afraid,1,shy,1,Nice,0,Nice,0,Nice,0,anxious,1,worried,1,mad,1,mad,1,Talented,0,happy,1,happy,1,happy,1,,,,,,,,,,,,,,,,,,,,,,,,,,,,,,,,,,,,,,,,,,,,,,,,,,
6368e44663ab624da3962b32,animate,lexical,Personal items,1,Potentially something spiritual or wholesome,1,Apple or fruit,1,Fruit of some sort,0,Diabetic ,0,worried,1,upset,1,Upset,1,Brave,0,interested,1,worried,1,excited,1,Athletic ,0,Nice ,0,Nice ,0,Nice,0,Athletic ,0,worried,1,angry,1,angry,1,Groovy ,0,happy,1,joyful,1,joyful,1,,,,,,,,,,,,,,,,,,,,,,,,,,,,,,,,,,,,,,,,,,,,,,,,,,
6368e44663ab624da3962b32,animate,lexical,,,,,,,,,,,,,,,sad,1,,,,,,,,,,,,,,,beneficial,0,,,,,,,,,,,,,,,,,,,,,,,,,,,,,,,,,,,,,,,,,,,,,,,,,,,,,,,,,,,,,,,,,,
5cc22c575a8d7e001526e9da,animate,lexical,Shoes,1,Food,0,Item of food,0,"oranges, apples",1,Handsome,0,excited,1,happy,1,happy,1,sad,1,a lover,0,excited,1,excited,1,happy,1,fun,0,fun,0,fun,0,happy,1,tentative,0,angry,1,angry,1,talented,0,happy,1,happy,1,happy,1,,,,,,,,,,,,,,,,,,,,,,,,,,,,,,,,,,,,,,,,,,,,,,,,,,
60a142ecc64d11f4ed537cb5,animate,lexical,pens,1,pens,1,towels,1,towels,1,tall,0,worried,1,annoyed,1,excited,1,happy,1,wary,1,wary,1,excited,1,calm,1,fun,0,fun,0,fun,0,brave,0,worried,1,angry,1,angry,1,goofy,0,happy,1,happy,1,happy,1,,,,,,,,,,,,,,,,,,,,,,,,,,,,,,,,,,,,,,,,,,,,,,,,,,
60a142ecc64d11f4ed537cb5,animate,lexical,,,,,,,,,nice,0,,,,,,,,,,,,,,,,,,,,,,,,,,,,,,,,,,,,,,,,,,,,,,,,,,,,,,,,,,,,,,,,,,,,,,,,,,,,,,,,,,,,,,,,
5d1bd8a7601cd70001728db6,animate,lexical,Toy sweets candy ,1,Candy ,0,"Candy, food",0,"Candy, food",0,Foreign ,0,excited,1,excited,1,excited,1,curious,1,wary,1,excited,1,excited,1,Stupid,0,Weird ,0,Weird ,0,Strange ,0,Sporty,0,angry,1,mad,1,angry,1,Handsome ,0,happy,1,happy,1,happy,1,,,,,,,,,,,,,,,,,,,,,,,,,,,,,,,,,,,,,,,,,,,,,,,,,,
5d1bd8a7601cd70001728db6,animate,lexical,,,,,,,,,,,,,,,,,,,fond,,,,happy,1,gullible,0,,,tiring,0,weird,0,fit ,0,unhappy,1,angry,1,mad,1,cute,0,glad,1,,,,,,,,,,,,,,,,,,,,,,,,,,,,,,,,,,,,,,,,,,,,,,,,,,,,,,
5d1bd8a7601cd70001728db6,animate,lexical,,,,,,,,,,,glad,1,,,,,shy,1,scared,,,,,,,,,,,,,,,,mad,1,,,,,good looking,0,,,,,,,,,,,,,,,,,,,,,,,,,,,,,,,,,,,,,,,,,,,,,,,,,,,,,,,,
5731b7f35b8b0600097c2d66,animate,lexical,book,1,book,1,book,1,book,1,hungry,0,upset,1,upset,1,afraid,1,playful,0,afraid,1,afraid,1,afraid,1,active,0,tiring,0,tiring,0,tiring,0,active,0,excited,1,mad,1,mad,1,loud,0,happy,1,happy,1,happy,1,,,,,,,,,,,,,,,,,,,,,,,,,,,,,,,,,,,,,,,,,,,,,,,,,,
638ca5a91357e72133182e9c,animate,lexical,sweets,1,its a thing,1,[blank],n/a,[blank],n/a,hungry,0,worried,1,annoyed,1,annoyed,1,happy,1,scared,1,scared,1,scared,1,sad,1,fun,0,fun,0,fun,0,cold,0,nervous,1,annoyed,1,angry,1,cool,0,happy,1,happy,1,happy,1,,,,,,,,,,,,,,,,,,,,,,,,,,,,,,,,,,,,,,,,,,,,,,,,,,
5df553efef7f5e3c53056b2e,animate,lexical,Sweets,1,Maybe a toy,1,A type or treat or toy,1,A collectible,1,A descriptive word ,0,A feeling or emotion,1,upset,1,annoyed,1,Active,0,afraid,1,hopeful,1,excited,1,Hungry,0,Fun,0,Fun,0,Fun,0,Slow,0,nervous,1,annoyed,1,upset,1,Musical,0,happy,1,happy,1,happy,1,,,,,,,,,,,,,,,,,,,,,,,,,,,,,,,,,,,,,,,,,,,,,,,,,,
5c79cc22f5b67c0012d5b9ed,animate,lexical,"book, item, object",1,"book, pen, item",1,"item, object, book",1,"pen, book",1,nice,0,excited,1,happy,1,unexcited,1,funny,0,afraid,1,afraid,1,wary,1,active,0,fun,0,tiring,0,fun,0,active,0,worried,1,angry,1,angry,1,fun,0,happy,1,happy,1,happy,1,,,,,,,,,,,,,,,,,,,,,,,,,,,,,,,,,,,,,,,,,,,,,,,,,,
5c79cc22f5b67c0012d5b9ed,animate,lexical,,,,,,,,,,,,,,,,,nice,0,,,,,,,fun,0,tiring,0,noisy,0,,,,,,,,,,,,,,,,,,,,,,,,,,,,,,,,,,,,,,,,,,,,,,,,,,,,,,,,,,,,,,,,,,,,
5c79cc22f5b67c0012d5b9ed,animate,lexical,,,,,,,,,funny,0,,,excited,1,not enjoy,0,keen,1,wary,,wary,1,excited,1,,,noisy,0,,,,,,,,,,,mad,1,,,glad,1,,,glad,1,,,,,,,,,,,,,,,,,,,,,,,,,,,,,,,,,,,,,,,,,,,,,,,,,,
610eed701307b477c5f8771e,animate,lexical,items,1,personal items,1,random objects,1,an item you can collect,1,hungry,0,sad,1,sad,1,sad,1,happy,1,scared,1,scared,1,scared,1,grumpy,0,tiring,0,tiring,0,tiring,0,cold,0,worried,1,angry,1,angry,1,happy,1,happy,1,happy,1,happy,1,,,,,,,,,,,,,,,,,,,,,,,,,,,,,,,,,,,,,,,,,,,,,,,,,,
637f89ffcbf20bd680c0d79e,animate,lexical,glasses fo,1,Pen,1,Pen Apple ,1,Pen Apple ,1,Hungry,0,angry ,1,annoyed,1,annoyed,1,happy,1,scared,1,scared,1,scared,1,Adventurous Happy Friendly,0,Nice ,0,Pleasant ,0,Nice,0,happy,1,curious,1,annoyed,1,angry,1,Weird,0,happy,1,happy,1,happy,1,,,,,,,,,,,,,,,,,,,,,,,,,,,,,,,,,,,,,,,,,,,,,,,,,,
637f89ffcbf20bd680c0d79e,animate,lexical,,,,,,,,,Silly,0,,,,,,,,,,,apprehensive,1,frightened,1,,,,,Nice,0,Pleasant,0,Friendly,0,interested,1,angry,1,annoyed,1,scared,1,delighted,1,,,,,,,,,,,,,,,,,,,,,,,,,,,,,,,,,,,,,,,,,,,,,,,,,,,,,,
637f89ffcbf20bd680c0d79e,animate,lexical,,,,,,,,,Funny,0,annoyed,1,disappointed,1,disappointed,1,Friendly,0,frightened,,frightened,1,,,,,,,,,,,,,happy,1,,,,,,,,,,,,,,,,,,,,,,,,,,,,,,,,,,,,,,,,,,,,,,,,,,,,,,,,,,,,,,
637f89ffcbf20bd680c0d79e,animate,lexical,,,,,,,,,,,,,,,,,Nice,0,,,,,,,,,,,,,,,,,,,,,,,,,,,,,,,,,,,,,,,,,,,,,,,,,,,,,,,,,,,,,,,,,,,,,,,,,,,,,,,,
5c82e6982421a3001242eafe,animate,lexical,a thing ,1,money,1,speakers,1,pen,1,a nationality,0,angry,1,angry,1,annoyed,1,sad,1,wary,1,scared,1,scared,1,stupid,0,fun,0,fun,0,fun,0,chatty,0,worried,1,annoyed,1,annoyed,1,cool,0,happy,1,happy,1,happy,1,,,,,,,,,,,,,,,,,,,,,,,,,,,,,,,,,,,,,,,,,,,,,,,,,,
5b9b3977cc5dd0000165ff0b,animate,lexical,A snack,1,A snack,1,A snack,1,A bracelet,1,Playful,0,happy,1,happy,1,happy,1,sad,1,scared,1,nervous,1,nervous,1,attractive,0,fun,0,Fun,0,Fun,0,Adventurous,0,nervous,1,mad,1,mad,1,calm,1,happy,1,happy,1,happy,1,,,,,,,,,,,,,,,,,,,,,,,,,,,,,,,,,,,,,,,,,,,,,,,,,,
60c3c8f790736ad8d329816b,animate,lexical,candies,1,chocolate bar,1,candy bars,1,candy bars,1,doll,0,moody,1,moody,1,moody,1,happy,1,afraid,1,happy,1,happy,1,bored,1,annoying,0,annoying,0,boring,0,nice,0,angry,1,angry,1,angry,1,playful,0,sad,1,bored,1,sad,1,,,,,,,,,,,,,,,,,,,,,,,,,,,,,,,,,,,,,,,,,,,,,,,,,,
63bc74f63269af3a7bfcec7c,animate,lexical,Products from a store,1,computer par,1,Food items,1,Snacks,1,"Sweet lover, likes to eat",0,unhappy,1,annoyed,1,unhappy,1,nice,0,excited,1,nervous,1,nervous,1,lover of nature and outdoors,0,fun,0,nerve-racking,0,frustrating,0,fun,0,happy,1,unhappy,1,annoyed,1,cool,0,happy,1,glad,1,cheerful,1,,,,,,,,,,,,,,,,,,,,,,,,,,,,,,,,,,,,,,,,,,,,,,,,,,
63bc74f63269af3a7bfcec7c,animate,lexical,,,,,,,,,,,,,unhappy,1,anxious,1,kind,0,scared,,excited,1,afraid,1,,,annoying,0,annoying,0,loud,0,cheerful,1,excited,1,mad,1,mad,1,fun,0,thrilled,1,happy,1,in a good mood,0,,,,,,,,,,,,,,,,,,,,,,,,,,,,,,,,,,,,,,,,,,,,,,,,,,
63bc74f63269af3a7bfcec7c,animate,lexical,,,,,,,,,,,,,sad,1,,,sweet,0,,,,,unhappy,1,,,,,,,,,happy,1,thrilled,1,frustrated,1,frustrated,1,cheerful,1,excited,1,,,happy,1,,,,,,,,,,,,,,,,,,,,,,,,,,,,,,,,,,,,,,,,,,,,,,,,,,
63bc74f63269af3a7bfcec7c,animate,lexical,,,,,,,,,,,unpleased,1,depressed,1,,,caring,0,,,,,,,,,,,,,,,,,,,disappointed,1,,,,,,,,,,,,,,,,,,,,,,,,,,,,,,,,,,,,,,,,,,,,,,,,,,,,,,,,,,,,
62a1e98aa066554d8ab25308,animate,lexical,something to eat,1,a piece of stationary,1,something to eat,0,something to eat,0,smart,0,likes it a lot,0,happy,1,excited,1,nice,0,scared,1,looking forward to,0,looking forward,0,a personality trait,0,good,0,good,0,good,0,[blank],n/a,unhappy,1,unhappy,1,angry,1,sad,1,excited,1,excited,1,excited,1,,,,,,,,,,,,,,,,,,,,,,,,,,,,,,,,,,,,,,,,,,,,,,,,,,
62a1e98aa066554d8ab25308,animate,lexical,,,,,,,,,,,,,,,,,,,,,,,,,,,,,happy,1,nice,0,,,,,,,unhappy,1,,,,,likes it,0,likes it,0,,,,,,,,,,,,,,,,,,,,,,,,,,,,,,,,,,,,,,,,,,,,,,,,,,
62a1e98aa066554d8ab25308,animate,lexical,,,,,,,,,,,,,,,,,,,,,,,,,,,,,nice,0,,,,,,,,,,,,,,,,,,,,,,,,,,,,,,,,,,,,,,,,,,,,,,,,,,,,,,,,,,,,,,,,,,,,
620297b8ef1cb18a1337c16d,animate,lexical,something you keep ,1,lipbalm,1,pens,1,pens,1,hungry,0,unhappy,1,unhappy,1,unhappy,1,happy,1,scared,1,scared,1,scared,1,active,0,joyful,1,[blank],n/a,[blank],n/a,excited,1,worried,1,angry,1,annoyed,1,creative,0,happy,1,happy,1,happy,1,,,,,,,,,,,,,,,,,,,,,,,,,,,,,,,,,,,,,,,,,,,,,,,,,,
606d4e6a90238128de804d67,animate,lexical,sweets,1,sweets,1,sweets,1,bubble gum,0,cool groovy ,0,anxious,1,happy,1,ecstatic,1,playful ,0,love animals,0,happy,1,excited,1,cheerful ,1,exciting ,0,helpful,0,helpful ,0,athletic ,0,protective ,0,angry,1,upset,1,cool,0,defeated,1,dislikes ,0,defeated,1,,,,,,,,,,,,,,,,,,,,,,,,,,,,,,,,,,,,,,,,,,,,,,,,,,
606d4e6a90238128de804d67,animate,lexical,,,,,,,,,,,,,,,,,,,,,,,,,,,,,,,,,,,,,,,angry,1,,,,,,,,,,,,,,,,,,,,,,,,,,,,,,,,,,,,,,,,,,,,,,,,,,,,,,,,,,
606d4e6a90238128de804d67,animate,lexical,,,,,,,,,,,,,excited,1,,,,,,,,,,,,,,,,,,,,,,,,,mad,1,,,,,,,,,,,,,,,,,,,,,,,,,,,,,,,,,,,,,,,,,,,,,,,,,,,,,,,,,,
5ec2720ae69a920447fa71a4,animate,lexical,an item,1,unsure small item,1,something you can buy,1,"a thing, item",1,personality,0,worried,1,worried,1,worried,1,young,0,scared,1,scared,1,scared,1,active,0,active,0,active,0,fun,0,"fast, active",0,concerned,1,angry,1,angry,1,talented,0,happy,1,happy,1,happy,1,,,,,,,,,,,,,,,,,,,,,,,,,,,,,,,,,,,,,,,,,,,,,,,,,,
5ec2720ae69a920447fa71a4,animate,lexical,,,,,,,,,,,,,a feeling,1,concerned,1,,,,,,,,,,,,,,,,,,,cautious,1,annoyed,1,annoyed,1,,,glad,1,,,,,,,,,,,,,,,,,,,,,,,,,,,,,,,,,,,,,,,,,,,,,,,,,,,,,,
60fd743e9935bcfda7ed870a,animate,lexical,[blank],n/a,A small item,1,A small common item,1,A small common item,1,An adjective ,0,An emotion towards something,1,An emotion towards something,1,An emotion towards something,1,An adjective,0,An adjective,0,nervous,1,nervous,1,An adjective,0,fun,0,fun,0,fun,0,athletic,0,nervous,1,frustrated,1,frustrated,1,confident,1,happy,1,happy,1,happy,1,,,,,,,,,,,,,,,,,,,,,,,,,,,,,,,,,,,,,,,,,,,,,,,,,,
60fd743e9935bcfda7ed870a,animate,lexical,,,,,,,,,,,,,,,,,,,,,,,excited,1,,,,,annoying,0,tough,0,,,,,,,,,,,,,,,,,,,,,,,,,,,,,,,,,,,,,,,,,,,,,,,,,,,,,,,,,,,,,,,,,,
5f45552d5bea2f11711b40b1,animate,lexical,Shopping,0,Clubs,1,Tennis balls,1,Gifts,1,Greedy,0,fed up,1,fed up,1,pleased,1,Excitable,0,scared,1,excited,1,excited,1,Outdoorsy ,0,Great,0,Fun,0,Fun,0,Fit,0,upset,1,cross,1,upset,1,Extrovert ,0,excited,1,excited,1,happy,1,,,,,,,,,,,,,,,,,,,,,,,,,,,,,,,,,,,,,,,,,,,,,,,,,,
60bfb7216f6da5705b11ca15,animate,lexical,personal belongings ,1,feminine p,1,"sweets,snacks",1,"snacks,office supplies",1,into sweet things,0,sad,1,complaining,0,excited,1,"playful,fun",0,friendly,0,excited,1,excited,1,excited,1,fun,0,fun,0,important,0,fun,0,car,0,mad,1,angry,1,lazy,0,happy,1,excited,1,shy,1,,,,,,,,,,,,,,,,,,,,,,,,,,,,,,,,,,,,,,,,,,,,,,,,,,
60bfb7216f6da5705b11ca15,animate,lexical,,,,,,,,,,,,,,,,,,,,,happy,1,happy,1,,,enjoyable,0,exhausting,0,crucial,0,energetic,0,,,angry,1,mad,1,tired,0,,,joyful,1,,,,,,,,,,,,,,,,,,,,,,,,,,,,,,,,,,,,,,,,,,,,,,,,,,,,
60bfb7216f6da5705b11ca15,animate,lexical,,,,,,,,,,,,,,,pleased,1,,,,,joy,0,delighted,1,,,,,tiring,0,,,,,,,,,,,,,,,,,,,,,,,,,,,,,,,,,,,,,,,,,,,,,,,,,,,,,,,,,,,,,,,,,,,,
5ce8aed16e250f0001ec2618,animate,lexical,cupcakes croissant bakery,1,baked-goods  snacks,1,food digestable ,1,"souvenirs, snacks, gifts",1,cute hungry funny,0,nervous,1,bothered,1,concerned,1,excited,1,weary,0,scared,1,scared,1,picky,0,pleasant,0,pleasant,0,pleasant,0,tired,0,nervous,1,angry,1,angry,1,energetic,0,excited,1,excited,1,excited,1,,,,,,,,,,,,,,,,,,,,,,,,,,,,,,,,,,,,,,,,,,,,,,,,,,
5ce8aed16e250f0001ec2618,animate,lexical,,,,,,,,,,,,,concerned,1,anxious,1,,,scared,1,nervous,1,nervous,1,stubborn,0,quaint,0,,,,,wet,0,unhappy,1,vexed,1,unhappy,1,entertaining,0,happy,1,happy,1,happy,1,,,,,,,,,,,,,,,,,,,,,,,,,,,,,,,,,,,,,,,,,,,,,,,,,,
5ce8aed16e250f0001ec2618,animate,lexical,,,,,,,,,,,excited,1,emotional,1,,,,,concerned,1,concerned,1,concerned,1,,,,,,,,,,,,,unhappy,1,,,charming,0,pleased,1,pleased,1,pleased,1,,,,,,,,,,,,,,,,,,,,,,,,,,,,,,,,,,,,,,,,,,,,,,,,,,
62fd10443b9a8510ba1298fc,animate,lexical,Slang for immodium,0,A pet,1,a type of bird,1,[blank],n/a,Friendly ,0,upset,1,upset,1,upset,1,happy,1,friendly ,0,excited,1,excited,1,friendly,0,annoying,0,annoying,0,annoying,0,happy,1,angry,1,angry,1,angry,1,cool,0,happy,1,happy,1,happy,1,,,,,,,,,,,,,,,,,,,,,,,,,,,,,,,,,,,,,,,,,,,,,,,,,,
5fe3613dafc8a57da1a66760,animate,lexical,small bag,1,small things,1,toys,1,lipsticks,1,eating,0,sad,1,sad,1,unhappy,1,happy,1,affectionate ,0,glad,1,happy,1,a nice person,0,plesent ,0,fun,0,good,0,a swimmer ,0,against ,0,upset,1,upset,1,happy,1,happy,1,happy,1,happy,1,,,,,,,,,,,,,,,,,,,,,,,,,,,,,,,,,,,,,,,,,,,,,,,,,,
6318e2c61780455450fe4199,animate,lexical,sweets,1,phones,1,cake,1,cakes,1,greedy,0,frustrated,1,annoyed,1,pleased,1,fun-loving,0,envious,1,excited,1,happy,1,energetic,0,fun,0,exhausting,0,fun,0,athletic,0,cautious,1,mad,1,annoyed,1,cheeky,0,happy,1,happy,1,happy,1,,,,,,,,,,,,,,,,,,,,,,,,,,,,,,,,,,,,,,,,,,,,,,,,,,
5aaa59e2f5c89a0001e25150,animate,lexical,"cellphones, medicine",1,phone,1,"device, phone",1,tracker,1,cool,0,irritated,1,irritated,1,irritated,1,nice,0,scared,1,scared,1,scared,1,goofy,0,fun,0,fun,0,fun,0,interesting,0,scared,1,mad,1,angry,1,fun,0,happy,1,happy,1,happy,1,,,,,,,,,,,,,,,,,,,,,,,,,,,,,,,,,,,,,,,,,,,,,,,,,,
5aaa59e2f5c89a0001e25150,animate,lexical,,,,,,,,,,,happy,1,,,,,,,,,,,,,,,,,,,,,,,,,,,,,,,,,,,,,,,,,,,,,,,,,,,,,,,,,,,,,,,,,,,,,,,,,,,,,,,,,,,,,,
615239b73d2309dcf9786a1d,inanimate,bleached,In a bag,0,Items,1,Money,0,Coins,1,Nice,0,Coat,0,Expensive,0,important,0,Nice,0,nice,0,worried,1,worried,1,sharp,0,dangerous,0,dangerous,0,dangerous,0,new,0,worried,1,worried,1,worried,1,smooth,0,on edge,1,rushing,0,rushing,0,,,,,,,,,,,,,,,,,,,,,,,,,,,,,,,,,,,,,,,,,,,,,,,,,,
631d4876679fad1a9469e76c,inanimate,bleached,A smallish object,1,"A smallish, light non-alive object",1,An object of some kind,1,A collectable object,1,It's an adjective,0,It's a feeling,1,A feeling in reaction to something,1,excited,1,Flat,0,scared,1,worried,1,anxious,1,lumpy,0,relaxing,0,relaxing,0,relaxing,0,soft,0,worried,1,mad,1,mad,1,glittery,0,pleased,1,pleased,1,pleased,1,,,,,,,,,,,,,,,,,,,,,,,,,,,,,,,,,,,,,,,,,,,,,,,,,,
60fd2de5bb1c80a35dfe3bb3,inanimate,bleached,type of sweet,0,type of sweet,1,type of sweet,1,type of sweet,1,cool,0,crazy,1,sure,1,travelling,0,brand new,0,guilty,0,confident,1,eager,1,very small,0,bound,0,fun,0,fun,0,nice,0,suspicious,1,angry,1,angry,1,trendy,0,relieved,1,rushing,0,tetchy,1,,,,,,,,,,,,,,,,,,,,,,,,,,,,,,,,,,,,,,,,,,,,,,,,,,
5c8371b7c23f2d0001563a9f,inanimate,bleached,biscuits or crisps,1,books,1,books or pens,1,pens,1,trendy or fashionable,0,useful,0,worried,1,useful,1,heavy,0,handmade,0,helpful,0,happy,1,cute,0,safe,0,safe,0,safe,0,useful,0,concerned,1,annoyed,1,annoyed,1,trendy,0,concerned,1,grateful,1,concerned,1,,,,,,,,,,,,,,,,,,,,,,,,,,,,,,,,,,,,,,,,,,,,,,,,,,
5c8371b7c23f2d0001563a9f,inanimate,bleached,,,,,,,,,,,,,,,worried,1,,,,,,,,,,,,,,,,,,,,,,,,,,,,,,,,,,,,,,,,,,,,,,,,,,,,,,,,,,,,,,,,,,,,,,,,,,,,,,,,,,
5f108d17d4b3013636d8b01f,inanimate,bleached,type of headphone,1,stationary,1,small thing,1,something collecatble,0,new,0,wrong,0,certain,1,certain,1,wooly,0,covered,0,certain,1,desperate,1,[blank],n/a,designed,0,tiring,0,tiring,0,old,0,annoyed,1,annoyed,1,annoyed,1,new,0,excited,1,excited,1,excited,1,,,,,,,,,,,,,,,,,,,,,,,,,,,,,,,,,,,,,,,,,,,,,,,,,,
5d593bb9035b8900189e4a42,inanimate,bleached,Hair ties,1,Hair Ties,1,Biscuits,1,Biscuits,0,pretty,0,angry,1,angry,1,excited,1,cool,0,memory,0,happy,1,happy,1,pretty,0,pretty,0,fun,0,fun,0,dusty,0,annoyed,1,annoyed,1,annoyed,1,groovy,0,pleased,1,pleased,1,pleased,1,,,,,,,,,,,,,,,,,,,,,,,,,,,,,,,,,,,,,,,,,,,,,,,,,,
63039343fd5a2e6fb88d2c61,inanimate,bleached,a food item,1,a food item,1,a food item,1,food item,0,new,0,angry,1,surprised,1,happy,1,new,0,frightened,1,frightened,1,scared,1,natural,0,natural,0,natural,0,natural,0,old,0,curious,1,curious,1,suspicious,1,new,0,excited,1,excited,1,excited,1,,,,,,,,,,,,,,,,,,,,,,,,,,,,,,,,,,,,,,,,,,,,,,,,,,
5caa11e5a15c9800161ad16d,inanimate,bleached,things,1,items,1,item,1,[blank],n/a,warm,0,hot,0,so sure,1,need to be,0,saggy,0,sad,1,knows,0,going to,0,fantastic,0,destined,0,grimy,0,great,0,small,0,glad,1,angry,1,angry,1,fantastic,0,excited,1,excited,1,excited,1,,,,,,,,,,,,,,,,,,,,,,,,,,,,,,,,,,,,,,,,,,,,,,,,,,
5e3a0494852c30225cf95713,inanimate,bleached,form of terchnology,1,piece of technology,1,Uncommon item,1,Popular item,1,Cool,0,excited,1,upset,1,excited,1,Nice,0,Lacking,0,convinced,1,happy,1,interesting,0,interesting,0,exciting,0,Useful,0,useful,0,annoyed,1,annoyed,1,annoyed,1,new,0,certain,1,happy,1,happy,1,,,,,,,,,,,,,,,,,,,,,,,,,,,,,,,,,,,,,,,,,,,,,,,,,,
596e000bfb7959000162f52f,inanimate,bleached,"food, sweets",1,food,1,an item,1,a collectable,1,cool,0,happy,1,happy,1,happy,1,soft,0,made,0,looking for,0,looking forward,0,colourful,0,excited,1,exciting,0,exciting,0,smart,0,mad,1,mad,1,mad,1,spooky,0,scared,1,looking forward,0,disappointed,1,,,,,,,,,,,,,,,,,,,,,,,,,,,,,,,,,,,,,,,,,,,,,,,,,,
596e000bfb7959000162f52f,inanimate,bleached,,,,,,,,,,,,,,,,,,,,,,,,,,,,,,,,,,,angry,1,angry,1,angry,1,,,,,,,,,,,,,,,,,,,,,,,,,,,,,,,,,,,,,,,,,,,,,,,,,,,,,,,,,,
5cfa7e66b131cd001aa86c44,inanimate,bleached,[blank],n/a,[blank],n/a,[blank],n/a,[blank],n/a,[blank],n/a,possibly good,0,happy,1,happy,1,[blank],n/a,weary,0,worried,1,worried,1,tasty,0,good,0,good,0,good,0,[blank],n/a,worried,1,angry,1,angry,1,cool  ,0,happy,1,happy,1,happy,1,,,,,,,,,,,,,,,,,,,,,,,,,,,,,,,,,,,,,,,,,,,,,,,,,,
5cfa7e66b131cd001aa86c44,inanimate,bleached,,,,,,,,,,,,,,,,,,,,,,,,,,,,,,,,,,,happy,1,,,,,good,0,,,,,,,,,,,,,,,,,,,,,,,,,,,,,,,,,,,,,,,,,,,,,,,,,,,,,,,,
5cfa7e66b131cd001aa86c44,inanimate,bleached,,,,,,,,,,,,,,,,,,,,,,,,,,,,,,,,,,,,,,,,,nice,0,,,,,,,,,,,,,,,,,,,,,,,,,,,,,,,,,,,,,,,,,,,,,,,,,,,,,,,,
61006c7ded56391a96ff75a5,inanimate,bleached,Sweets ,1,Candy or hair tie,1,"Receipts, candy, clips",1,"Receipt, candy, clip?",1,Big,0,"new, nice",0,sad,1,excited,1,new,0,scared,1,scared,1,nervous,1,fluffy,0,fun,0,fun?,0,Fun,0,small,0,curious,1,angry,1,angry,1,new,0,pleased,1,anxious,1,anxious,1,,,,,,,,,,,,,,,,,,,,,,,,,,,,,,,,,,,,,,,,,,,,,,,,,,
61006c7ded56391a96ff75a5,inanimate,bleached,,,,,,,,,new,0,,,happy,1,,,warm,0,wary,1,nervous,1,apprehensive,1,small,0,,,,,,,new,0,nervous,1,frustrated,1,annoyed,1,happy,1,nervous,1,,,apprehensive,1,,,,,,,,,,,,,,,,,,,,,,,,,,,,,,,,,,,,,,,,,,,,,,,,,,
61006c7ded56391a96ff75a5,inanimate,bleached,,,,,,,,,,,,,mad,1,,,,,,,,,,,nice,0,,,,,,,cute,0,anxious,1,,,,,,,,,,,,,,,,,,,,,,,,,,,,,,,,,,,,,,,,,,,,,,,,,,,,,,,,,,,,,,
61006c7ded56391a96ff75a5,inanimate,bleached,,,,,,,,,,,,,,,,,,,,,,,,,,,,,,,,,funny,0,excited,1,,,,,,,,,,,,,,,,,,,,,,,,,,,,,,,,,,,,,,,,,,,,,,,,,,,,,,,,,,,,,,
5b043626d7af450001ebeefb,inanimate,bleached,[blank],n/a,[blank],n/a,[blank],n/a,[blank],n/a,cool,0,unsure,1,worried,1,concerned,1,rich,0,copy,0,certain,1,certain,1,cool,0,cool,0,cool,0,wonderful,0,old,0,concerned,1,annoyed,1,annoyed,1,new,0,certain,1,anxious,1,worried,1,,,,,,,,,,,,,,,,,,,,,,,,,,,,,,,,,,,,,,,,,,,,,,,,,,
57ca2f6c6736cf0001b32017,inanimate,bleached,snack,1,multiple snacks,1,snacks you can grab,1,an item that you can have multiple off like coloured pens,1,sexy sweet,0,asking about something,0,causes a scene,0,an experience,0,helpful,0,does something,0,predicts event,0,makes you move,0,playful,0,fun,0,fun,0,exciting,0,playful,0,item that makes you do something mop,0,pet upset with you,0,pet,0,helpful,0,makes dinner,0,excited,1,happy,1,,,,,,,,,,,,,,,,,,,,,,,,,,,,,,,,,,,,,,,,,,,,,,,,,,
57ca2f6c6736cf0001b32017,inanimate,bleached,,,,,,,,,,,,,,,,,,,,,,,,,,,,,exciting,0,,,,,,,,,,,,,,,,,,,,,,,,,,,,,,,,,,,,,,,,,,,,,,,,,,,,,,,,,,,,,,,,,,,,
60c2b5411e6268b10e6625d6,inanimate,bleached,everyday object ,1,toy,1,toy,1,toy,1,useful,0,[blank],n/a,glad,1,excited,1,nice,0,[blank],n/a,concerned,1,[blank],n/a,awesome,0,awesome,0,awesome,0,awesome ,0,new,0,anxious,1,thinking,0,thinking,0,neat,0,sure,1,thankful,1,thankful,1,,,,,,,,,,,,,,,,,,,,,,,,,,,,,,,,,,,,,,,,,,,,,,,,,,
62fcabf17fc3d7ef0952fb6c,inanimate,bleached,something in bag,1,[blank],n/a,[blank],n/a,multiple of something,1,describes something,0,unsure,1,a feeling,1,an emotion,1,unsure,1,looks like,0,feeling,1,feeling,1,good,0,happy,1,good,0,good,0,someone else's,0,upset,1,upset,1,upset,1,unsure,1,excited,1,excited,1,excited,1,,,,,,,,,,,,,,,,,,,,,,,,,,,,,,,,,,,,,,,,,,,,,,,,,,
62fbb4a001f5f7bfcdd72b8b,inanimate,bleached,"food, shampoo",0,"oranges, cans sweets",1,"fruits, eggs",1,"cards, sweets ",1,cool,0,happy,1,angry,1,excited,1,cool,0,smells,0,excited,1,happy,1,green,0,happy,1,boring,0,fun,0,small,0,happy,1,angry,1,annoyed,1,soft,0,excited,1,excited,1,excited,1,,,,,,,,,,,,,,,,,,,,,,,,,,,,,,,,,,,,,,,,,,,,,,,,,,
62fbb4a001f5f7bfcdd72b8b,inanimate,bleached,,,,,,,,,fun,0,excited,1,sad,1,,,dry,0,,,worried,1,,,soft,0,sad,1,fun,0,,,round,0,excited,1,annoyed,1,,,small,0,,,,,,,,,,,,,,,,,,,,,,,,,,,,,,,,,,,,,,,,,,,,,,,,,,,,,,,,
62fbb4a001f5f7bfcdd72b8b,inanimate,bleached,,,,,,,,,soft,0,sad,1,excited,1,,,,,,,,,,,wet,0,,,,,,,hard,0,sad,1,,,,,,,,,,,,,,,,,,,,,,,,,,,,,,,,,,,,,,,,,,,,,,,,,,,,,,,,,,,,,,
616c9332fbd4c31a4973114c,inanimate,bleached,Something in the bag,1,There are three of them,0,Objects,1,[blank],n/a,[blank],n/a,[blank],n/a,annoyed,1,A person maybe,0,Not a word used yet,0,An object someone made,0,Bad ,0,happy,1,A person,0,Good,0,Doing things,0,Good,0,Something to do with modi,0,Aggy,0,unhappy,1,unhappy,1,Nice,0,happy,1,happy,1,angry,1,,,,,,,,,,,,,,,,,,,,,,,,,,,,,,,,,,,,,,,,,,,,,,,,,,
57b27d847d42b700012dd055,inanimate,bleached,a food item,1,a toy,1,a toy,1,a toy,1,cheap,0,[blank],n/a,confident,1,confident,1,unique,0,sure,1,sure,1,sure,1,mine,0,nice,0,nice,0,nice,0,cute,0,sure,1,mad,1,mad,1,expensive,0,confident,1,excited,1,excited,1,,,,,,,,,,,,,,,,,,,,,,,,,,,,,,,,,,,,,,,,,,,,,,,,,,
62e1547499643e7b972692d1,inanimate,bleached,New Technology ,1,Keys,1,Pen,1,Pen,1,Cool,0,Apart of,0,attached,0,happy,1,Amaz,0,Crochet,0,curious,1,happy,1,Gross,0,Gross,0,Gross,0,Gross ,0,Amazing ,0,jealous,1,jealous,1,annoyed,1,Scary,0,curious,1,excited,1,annoyed,1,,,,,,,,,,,,,,,,,,,,,,,,,,,,,,,,,,,,,,,,,,,,,,,,,,
57f11328f283e200011bc93e,inanimate,bleached,Phone,1,Coins,1,Tissues,1,Apples,1,Cool,0,crazy,1,sure,1,sure,1,Nice,0,Capable,0,confident,1,Useful,0,happy,1,happy,1,Fun,0,Fun,0,Useful,0,jealous,1,cross,1,mad,1,On trend,0,happy,1,excited,1,excited,1,,,,,,,,,,,,,,,,,,,,,,,,,,,,,,,,,,,,,,,,,,,,,,,,,,
6082c37809793130ca4b3f0e,inanimate,bleached,things in bag,1,pencils,1,gadgets,1,objects in the bag,1,cool,0,happy,1,happening,0,excited,1,one of a kind,0,important,0,knowledgeable,0,excited,1,alive,0,fun,0,fun,0,important,0,hard,0,interested,1,searching,0,confident,1,great,0,interested,1,happy,1,wonderful,0,,,,,,,,,,,,,,,,,,,,,,,,,,,,,,,,,,,,,,,,,,,,,,,,,,
634696bb92c2e5319fcf3527,inanimate,bleached,[blank],n/a,[blank],n/a,[blank],n/a,an object,1,an item,0,crazy,1,certain,1,keen,1,nice,0,ornament,0,confident,1,keen,1,plain,0,bound ,0,gross,0,certain,1,nice,0,annoyed,1,annoyed,1,annoyed,1,nice,0,certain,1,keen,1,dirty,0,,,,,,,,,,,,,,,,,,,,,,,,,,,,,,,,,,,,,,,,,,,,,,,,,,
634696bb92c2e5319fcf3527,inanimate,bleached,,,,,,,,,,,,,,,,,,,,,certain,1,,,,,,,,,,,,,,,,,,,,,,,,,,,,,,,,,,,,,,,,,,,,,,,,,,,,,,,,,,,,,,,,,,,,,,,,,,,,
6065a8becc1f681d7a36115e,inanimate,bleached,They stay inside the bag,0,It means bag holder,1,It means bag holder ,1,It means bag holder,1,[blank],n/a,[blank],n/a,scared,1,excited,1,New,0,scared,1,scared,1,scared,1,happy,1,happy,1,Scary ,0,Scary,0,New,0,happy,1,angry,1,angry,1,Scared,1,happy,1,excited,1,excited,1,,,,,,,,,,,,,,,,,,,,,,,,,,,,,,,,,,,,,,,,,,,,,,,,,,
613cc5de78e7317f29171d0c,inanimate,bleached,Writing implements,1,Writing implements,1,Still writing implements ,1,A collectible writing implements ,1,Special,0,excitable,0,excited,1,excited,1,Soft,0,Reminiscent ,0,A signal,0,A reminder,0,Green,0,Sticky,0,Sticky,0,Slimy,0,Empty,0,anxious,1,mad,1,mad,1,Groovy,0,excited,1,excited,1,excited,1,,,,,,,,,,,,,,,,,,,,,,,,,,,,,,,,,,,,,,,,,,,,,,,,,,
613cc5de78e7317f29171d0c,inanimate,bleached,,,,,,,,,great,0,,,pleased,1,pleased,1,flimsy,0,,,indicateur,0,,,prickly,0,,,slimy,0,not nice,0,,,,,angry,1,angry,1,fun,0,,,,,,,,,,,,,,,,,,,,,,,,,,,,,,,,,,,,,,,,,,,,,,,,,,,,,,,,
613cc5de78e7317f29171d0c,inanimate,bleached,,,,,,,,,,,,,,,,,,,,,,,,,leafy,0,,,,,,,,,,,,,,,,,,,,,,,,,,,,,,,,,,,,,,,,,,,,,,,,,,,,,,,,,,,,,,,,,,,,,,,,
63bd81465a7246c0da98e4bd,inanimate,bleached,Electronic ,1,collectible,1,[blank],n/a,Type of pen,1,useful,0,worried,1,worried,1,excited,1,bad,0,made,0,cautious,1,happy,1,pretty,0,good,0,rewarding,0,normal,0,new,0,thinking,0,angry,1,angry,1,comfy,0,aware,1,wanting,0,useless,0,,,,,,,,,,,,,,,,,,,,,,,,,,,,,,,,,,,,,,,,,,,,,,,,,,
62e2dbce6972374fdd427048,inanimate,bleached,Things,1,Items,1,Items,1,Items,1,Cool,0,mad,1,mad,1,excited,1,sad,1,worried,1,worried,1,worried,1,Nice,0,Nice,0,Nice,0,Nice,0,angry,1,angry,1,angry,1,angry,1,Good,0,happy,1,happy,1,happy,1,,,,,,,,,,,,,,,,,,,,,,,,,,,,,,,,,,,,,,,,,,,,,,,,,,
5d29d7d739e2c7000140f10d,inanimate,bleached,pens,1,planners,1,pens,1,ideas,1,cool,0,happy,1,annoyed,1,excited,1,heavy,0,scared,1,scared,1,worried,1,dirty,0,grateful,0,scary,0,hard,0,cool,0,happy,1,angry,1,angry,1,new,0,excited,1,excited,1,nervous,1,,,,,,,,,,,,,,,,,,,,,,,,,,,,,,,,,,,,,,,,,,,,,,,,,,
57549ae7f2ab9d00062ffe4c,inanimate,bleached,Sweet,1,Keys,1,Technology ,1,Objects,1,Hair appliance ,0,Appliance for hair,0,certain,1,Reminder,0,Craft ,0,guilty,0,certain,1,certain,1,Cute ,0,Good ,0,Good,0,Cool,0,[blank],n/a,[blank],n/a,annoyed,1,annoyed,1,Adorable,0,scared,1,scared,1,scared,1,,,,,,,,,,,,,,,,,,,,,,,,,,,,,,,,,,,,,,,,,,,,,,,,,,
60a5a599bbb27be1974dae25,inanimate,bleached,food,0,money,0,sweets,1,sweets,1,nice,0,thinking,0,frightened,1,excited,1,special,0,tired,0,worried,1,worried,1,happy,1,happy,1,joyful,1,joyful,1,dangerous,0,uneasy,1,angry,1,angry,1,fancy,0,happy,1,happy,1,happy,1,,,,,,,,,,,,,,,,,,,,,,,,,,,,,,,,,,,,,,,,,,,,,,,,,,
5c30b2a910677f0001dda4c8,inanimate,bleached,fruit,0,"fruit, books, ",1,"books, fruit, pens",1,"books, fruit, pens",1,new,0,revised,0,aware,1,expected,0,warm,0,made ,0,worried,1,excited,1,pretty,0,exciting,1,fun,0,good,0,new,0,worried,1,angry,1,concerned,1,new,0,happy,1,impatient,1,happy,1,,,,,,,,,,,,,,,,,,,,,,,,,,,,,,,,,,,,,,,,,,,,,,,,,,
5c30b2a910677f0001dda4c8,inanimate,bleached,,,,,,,,,,,advanced,0,,,scheduled,0,soft,0,,,,,happy,1,attractive,0,eager,1,easy,0,expected,0,antique,0,concerned,1,disappointed,1,unhappy,1,updated,0,unhappy,1,eager,1,nervous,1,,,,,,,,,,,,,,,,,,,,,,,,,,,,,,,,,,,,,,,,,,,,,,,,,,
5c30b2a910677f0001dda4c8,inanimate,bleached,,,,,,,,,,,,,,,,,,,,,concerned,1,anxious,1,,,happy,1,difficult,0,unusual,0,old,0,unconcerned,1,unhappy,1,disappointed,1,fresh,0,concerned,1,excited,1,unhappy,1,,,,,,,,,,,,,,,,,,,,,,,,,,,,,,,,,,,,,,,,,,,,,,,,,,
5f37e4f20fef2606653ec8ae,inanimate,bleached,Food,0,make up,0,Food,1,phones,1,Cool,0,happy,1,happy,1,happy,1,tasty,0,tastes of,0,worried,1,happy,1,pretty,0,happy,1,fun,0,fun,0,fun,0,happy,1,annoyed,1,annoyed,1,cool,0,cool,0,happy,1,happy,1,,,,,,,,,,,,,,,,,,,,,,,,,,,,,,,,,,,,,,,,,,,,,,,,,,
5f566443352f600826449f4b,inanimate,bleached,fruit,0,phone,1,pictures,1,photo,1,new,0,special,0,certain,1,certain,1,warm,0,handmade,0,a sign,0,made,0,wild,0,unusual,0,wild,0,unusual,0,warm,0,interested,1,annoyed,1,surprised,1,cool,0,concerned,1,interested,1,interested,1,,,,,,,,,,,,,,,,,,,,,,,,,,,,,,,,,,,,,,,,,,,,,,,,,,
5f57be602095072bb238a7ab,inanimate,bleached,Toys ,1,Food snacks,1,Food snacks ,1,Hair bands ,1,Cool,0,[blank],n/a,[blank],n/a,Diary,0,Warm,0,Diary,0,Fortune dice,0,Voice recorder,0,Friendly,0,happy,1,Stressful ,0,Stressful ,0,Crispy ,0,worried,1,angry,1,cross,1,Cool,0,excited,1,excited,1,excited,1,,,,,,,,,,,,,,,,,,,,,,,,,,,,,,,,,,,,,,,,,,,,,,,,,,
5e8e0580039e7106da8388d2,inanimate,bleached,"pencils, pens, coins",1,"coins, collectables, toys",1,flowers,1,flowers,1,modern,0,unsure,1,sure,1,meant,0,cool,0,attached,0,sure,1,meant,0,light,0,born,0,healthy,0,nice,0,heavy,0,made,0,angry,1,happy,1,trendy,0,excited,1,happy,1,happy,1,,,,,,,,,,,,,,,,,,,,,,,,,,,,,,,,,,,,,,,,,,,,,,,,,,
5e8e0580039e7106da8388d2,inanimate,bleached,,,,,,,,,fashionable,0,,,,,,,fashionable,0,joined,0,predicting,0,working,0,smelly,0,made,0,pleasant,0,healthy,0,light weight,0,,,happy,1,unhappy,1,awsesome,0,nervous,1,,,,,,,,,,,,,,,,,,,,,,,,,,,,,,,,,,,,,,,,,,,,,,,,,,,,,,
5e8e0580039e7106da8388d2,inanimate,bleached,,,,,,,,,light,0,delighted,1,,,,,awesome,0,made,0,unsure,1,trying,0,tasty,0,ideal,0,nice,0,,,,,,,,,,,,,,,,,,,,,,,,,,,,,,,,,,,,,,,,,,,,,,,,,,,,,,,,,,,,,,,,,,,,
5ebd841ddea21b08a0aa3057,inanimate,bleached,cookie,1,cookie,1,cookie,1,cookie,1,new,0,curious,1,happy,1,happy,1,flimsy,0,missing,0,know,0,glad,1,tiny,0,comfortable,0,comfortable,0,gross,0,new,0,cautious,1,angry,1,angry,1,pretty,0,excited,1,excited,1,excited,1,,,,,,,,,,,,,,,,,,,,,,,,,,,,,,,,,,,,,,,,,,,,,,,,,,
5ea302aeb39fb424ac3b7e36,inanimate,bleached,things,1,tools,1,snacks,1,snacks,1,grey,0,excited,1,sad,1,excited,1,handmade,0,handmade,0,worried,1,excited,1,hungry,0,nice,0,nice,0,nice,0,fuzzy,0,worried,1,angry,1,angry,1,friendly,0,excited,1,excited,1,excited,1,,,,,,,,,,,,,,,,,,,,,,,,,,,,,,,,,,,,,,,,,,,,,,,,,,
5ce5b9844cd8130019acba32,inanimate,bleached,an item to use,1,something to use,1,an item which can be used,1,a useful product with different uses,1,good,0,useful,0,not always useful,0,a moveable item,0,used,0,interesting product,0,predicts outcomes,0,predicts outcomes and assists people,0,cute,0,benefits being in places to use,0,difficult to use,0,benefical to people,0,different,0,unsure,1,annoyed,1,annoyed,1,smooth,0,happy,1,destined,0,destined,0,,,,,,,,,,,,,,,,,,,,,,,,,,,,,,,,,,,,,,,,,,,,,,,,,,
5ce5b9844cd8130019acba32,inanimate,bleached,,,,,,,,,,,good,0,,,,,,,,,,,,,,,,,,,,,,,,,,,,,comfy,0,,,,,happy,1,,,,,,,,,,,,,,,,,,,,,,,,,,,,,,,,,,,,,,,,,,,,,,,,,,
5fc0c7b73605db59cfd30666,inanimate,bleached,"Candy, snack",0,"candy, snack, sweets, fruits",1,"candy, snacks, fruits, sweets",1,"Candy, snacks, sweets, fruit",1,unique,0,sure,1,sure,1,eager,1,cute,0,worthy,0,concerned,1,eager,1,cute,0,weird,0,tiring,0,wrong,0,sweet,0,angry,1,angry,1,upset,1,nice,0,happy,1,too nice,0,Nice,0,,,,,,,,,,,,,,,,,,,,,,,,,,,,,,,,,,,,,,,,,,,,,,,,,,
5fc0c7b73605db59cfd30666,inanimate,bleached,,,,,,,,,nice,0,,,,,,,precious,0,,,,,willing,1,different,0,wrong,0,exhausting,0,embarassing,0,sour,0,sad,1,upset,1,angry,1,fashionable,0,nice,0,cute,0,cute,0,,,,,,,,,,,,,,,,,,,,,,,,,,,,,,,,,,,,,,,,,,,,,,,,,,
5fc0c7b73605db59cfd30666,inanimate,bleached,,,,,,,,,,,accurate,0,confident,1,,,lovely,0,,,positivity,0,positive,1,,,uncomfortable,0,embarassing,0,,,,,,,furious,1,,,,,,,trendy,0,trendy,0,,,,,,,,,,,,,,,,,,,,,,,,,,,,,,,,,,,,,,,,,,,,,,,,,,
5fc0c7b73605db59cfd30666,inanimate,bleached,,,,,,,,,,,,,,,,,,,,,,,,,,,,,,,,,,,,,,,,,,,,,,,eager,1,,,,,,,,,,,,,,,,,,,,,,,,,,,,,,,,,,,,,,,,,,,,,,,,,,
614760e10d7e4f41c50e0082,inanimate,bleached,snacks,1,pets,1,animals,1,animals,1,works well,0,annoyed,1,annoyed,1,annoyed,1,fragile,0,fragile,0,fragile ,0,fragile,0,nerdy,0,nerdy,0,nerdy,0,nerdy,0,heavy,0,heavy,0,angry,1,angry,1,expensive,0,nervous,1,nervous,1,nervous,1,,,,,,,,,,,,,,,,,,,,,,,,,,,,,,,,,,,,,,,,,,,,,,,,,,
5cf91e3f1756e60017a30568,inanimate,bleached,Sweets Candy Chocolate,1,Chocolate bars c,1,Flowers Plants ,1,Flowers Sweets Cakes,1,Chocolate Strawberry Vanilla,0,Sweet  ,0,happy,1,excited,1,Tasty  ,0,A piece a section a,0,afraid,1,happy,1,friendly,0,good,0,risky,0,Fun,0,Pretty,0,happy,1,mad,1,happy,1,Expensive,0,happy,1,happy,1,useful,0,,,,,,,,,,,,,,,,,,,,,,,,,,,,,,,,,,,,,,,,,,,,,,,,,,
5cf91e3f1756e60017a30568,inanimate,bleached,,,,,,,,,,,Colourful,0,mad,1,scared,1,Colourful,0,,,excited,1,glad,1,pretty,0,exciting,0,fun,0,exciting,0,Useful,0,sad,1,angry,1,angry,1,High tech ,0,sad,1,handy,0,happy,1,,,,,,,,,,,,,,,,,,,,,,,,,,,,,,,,,,,,,,,,,,,,,,,,,,
5cf91e3f1756e60017a30568,inanimate,bleached,,,,,,,,,,,Interst,0,sad,1,happy,1,Nice,0,,,happy,1,relieved,1,,,danger,0,exciting,0,risky,0,New,0,mad,1,upset,1,upset,1,,,ready,0,,,handy,0,,,,,,,,,,,,,,,,,,,,,,,,,,,,,,,,,,,,,,,,,,,,,,,,,,
5f735d195a302d06b07acf90,inanimate,bleached,It is a type of product,1,A type of product,1,It is a common product,1,A type of collectable product ,1,Cool or ,0,Great,0,happy,1,happy,1,Limp or similar,0,Worthy or worthwhile ,0,Predicting something or a prediction,0,A planner or diary,0,Nice,0,Nice,0,Nice,0,Nice,0,Rare,0,A digital assistant or planner,0,cross,1,cross,1,"Nice, ",0,happy,1,happy,1,happy,1,,,,,,,,,,,,,,,,,,,,,,,,,,,,,,,,,,,,,,,,,,,,,,,,,,
5f735d195a302d06b07acf90,inanimate,bleached,,,,,,,,,,,perfect,0,,,,,,,,,,,,,pretty,0,pleasant,0,pleasant,0,pleasant,0,new,0,,,angry,1,angry,1,one of a kind,0,,,excited,1,excited,1,,,,,,,,,,,,,,,,,,,,,,,,,,,,,,,,,,,,,,,,,,,,,,,,,,
5f735d195a302d06b07acf90,inanimate,bleached,,,,,,,,,,,,,,,,,,,,,,,,,pleasant,0,great,0,great,0,great,0,a collectable,0,,,annoyed,1,annoyed,1,,,,,,,,,,,,,,,,,,,,,,,,,,,,,,,,,,,,,,,,,,,,,,,,,,,,,,,,,,
5f735d195a302d06b07acf90,inanimate,bleached,,,,,,,,,,,,,,,,,,,,,,,,,,,,,,,cool,0,,,,,,,,,,,,,,,,,,,,,,,,,,,,,,,,,,,,,,,,,,,,,,,,,,,,,,,,,,,,,,,,,,
5a863fb8f1408d0001768afa,inanimate,bleached,banana,1,book,1,book,1,book,1,electric,0,excited,1,excited,1,excited,1,soft,0,smelling,0,nervous,1,nervous,1,cold,0,good,0,good,0,good,0,old,0,cool,0,mad,1,mad,1,new,0,certain,1,glad,1,glad,1,,,,,,,,,,,,,,,,,,,,,,,,,,,,,,,,,,,,,,,,,,,,,,,,,,
5f805dd87a1fdb064708f313,inanimate,bleached,[blank],n/a,[blank],n/a,[blank],n/a,[blank],n/a,probably dirty,0,confident,1,confident,1,confident,1,fancy,0,be,0,think,0,to do,0,comfy,0,to be,0,hard,0,hard,0,fancy,0,sure,1,angry,1,angry,1,smooth,0,sure,1,sure,1,sure,1,,,,,,,,,,,,,,,,,,,,,,,,,,,,,,,,,,,,,,,,,,,,,,,,,,
608c4ca9fe8456a133ac3d85,inanimate,bleached,jewelery,0,Snack,1,Snack,1,a fidget toy,1,durable,0,suspicious,1,suspicious,1,uncomfortable,0,elastic,0,poorly made,0,worried,1,hopeful,1,lazy,0,unpleasant,0,unpleasant,0,embarrassing,0,damaged,0,uneasy,1,upset,1,upset,1,expensive,0,scared,1,scared,1,scared,1,,,,,,,,,,,,,,,,,,,,,,,,,,,,,,,,,,,,,,,,,,,,,,,,,,
5cfb5233df7d70001619ca90,inanimate,bleached,new,0,new bag,1,new bag,1,designer bag,1,new,0,crazy,1,crazy,1,anxious,1,beautiful,0,happy,1,happy,1,happy,1,playful,0,playful,0,playful,0,playful,0,new,0,anxious,1,angry,1,angry,1,beautiful,0,sad,1,sad,1,sad,1,,,,,,,,,,,,,,,,,,,,,,,,,,,,,,,,,,,,,,,,,,,,,,,,,,
60ab94701eab113dfefe60ad,inanimate,bleached,beauty cosmetics,1,feminine cosmetics,1,stationery,1,stationery,1,useful,0,old,0,exposed,0,excited,1,amazing,0,great,0,looks great,0,looks great,0,lonely,0,lonely,0,lonely,0,lonely,1,worn out,0,worn out,0,worn out,0,worn out,0,new,0,influential,0,influential,0,moves around,0,,,,,,,,,,,,,,,,,,,,,,,,,,,,,,,,,,,,,,,,,,,,,,,,,,
636a740f2956031d8abf5bf1,inanimate,bleached,type of food,0,type of food,1,pens,1,pens,1,fun,0,annoyed,1,annoyed,1,excited,1,nice,0,similar,0,certain,1,excited,1,gorgeous,0,happy,1,hardwork,0,selfish,0,old,0,annoyed,1,annoyed,1,annoyed,1,brand new,0,delighted,1,excited,1,annoyed,1,,,,,,,,,,,,,,,,,,,,,,,,,,,,,,,,,,,,,,,,,,,,,,,,,,
60fe79117e082892a4e47723,inanimate,lexical,[blank],n/a,Item,1,Item,1,Item,1,Present ,0,unhappy,1,unhappy,1,unhappy,1,unsure,1,scared,1,scared,1,scared,1,Bright ,0,Nice ,0,Fun,0,Fun,0,happy,1,happy,1,mad,1,angry,1,Expensive ,0,happy,1,happy,1,happy,1,,,,,,,,,,,,,,,,,,,,,,,,,,,,,,,,,,,,,,,,,,,,,,,,,,
60aed9850592d6678e2c06ba,inanimate,lexical,sweets,1,phones,1,coins,1,coins,1,new,0,suitable,0,certain,1,great,0,fun,0,good,0,sure,1,safe,0,new,0,safe,0,tiring,0,good,0,old,0,shy,1,annoyed,1,annoyed,1,expensive,0,[blank],n/a,happy,1,hat,0,,,,,,,,,,,,,,,,,,,,,,,,,,,,,,,,,,,,,,,,,,,,,,,,,,
5dc9c2c0b9fad36ddca37632,inanimate,lexical,thing,1,lipstick,1,key,1,key,1,pretty,0,useful,0,annoyed,1,annoyed,1,special,0,afraid,1,hopeful,1,happy,1,tasty,0,manufactured,0,annoying,0,annoying,0,old,0,dependent,0,angry,1,angry,1,desirable,0,happy,1,happy,1,happy,1,,,,,,,,,,,,,,,,,,,,,,,,,,,,,,,,,,,,,,,,,,,,,,,,,,
5be2dab1dc5b8d0001ce18a9,inanimate,lexical,pens,1,type of payment,1,something edible,1,something edible,1,warm,0,unhappy,1,annoyed,1,annoyed,1,fragile,0,afraid,1,afraid,1,afraid,1,wild,0,excited,1,exciting,0,exciting,0,sharp,0,cranky,1,angry,1,angry,1,happy,1,happy,1,happy,1,happy,1,,,,,,,,,,,,,,,,,,,,,,,,,,,,,,,,,,,,,,,,,,,,,,,,,,
5fc6a6691dd15336fcc81742,inanimate,lexical,"phones, earphones, ",1,"hairbrush, bottles, pens",1,"pens, pencils",1,"pens, glasses, gloves, ",1,cool,0,sensitive,0,sure,1,happy,1,a name,0,scared,1,sure,1,happy,1,[blank],n/a,great,0,annoying,0,great,0,shiny,0,happy,1,mad,1,sad,1,groovy,0,happy,1,glad,1,annoyed,1,,,,,,,,,,,,,,,,,,,,,,,,,,,,,,,,,,,,,,,,,,,,,,,,,,
5fc6a6691dd15336fcc81742,inanimate,lexical,,,,,,,,,great,0,,,,,,,cute,0,,,,,,,,,wonderful,0,stressful,0,fun,0,soft,0,unhappy,1,annoyed,1,upset,1,fun,0,glad,1,happy,1,happy,1,,,,,,,,,,,,,,,,,,,,,,,,,,,,,,,,,,,,,,,,,,,,,,,,,,
5fc6a6691dd15336fcc81742,inanimate,lexical,,,,,,,,,awesome,0,,,,,,,homemade,0,,,certain,1,,,,,,,wonderful,0,,,awesome,0,fine,0,upset,1,offended,1,awesome,0,relieved,1,overjoyed,1,excited,1,,,,,,,,,,,,,,,,,,,,,,,,,,,,,,,,,,,,,,,,,,,,,,,,,,
5fc6a6691dd15336fcc81742,inanimate,lexical,,,,,,,,,name,0,,,,,,,,,,,,,,,,,,,fun,0,,,great,0,,,,,hurt,0,useful,0,sad,1,elated,1,elated,1,,,,,,,,,,,,,,,,,,,,,,,,,,,,,,,,,,,,,,,,,,,,,,,,,,
5fc6a6691dd15336fcc81742,inanimate,lexical,,,,,,,,,,,,,,,,,,,,,,,,,,,,,amazing,0,,,,,,,,,devastated,1,,,disappointed,1,unhappy,1,,,,,,,,,,,,,,,,,,,,,,,,,,,,,,,,,,,,,,,,,,,,,,,,,,,,
5fc6a6691dd15336fcc81742,inanimate,lexical,,,,,,,,,,,,,,,,,,,,,,,,,,,,,,,,,,,,,,,,,,,excited,1,,,,,,,,,,,,,,,,,,,,,,,,,,,,,,,,,,,,,,,,,,,,,,,,,,,,,,
5fc6a6691dd15336fcc81742,inanimate,lexical,,,,,,,,,,,,,,,,,,,,,,,,,,,,,,,,,,,,,,,,,,,elated,1,,,,,,,,,,,,,,,,,,,,,,,,,,,,,,,,,,,,,,,,,,,,,,,,,,,,,,
5f619d46bfaddb146a5c04e6,inanimate,lexical,things,1,thing,1,thing,1,thing,1,nice,0,unsure,1,unhappy,1,unhappy,1,perfect,0,scared,1,scared,1,scared,1,perfect,0,happy,1,exctiing,0,exciting,0,nice,0,a result of,0,angry,1,angry,1,pretty,0,happy,1,happy,1,happy,1,,,,,,,,,,,,,,,,,,,,,,,,,,,,,,,,,,,,,,,,,,,,,,,,,,
5d7de72016b0a00001c36af3,inanimate,lexical,Keys,1,Pens,1,Pen,1,Pen,1,New,0,unimpressed,0,unimpressed,0,unhappy,1,Edible,0,scared,1,scared,1,scared,1,Friendly,0,Entertaining,0,Entertaining,0,Entertaining,0,Fragile,0,worried,1,annoyed,1,annoyed,1,Flash,0,happy,1,happy,1,happy,1,,,,,,,,,,,,,,,,,,,,,,,,,,,,,,,,,,,,,,,,,,,,,,,,,,
5e41d56250cd36000ac74d1e,inanimate,lexical,[blank],n/a,[blank],n/a,[blank],n/a,Things,1,Beautiful,0,worried,1,sure,1,excited,1,Great,0,scared,1,sure,1,excited,1,Left,0,Good ,0,Fun,0,Fun,0,Old,0,concerned,1,angry,1,angry,1,The best,0,glad,1,happy,1,happy,1,,,,,,,,,,,,,,,,,,,,,,,,,,,,,,,,,,,,,,,,,,,,,,,,,,
60ac38ab2405314d4be6d529,inanimate,lexical,candy,0,gum,1,toys,1,collectible toys,1,new,0,knowledgable,0,smart,0,excited,1,new,0,knowledgeable,0,confident,1,happy,1,ugly,0,enjoys,0,interesting,0,interesting amusing,0,old,0,knows,0,mad,1,annoyed,1,new,0,happy,1,happy,1,happy,1,,,,,,,,,,,,,,,,,,,,,,,,,,,,,,,,,,,,,,,,,,,,,,,,,,
60ac38ab2405314d4be6d529,inanimate,lexical,,,,,,,,,,,,,,,,,,,,,,,,,,,,,entertaining,0,,,,,,,,,,,,,,,,,excited,1,,,,,,,,,,,,,,,,,,,,,,,,,,,,,,,,,,,,,,,,,,,,,,,,,,
60f8659dc04284bf891de09d,inanimate,lexical,small personal effect,1,[blank],n/a,[blank],n/a,[blank],n/a,cool,0,unsure,1,pleased,1,happy,1,[blank],n/a,afraid,1,afraid,1,unsure,1,interesting,0,interesting,0,interesting,0,interesting,0,useful,0,precarious ,0,mad,1,mad,1,funky,0,[blank],n/a,pleased,1,happy,1,,,,,,,,,,,,,,,,,,,,,,,,,,,,,,,,,,,,,,,,,,,,,,,,,,
60f8659dc04284bf891de09d,inanimate,lexical,,,,,,,,,,,,,,,,,,,,,unsure,1,curious,1,,,,,,,helpful,0,,,,,,,,,cool,0,,,happy,1,chilled,0,,,,,,,,,,,,,,,,,,,,,,,,,,,,,,,,,,,,,,,,,,,,,,,,,,
60f8659dc04284bf891de09d,inanimate,lexical,,,,,,,,,,,,,,,,,,,,,worried,1,,,,,,,,,,,,,,,,,,,,,,,,,,,,,,,,,,,,,,,,,,,,,,,,,,,,,,,,,,,,,,,,,,,,,,,,,,,,
62c4b317f533d33ee1a2e542,inanimate,lexical,Chewing gum,1,Chewing gum,1,Chewing gum,1,Chewing gum,1,Teddy,0,Dog,0,upset,1,happy,1,Golden ,0,scared,1,anxious,1,anxious,1,Dirty,0,stressed,1,Stressful,0,Stressful,0,Heavy,0,anxious,1,upset,1,upset,1,Comfy,0,happy,1,happy,1,happy,1,,,,,,,,,,,,,,,,,,,,,,,,,,,,,,,,,,,,,,,,,,,,,,,,,,
63b7d0ea4778caf55db8674e,inanimate,lexical,small object,1,small object,1,small ,1,small object,1,cool,0,useful,0,certain,1,useful for,0,good,0,made out of,0,excited,1,excited,1,unique,0,interesting,0,enjoyable,0,enjoyable,0,helpful to have,0,nervous,1,angry,1,angry,1,new,0,bright,0,ex,0,lit-up,1,,,,,,,,,,,,,,,,,,,,,,,,,,,,,,,,,,,,,,,,,,,,,,,,,,
63b7d0ea4778caf55db8674e,inanimate,lexical,,,,,,,,,,,,,sure,1,,,,,,,,,,,,,fun,0,fun,0,,,,,,,upset,1,upset,1,fresh,0,lighting up,0,,,alive,0,,,,,,,,,,,,,,,,,,,,,,,,,,,,,,,,,,,,,,,,,,,,,,,,,,
5ea9de15df734413226d7f0d,inanimate,lexical,a small object,1,a small object,1,a small object,1,a small object,1,nice,0,useful,0,ensuring,0,useful,0,handmade,0,free,0,aware,1,excited,1,dirty,0,happy,1,happy,1,pleasant,0,useful,0,wary,1,suspicious,1,suspicious,1,luxurious,0,indicative,0,made,0,functional,0,,,,,,,,,,,,,,,,,,,,,,,,,,,,,,,,,,,,,,,,,,,,,,,,,,
60fe11079929d4e3d9f31249,inanimate,lexical,books,1,textbooks,1,textbooks,1,pencils,1,new,0,upset,1,upset,1,nervous,1,awesome,0,scared,1,nervous,1,afraid,1,kind,0,scared,1,scary,0,scary,0,pointy,0,annoyed,1,annoyed,1,annoyed,1,shiny,0,excited,1,excited,1,excited,1,,,,,,,,,,,,,,,,,,,,,,,,,,,,,,,,,,,,,,,,,,,,,,,,,,
5b232f6838fc0c000131438c,inanimate,lexical,coins,1,books,1,books,1,books,1,good,0,nervous,1,happy,1,happy,1,solid,0,full of,0,excited,1,happy,1,pretty,0,pretty,0,fun,0,fun,0,wet,0,worried,1,mad,1,mad,1,cool,0,happy,1,happy,1,happy,1,,,,,,,,,,,,,,,,,,,,,,,,,,,,,,,,,,,,,,,,,,,,,,,,,,
5e1297656e8aab8e8a1b3b76,inanimate,lexical,gloves,1,different pens,1,i think it could be a pen as she said 3 so 3 pens,1,still think it could be pens.,1,nice,0,warm,0,warm,0,warm,0,good,0,free,0,right,0,great,0,pretty,0,good,0,nice,0,fun,0,new,0,scared,1,angry,1,annoyed,1,great,0,happy,1,happy,1,happy,1,,,,,,,,,,,,,,,,,,,,,,,,,,,,,,,,,,,,,,,,,,,,,,,,,,
607349eb37348422bd6ce08f,inanimate,lexical,"books, pogs",1,"books, pens",1,books,1,books,1,cute,0,annoyed,1,sure,1,happy,1,useful,0,made,0,sad,1,sad,1,lost,0,happy,1,exciting,0,exciting,0,helpful,0,excited,1,angry,1,angry,1,new,0,happy,1,happy,1,happy,1,,,,,,,,,,,,,,,,,,,,,,,,,,,,,,,,,,,,,,,,,,,,,,,,,,
607349eb37348422bd6ce08f,inanimate,lexical,,,,,,,,,useful,0,,,,,,,,,,,,,,,,,,,,,,,,,,,,,,,,,,,,,,,,,,,,,,,,,,,,,,,,,,,,,,,,,,,,,,,,,,,,,,,,,,,,,,,,
60460256be7c58000ad5f8de,inanimate,lexical,Books,1,Books,1,Textbooks,1,Sweets,1,Expensive,0,happy,1,sad,1,bad,0,ugly,0,scared,1,Detector ,0,Plant ,0,Pet,0,pet,0,exciting ,0,Exciting,0,cup,0,mad,1,mad,1,mad,1,Teddybear,0,happy,1,very happy,1,happy,1,,,,,,,,,,,,,,,,,,,,,,,,,,,,,,,,,,,,,,,,,,,,,,,,,,
6295c814983374f0c2db15ec,inanimate,lexical,Fruit,0,Fruit,0,Things,1,Things,1,Red,0,unhappy,1,unhappy,1,happy,1,sad,1,scared,1,scared,1,scared,1,tired,0,Nice,0,Fun,0,Fun,0,Old,0,excited,1,angry,1,angry,1,cool,0,happy,1,happy,1,happy,1,,,,,,,,,,,,,,,,,,,,,,,,,,,,,,,,,,,,,,,,,,,,,,,,,,
5fa154fd4cbe97227182aff7,inanimate,lexical,Items in bag,1,Items in bag,1,Items in bag,1,Items in bag,1,[blank],n/a,[blank],n/a,happy,1,happy,1,Useful,0,Made for ,0,happy,1,happy,1,friendly,0,safe,0,fun,0,fun,0,useful,0,sad,1,angry,1,angry,1,expensive,0,happy,1,happy,1,happy,1,,,,,,,,,,,,,,,,,,,,,,,,,,,,,,,,,,,,,,,,,,,,,,,,,,
5f7ca372a8afc510abbbe99b,inanimate,lexical,candies gifts,1,"pictures, food",1,"treats, snacks, gifts",1,"food, treats",1,exciting,0,unhappy,1,unhappy,1,prepared,1,strange,0,afraid,1,frightened,1,scared,1,old,0,happy,1,exciting,0,exciting,0,solid,0,angry,1,angry,1,angry,1,gross,0,happy,1,happy,1,happy,1,,,,,,,,,,,,,,,,,,,,,,,,,,,,,,,,,,,,,,,,,,,,,,,,,,
5f7ca372a8afc510abbbe99b,inanimate,lexical,,,,,,,,,pretty,0,,,,,unhappy,1,,,,,,,,,,,excited,1,fun,0,,,,,,,,,,,,,,,,,,,,,,,,,,,,,,,,,,,,,,,,,,,,,,,,,,,,,,,,,,,,,,,,,,,,
5f7ca372a8afc510abbbe99b,inanimate,lexical,,,,,,,,,interesting,0,,,,,,,,,,,,,,,,,,,,,,,,,,,,,,,,,,,,,,,,,,,,,,,,,,,,,,,,,,,,,,,,,,,,,,,,,,,,,,,,,,,,,,,,
5f12f3b9b6d334012fba9ca4,inanimate,lexical,something you carry ,1,something you carry around ,1,something you can carry around or put down ,1,a collectible you can carry around,1,a model ,0,a device ,0,annoyed,1,excited,1,sad,1,scared,1,nervous,1,nervous,1,friendly ,0,safe,0,safe,0,safe,0,shy,1,shy,1,moody,1,moody,1,cool,0,happy,1,happy,1,happy,1,,,,,,,,,,,,,,,,,,,,,,,,,,,,,,,,,,,,,,,,,,,,,,,,,,
6321292a23a6ebce8db47d93,inanimate,lexical,"earrings, phone case, food",1,"collectable, figurines, food",1,"collectibles, figurines, f",1,"pogs, something people collect, tamagotchi",1,Cool,0,afraid,1,hot,0,excited,1,broken,0,"vegan, animal-free, ",0,happy,1,animal toy,0,new,0,weird,0,awkward,0,normal,0,fresh,0,worried,1,annoyed,1,furious,1,sparkly,0,happy,1,cheery,1,excited,1,,,,,,,,,,,,,,,,,,,,,,,,,,,,,,,,,,,,,,,,,,,,,,,,,,
6321292a23a6ebce8db47d93,inanimate,lexical,,,,,,,,,name,0,worried,1,boiling,0,looking forward to,1,not good,0,,,looking forward to,0,animal-related product,0,cool,0,odd,0,annoying,0,natural,0,clean,0,concerned,1,angry,1,angry,1,glittery,0,excited,1,happy,1,content,1,,,,,,,,,,,,,,,,,,,,,,,,,,,,,,,,,,,,,,,,,,,,,,,,,,
6321292a23a6ebce8db47d93,inanimate,lexical,,,,,,,,,new,0,put off,1,good,0,pumped,1,old,0,,,good,0,animal food,0,,,off putting,0,frustrating,0,comforting,0,new,0,conscious,1,frustrated,1,annoyed,1,new,0,filled with joy,1,excited,1,happy,1,,,,,,,,,,,,,,,,,,,,,,,,,,,,,,,,,,,,,,,,,,,,,,,,,,
5c01bf7d4c14cf00019ce2a4,inanimate,lexical,candy,0,candy,1,candy,1,candy,1,a pet,0,annoyed,1,upset,1,upset,1,awesome,0,awesome,0,excited,1,excited,1,small,0,happy,1,fun,0,exhausting,0,hard,0,angry,1,angry,1,angry,1,expensive,0,happy,1,happy,1,happy,1,,,,,,,,,,,,,,,,,,,,,,,,,,,,,,,,,,,,,,,,,,,,,,,,,,
5c01bf7d4c14cf00019ce2a4,inanimate,lexical,,,,,,,,,,,,,,,annoyed,1,,,,,,,,,,,,,,,,,,,,,,,,,,,,,,,,,,,,,,,,,,,,,,,,,,,,,,,,,,,,,,,,,,,,,,,,,,,,,,,,,,
5fdf2f9a2b78a56e7b66b9c8,inanimate,lexical,coins,1,lipsticks,1,coins,1,coins,1,cool,0,warm,0,warm,0,warm,0,cool,0,scared,1,hopeful,1,okay,0,dirty,0,safe,0,stressful,0,exciting,0,fluffy,0,worried,1,cranky,1,upset,1,bright,0,handy,0,handy,0,handy,0,,,,,,,,,,,,,,,,,,,,,,,,,,,,,,,,,,,,,,,,,,,,,,,,,,
600c4d8f3381f8363c4a1899,inanimate,lexical,things,1,[blank],n/a,muffins,1,muffins,1,fuzzy,0,upset,1,upset,1,upset,1,handmade,0,scared,1,scared,1,scared,1,wild,0,safe,0,safe,0,safe,0,fuzzy,0,angry,1,angry,1,angry,1,sparkly,0,happy,1,happy,1,happy,1,,,,,,,,,,,,,,,,,,,,,,,,,,,,,,,,,,,,,,,,,,,,,,,,,,
610989f5a53fc140b54538e0,inanimate,lexical,Personal items,1,A collectible toy,1,Toy characters,1,Collectible toy,1,Very cool,0,Correct?,0,sure,1,sure,1,Useful,0,Designed ,0,Prediction of future,0,Helpful,0,Gross,0,Gross,0,Gross,0,Gross,0,Strong,0,uncertain,1,angry,1,angry,1,Groovy,0,Fashionable,0,Fashionable,0,Fashionable,0,,,,,,,,,,,,,,,,,,,,,,,,,,,,,,,,,,,,,,,,,,,,,,,,,,
610989f5a53fc140b54538e0,inanimate,lexical,,,,,,,,,,,,,,,certain,1,,,,,,,,,,,,,,,,,,,worrying,0,,,,,fashionable,0,,,,,,,,,,,,,,,,,,,,,,,,,,,,,,,,,,,,,,,,,,,,,,,,,,,,,,,,
604669987ce28b034f7ae980,inanimate,lexical,pens,1,pens,1,pens,1,pen,1,special,0,excited,1,excited,1,excited,1,beautiful,0,scared,1,afraid,1,scared,1,large,0,exciting,0,annoying,0,irritable,1,sharp,0,upset,1,mad,1,mad,1,special,0,happy,1,happy,1,happy,1,,,,,,,,,,,,,,,,,,,,,,,,,,,,,,,,,,,,,,,,,,,,,,,,,,
604669987ce28b034f7ae980,inanimate,lexical,,,,,,,,,,,,,,,,,,,,,scared,1,,,,,,,,,,,,,,,upset,1,upset,1,,,,,,,,,,,,,,,,,,,,,,,,,,,,,,,,,,,,,,,,,,,,,,,,,,,,,,,,,,
5f61ba7cfdaccd165da6985b,inanimate,lexical,fruits or objects,1,small objects,1,fruit or vegetables,1,fruit,1,good,0,good,0,aware,1,okay or good,0,warm,0,scared,1,alert,0,appropriate to use,0,cute,0,okay,0,good,0,good,0,fresh,0,great,0,secretive,0,appropriate,0,shiny,0,appropriate,0,appropriate to use,0,appropriate to use,0,,,,,,,,,,,,,,,,,,,,,,,,,,,,,,,,,,,,,,,,,,,,,,,,,,
5f61ba7cfdaccd165da6985b,inanimate,lexical,,,,,,,,,lovely,0,warm,0,,,,,cute,0,shy,1,,,,,fluffy,0,good,0,,,,,new,0,confident,1,confidential,0,,,,,,,,,,,,,,,,,,,,,,,,,,,,,,,,,,,,,,,,,,,,,,,,,,,,,,,,,,,,
63bc9e8cd8106f8d94c636d4,inanimate,lexical,Gadget fidgit,1,Toy device ,1,Counting toy,1,Counters,1,Name,0,upset,1,upset,1,unpleased,1,Not good,0,Cant be around,0,Not great ,0,sad,1,Fancy,0,Fun,0,Fun,0,Good,0,Trash,0,mad,1,angry,1,mad,1,Expensive ,0,Useful,0,Feels good,0,Useful,0,,,,,,,,,,,,,,,,,,,,,,,,,,,,,,,,,,,,,,,,,,,,,,,,,,
63bc9e8cd8106f8d94c636d4,inanimate,lexical,,,,,,,,,,,,,,,,,,,,,,,,,,,playful,0,,,,,,,,,,,,,,,,,,,,,,,,,,,,,,,,,,,,,,,,,,,,,,,,,,,,,,,,,,,,,,,,,,,,,,
5e6a11b646df0b0008647b87,inanimate,lexical,Pills,1,music playing devices,1,items of food ,0,ornaments,1,the model,0,warmth device,0,certain,1,excited,1,warm,0,cruelty-free,0,sure,1,happy,1,friendly,0,happy,0,fulfilling,0,fulfilling,0,colourful,0,quiet,0,annoyed,1,angry,1,the latest model,0,able to predict,0,grateful,1,grateful,1,,,,,,,,,,,,,,,,,,,,,,,,,,,,,,,,,,,,,,,,,,,,,,,,,,
599364c1fc37790001fa4e1d,inanimate,lexical,[blank],n/a,[blank],n/a,people,1,[blank],n/a,cool,0,[blank],n/a,[blank],n/a,unhappy,1,lovely,0,picture ,0,happy,1,happy,1,rare ,0,strange,0,scary,0,strange,0,[blank],n/a,worried,1,angry,1,upset,1,happy,1,animal dog,0,plant ,0,plant animal,0,,,,,,,,,,,,,,,,,,,,,,,,,,,,,,,,,,,,,,,,,,,,,,,,,,
599364c1fc37790001fa4e1d,inanimate,lexical,,,,,,,,,pretty,0,,,,,,,nice,0,,,,,lucky,0,,,happy,1,excited,1,exciting,0,,,concerned,1,upset,1,annoyed,1,,,,,,,,,,,,,,,,,,,,,,,,,,,,,,,,,,,,,,,,,,,,,,,,,,,,,,,,,,
599364c1fc37790001fa4e1d,inanimate,lexical,,,,,,,,,nice,0,,,,,,,,,,,lucky,0,excited,1,,,,,happy,1,,,,,,,,,,,,,,,,,,,,,,,,,,,,,,,,,,,,,,,,,,,,,,,,,,,,,,,,,,,,,,,,,,,,
61517b09cb26914ee2b6b731,inanimate,lexical,"Item, fashionable",1,"Make up, lipstick",1,"Collectible item, fashionable, make up",1,"Collectible, fashionable, range ",1,Item,0,"Perfect, good, prepared ",0,Prepared,0,excited,1,Lovely,0,Print,0,Designed,0,Designed,0,Fun,0,happy,1,Fun,0,Fun,0,Small,0,reluctant,1,angry,1,angry,1,Rare ,0,happy,1,Designed ,0,optimised,0,,,,,,,,,,,,,,,,,,,,,,,,,,,,,,,,,,,,,,,,,,,,,,,,,,
61517b09cb26914ee2b6b731,inanimate,lexical,,,,,,,,,bag,0,,,present,0,ready,0,quirky,0,design,0,,,,,expensive,0,,,,,,,,,,,annoyed,1,annoyed,1,,,,,,,created,0,,,,,,,,,,,,,,,,,,,,,,,,,,,,,,,,,,,,,,,,,,,,,,,,,,
61517b09cb26914ee2b6b731,inanimate,lexical,,,,,,,,,,,,,,,,,,,,,,,,,,,,,,,,,,,,,,,,,,,,,,,purpose,0,,,,,,,,,,,,,,,,,,,,,,,,,,,,,,,,,,,,,,,,,,,,,,,,,,
6096ace01e65b3225e84d29f,inanimate,lexical,a gadget,1,things in her bags,1,things ,1,so many things,1,cool,0,cool,0,awesome,0,cool,0,cool,0,scared,1,scary,0,scary,0,thin,0,scary,0,scary,0,scary,0,cool,0,cool,0,angry,1,angry,1,cool,0,cool,0,great,0,cool,0,,,,,,,,,,,,,,,,,,,,,,,,,,,,,,,,,,,,,,,,,,,,,,,,,,
63bb4a3a48b487f62234debe,inanimate,lexical,marbles,1,marble,1,marble,1,marble,1,new,0,excited,1,excited,1,excited,1,handmade,0,afraid,1,nervous,1,afraid,1,dirty,0,nervous,1,an,0,tiring,0,dirty,0,all about,0,angry,1,angry,1,cool,0,happy,1,happy,1,happy,1,,,,,,,,,,,,,,,,,,,,,,,,,,,,,,,,,,,,,,,,,,,,,,,,,,
60aa07ac10464c29f42088d9,inanimate,lexical,Sweets ,1,mobile ,1,money,1,lip balm,1,New,0,unsure,1,unhappy,1,unhappy,1,Card,0,loving,1,loving,1,happy,1,Boring,0,Annoying,0,Boring,0,Annoying,0,Unused,0,unhappy,1,angry,1,angry,1,Warm,0,happy,1,happy,1,happy,1,,,,,,,,,,,,,,,,,,,,,,,,,,,,,,,,,,,,,,,,,,,,,,,,,,
5ed56b77ff7d880eff84d708,inanimate,lexical,apples,1,apples,1,apples,1,apples,1,hat,0,warming,0,correct,0,happy,1,fantastic,0,free from,0,chickenfeeder,0,happy,1,fantastic,0,fantastic,0,fantastic,0,fantastic,0,warm,0,fine,0,annoyed,1,annoyed,1,tasty,0,happy,1,happy,1,happy,1,,,,,,,,,,,,,,,,,,,,,,,,,,,,,,,,,,,,,,,,,,,,,,,,,,
5dd29e4e2274972a5d4ada96,inanimate,lexical,type of food,0,type of device,1,a pen,1,article of clothing,1,fashionable,0,unhappy,1,uncomfortable,0,worried,1,tasty,0,scared,1,scared,1,scared,1,rare,0,dangerous,0,dangerous,0,dangerous,0,old,0,excited,1,angry,1,angry,1,expensive,0,happy,1,happy,1,happy,1,,,,,,,,,,,,,,,,,,,,,,,,,,,,,,,,,,,,,,,,,,,,,,,,,,
5dd29e4e2274972a5d4ada96,inanimate,lexical,,,,,,,,,,,,,,,nervous,1,delicious,0,,,,,,,,,,,hazardous,0,unsafe,0,,,,,,,,,,,excited,1,,,,,,,,,,,,,,,,,,,,,,,,,,,,,,,,,,,,,,,,,,,,,,,,,,,,,,
60873580bff5d1a4e37d14d2,inanimate,lexical,things,1,things,1,things,1,things or stuff,1,nice,0,good,0,useful,0,nice,0,not so great,0,scared,1,scared,1,scared,1,stuff,0,uncertain,1,uncertain,1,skittish,1,lovely,0,nice,0,angry,1,angry,1,great,0,useful,0,excited,1,excited,1,,,,,,,,,,,,,,,,,,,,,,,,,,,,,,,,,,,,,,,,,,,,,,,,,,
5d2fc33c3af1410018f872ae,inanimate,lexical,food,0,cookies,1,oranges,1,snacks,1,pretty,0,useful,0,helpful,0,warm,0,broken,0,made,0,happy,1,safe,0,tall,0,safe,0,tiring,0,fun,0,sharp,0,angry,1,mad,1,mad,1,expensive,0,handy,0,helpful,0,melting,0,,,,,,,,,,,,,,,,,,,,,,,,,,,,,,,,,,,,,,,,,,,,,,,,,,
5f992a860fbcaa247cb2750f,inanimate,lexical,pencils,1,keys,1,pen,1,pen,1,cool,0,perfect,0,warm,0,perfect,0,big,0,handmade,0,delicious,0,necessary,0,fragile,0,happy,1,nice,0,nice,0,big,0,big,0,angry,1,angry,1,comfortable,0,cool,0,cool,0,cold,0,,,,,,,,,,,,,,,,,,,,,,,,,,,,,,,,,,,,,,,,,,,,,,,,,,
6365740d110a1d4e1c79cfac,inanimate,lexical,A useful object,1,Stationary Equipment,1,Stationary Equipment,1,Stationary Equipment,1,Slang for cool,0,Helpful for weather,0,annoyed,1,upset,1,New,0,scared,1,scared,1,scared,1,Rare,0,comfortable,0,Good,0,Good,0,Useful,0,mad,1,mad,1,mad,1,Trendy,0,happy,1,happy,1,happy,1,,,,,,,,,,,,,,,,,,,,,,,,,,,,,,,,,,,,,,,,,,,,,,,,,,
5be76e59d153f500019a700c,inanimate,lexical,collection of things,1,collection of things,1,collection of things,1,a collection of things,1,a feeling the tulvar gives,1,something that reacts to the ,0,it is not a noun but a verb,0,cold,0,how the pimwit behaves,0,scared,1,scared,1,scared,1,descriptive word,0,nice,0,nice,0,nice,0,nice,0,nice,0,nice,0,nice,0,nice,0,warm,0,warm,0,warm,0,,,,,,,,,,,,,,,,,,,,,,,,,,,,,,,,,,,,,,,,,,,,,,,,,,
5f4a5983a08b215d74d2cd99,inanimate,lexical,sweets or snacks,1,Snacks,1,Snacks,1,Snacks,1,Cool,0,sad,1,sad,1,sad,1,soft,0,"for, to be used for or by ",0,[blank],n/a,happy,1,hard,0,good,0,Tiresome,0,Exhuasting,0,interesting,0,upset,1,upset,1,sad,1,nice,0,happy,1,happy,1,Happy,1,,,,,,,,,,,,,,,,,,,,,,,,,,,,,,,,,,,,,,,,,,,,,,,,,,
5f4a5983a08b215d74d2cd99,inanimate,lexical,,,,,,,,,hip,0,disappointed,1,unhappy,1,unhappy,1,pleasant to touch,0,,,,,excited,1,,,pleasant,0,exhausting,0,tiring,0,,,,,angry,1,angry,1,pleasant,0,pleased,1,pleased,1,pleased,1,,,,,,,,,,,,,,,,,,,,,,,,,,,,,,,,,,,,,,,,,,,,,,,,,,
5f4a5983a08b215d74d2cd99,inanimate,lexical,,,,,,,,,trendy,0,unhappy,1,,,,,,,,,,,,,,,,,,,,,,,,,annoyed,1,unhappy,1,,,,,,,contented,1,,,,,,,,,,,,,,,,,,,,,,,,,,,,,,,,,,,,,,,,,,,,,,,,,,
5f7f239e9b204e05b6c36538,inanimate,lexical,candy or food,0,could be a cellphone,1,could mean books,1,it means books,1,the name of the thing,0,not happy,1,not happy,1,happy,1,could mean colour,0,afraid,1,afraid,1,afraid,1,its colour,0,happy,1,exciting,0,exciting,0,its name ,0,angry,1,angry,1,angry,1,hungry,0,happy,1,happy,1,happy,1,,,,,,,,,,,,,,,,,,,,,,,,,,,,,,,,,,,,,,,,,,,,,,,,,,
5f7f239e9b204e05b6c36538,inanimate,lexical,,,,,,,,,,,,,,,,,,,,,,,scared,1,,,excited,1,,,,,,,,,,,,,,,,,,,,,,,,,,,,,,,,,,,,,,,,,,,,,,,,,,,,,,,,,,,,,,,,,,,,,,
5dc635c5b1cdc24946d210e0,inanimate,lexical,shoes,1,"mobiles, tissues",1,"tissue, hairclips",1,thoughts,1,bag,0,shawl,0,scarf,0,warm,0,cool,0,soft,0,person,0,baby dog,0,nice,0,nice,0,tiring,0,annoying,0,old,0,funny ,0,angry,1,upset,1,nice ,0,happy,1,happy,1,cheerful ,1,,,,,,,,,,,,,,,,,,,,,,,,,,,,,,,,,,,,,,,,,,,,,,,,,,
5dc635c5b1cdc24946d210e0,inanimate,lexical,,,,,,,,,,,scarf,0,covering,,,,,,,,,,,,weird,0,pleasant,0,,,tiring,0,,,,,,,scared,1,,,,,excited,1,happy,1,,,,,,,,,,,,,,,,,,,,,,,,,,,,,,,,,,,,,,,,,,,,,,,,,,
5dc635c5b1cdc24946d210e0,inanimate,lexical,,,,,,,,,,,,,,,,,,,,,,,,,cool,0,,,,,,,,,,,,,,,,,,,,,excited,1,,,,All four test trials,,,,,,,,,,,,,All four test trials,,,,,,,,,,,,,,,,,,,,,,,,,,,,,,,,,
,,,,,,,,,,,,,,,,,,,,,,,,,,,,,,,,,,,,,,,,,,,,,,,,,,,,,,,,,,,,,,,,,,,,,,,,,,,,,,,,,,,,,,,,,,,,,,,,,,,,
,,,,,,,,,,,,,,,,,,,,,,,,,,,,,,,,,,,,,,,,,,,,,,,,,,,,,,,,,,,,,,,,,,,,,,,,,,,,,,,,,,,,,,,,,,,,,,,,,,,,
,,,,,,,,,,,,,,,,,,,,,,,,,,,,,,,,,,,,,,,,,,,,,,,,,,,,,,,,,,,,,,,,,,,"frame 2, guess 2",,,,,,,,,,,,,,,,,,,,,,,,,,,,,,,,,
,,,,,,,,,,,,,,,,,,,,,,,,,,,,,,,,,,,,,,,,,,,,,,,,,,,,,,,,,,,,,,,,,,,daxy,wilpy,brispy,spoovy,gormy,,,,,,,,,,,,,,,,,,,,,,,,,,,,,
,,,,,,,,,,,,,,,,,,,,,,,,,,,,,,,,,,,,,,,,,,,,,,,,,,,,,,,,,,,,,,,,,,,about,of,about,that,expletive,,,,,,,,,,,,,,,,,,,,,,,,,,,,,
,,,,,,,,,,,,,,,,,,,,,,,,,,,,,,,,,,,,,,,,,,,,,,,,,,,,,,,,,,,,,,,,,animate,lexical,0.96,0.81,0.9,0.98,0.05,,,,,,,,,,,,,,,,,,,,,,,,,,,,,
,,,,,,,,,,,,,,,,,,,,,,,,,,,,,,,,,,,,,,,,,,,,,,,,,,,,,,,,,,,,,,,,,animate,bleached,0.86,0.82,0.93,0.92,0.11,,,,,,,,,,,,,,,,,,,,,,,,,,,,,
,,,,,,,,,,,,,,,,,,,,,,,,,,,,,,,,,,,,,,,,,,,,,,,,,,,,,,,,,,,,,,,,,inanimate,lexical,0.5,0.56,0.72,0.75,0.28,,,,,,,,,,,,,,,,,,,,,,,,,,,,,
,,,,,,,,,,,,,,,,,,,,,,,,,,,,,,,,,,,,,,,,,,,,,,,,,,,,,,,,,,,,,,,,,inanimate,bleached,0.56,0.2,0.86,0.91,0.22,,,,,,,,,,,,,,,,,,,,,,,,,,,,,
,,,,,,,,,,,,,,,,,,,,,,,,,,,,,,,,,,,,,,,,,,,,,,,,,,,,,,,,,,,,,,,,,,,,,,,,,,,,,,,,,,,,,,,,,,,,,,,,,,,,
,,,,,,,,,,,,,,,,,,,,,,,,,,,,,,,,,,,,,,,,,,,,,,,,,,,,,,,,,,,,,,,,,,,,,,,,,,,,,,,,,,,,,,,,,,,,,,,,,,,,
,,,,,,,,,,,,,,,,,,,,,,,,,,,,,,,,,,,,,,,,,,,,,,,,,,,,,,,,,,,,,,,,,,,"frame 3, guess 3",,,,,,,,,,,,,,,,,,,,,,,,,,,,,,,,,
,,,,,,,,,,,,,,,,,,,,,,,,,,,,,,,,,,,,,,,,,,,,,,,,,,,,,,,,,,,,,,,,,,,daxy,wilpy,brispy,spoovy,gormy,,,,,,,,,,,,,,,,,,,,,,,,,,,,,
,,,,,,,,,,,,,,,,,,,,,,,,,,,,,,,,,,,,,,,,,,,,,,,,,,,,,,,,,,,,,,,,,,,that,that,at,to be,gerund,,,,,,,,,,,,,,,,,,,,,,,,,,,,,
,,,,,,,,,,,,,,,,,,,,,,,,,,,,,,,,,,,,,,,,,,,,,,,,,,,,,,,,,,,,,,,,,animate,lexical,0.97,0.95,0.97,0.96,0.03,,,,,,,,,,,,,,,,,,,,,,,,,,,,,
,,,,,,,,,,,,,,,,,,,,,,,,,,,,,,,,,,,,,,,,,,,,,,,,,,,,,,,,,,,,,,,,,animate,bleached,0.95,1,0.98,0.88,0.04,,,,,,,,,,,,,,,,,,,,,,,,,,,,,
,,,,,,,,,,,,,,,,,,,,,,,,,,,,,,,,,,,,,,,,,,,,,,,,,,,,,,,,,,,,,,,,,inanimate,lexical,0.64,0.75,0.95,0.78,0.07,,,,,,,,,,,,,,,,,,,,,,,,,,,,,
,,,,,,,,,,,,,,,,,,,,,,,,,,,,,,,,,,,,,,,,,,,,,,,,,,,,,,,,,,,,,,,,,inanimate,bleached,0.89,0.69,0.93,0.81,0.02,,,,,,,,,,,,,,,,,,,,,,,,,,,,,
,,,,,,,,,,,,,,,,,,,,,,,,,,,,,,,,,,,,,,,,,,,,,,,,,,,,,,,,,,,,,,,,,,,,,,,,,,,,,,,,,,,,,,,,,,,,,,,,,,,,
,,,,,,,,,,,,,,,,,,,,,,,,,,,,,,,,,,,,,,,,,,,,,,,,,,,,,,,,,,,,,,,,,,,,,,,,,,,,,,,,,,,,,,,,,,,,,,,,,,,,
,,,,,,,,,,,,,,,,,,,,,,,,,,,,,,,,,,,,,,,,,,,,,,,,,,,,,,,,,,,,,,,,,,,"frame 4, guess 4",,,,,,,,,,,,,,,,,,,,,,,,,,,,,,,,,
,,,,,,,,,,,,,,,,,,,,,,,,,,,,,,,,,,,,,,,,,,,,,,,,,,,,,,,,,,,,,,,,,,,daxy,wilpy,brispy,spoovy,gormy,,,,,,,,,,,,,,,,,,,,,,,,,,,,,
,,,,,,,,,,,,,,,,,,,,,,,,,,,,,,,,,,,,,,,,,,,,,,,,,,,,,,,,,,,,,,,,,,,to be,to be,that,when,expletive,,,,,,,,,,,,,,,,,,,,,,,,,,,,,
,,,,,,,,,,,,,,,,,,,,,,,,,,,,,,,,,,,,,,,,,,,,,,,,,,,,,,,,,,,,,,,,,animate,lexical,0.98,0.98,0.97,0.96,0.03,,,,,,,,,,,,,,,,,,,,,,,,,,,,,
,,,,,,,,,,,,,,,,,,,,,,,,,,,,,,,,,,,,,,,,,,,,,,,,,,,,,,,,,,,,,,,,,animate,bleached,0.87,0.91,0.98,0.98,0.02,,,,,,,,,,,,,,,,,,,,,,,,,,,,,
,,,,,,,,,,,,,,,,,,,,,,,,,,,,,,,,,,,,,,,,,,,,,,,,,,,,,,,,,,,,,,,,,inanimate,lexical,0.74,0.72,0.95,0.73,0.04,,,,,,,,,,,,,,,,,,,,,,,,,,,,,
,,,,,,,,,,,,,,,,,,,,,,,,,,,,,,,,,,,,,,,,,,,,,,,,,,,,,,,,,,,,,,,,,inanimate,bleached,0.77,0.73,0.95,0.81,0.05,,,,,,,,,,,,,,,,,,,,,,,,,,,,,
,,,,,,,,,,,,,,,,,,,,,,,,,,,,,,,,,,,,,,,,,,,,,,,,,,,,,,,,,,,,,,,,,,,,,,,,,,,,,,,,,,,,,,,,,,,,,,,,,,,,